Netid, Fid, DS_FF_xi_05_epsilon_e-4_c_5
7, 1, 41968
7, 3, 18284
7, 2, 1104384
7, 0, 773161
21, 2, 20148
21, 5, 185689
21, 4, 280126
21, 3, 19196
21, 0, 12654
21, 1, 14908
11, 5, 948330
11, 8, 16892
11, 6, 901292
11, 7, 1074657
11, 0, 850777
11, 3, 796235
11, 2, 16551
11, 1, 1039272
11, 4, 857290
20, 2, 1280073
20, 1, 920619
20, 11, 60864
20, 7, 11632
20, 12, 223029
20, 3, 1896250
20, 5, 3202994
20, 9, 1925376
20, 0, 204494
20, 8, 324129
20, 4, 1259455
20, 6, 48210
20, 10, 726855
23, 7, 41869
23, 9, 24776
23, 8, 971473
23, 11, 21841
23, 2, 36538
23, 10, 202831
23, 4, 1642433
23, 12, 1645860
23, 0, 16171
23, 5, 35487
23, 1, 1369462
23, 6, 202430
23, 3, 14608
33, 0, 1271027
33, 11, 542769
33, 1, 2440061
33, 3, 206477
33, 6, 14648
33, 9, 9872478
33, 8, 36889
33, 10, 2437097
33, 12, 14487
33, 5, 13843844
33, 2, 937100
33, 4, 5414756
33, 7, 1046014
1, 13, 4854285
1, 4, 4481135
1, 10, 544252
1, 14, 2380068
1, 2, 3507
1, 15, 2044
1, 8, 859223
1, 6, 18956
1, 7, 845287
1, 0, 16451
1, 16, 1612709
1, 3, 1276327
1, 9, 19312862
1, 5, 549522
1, 1, 22142
1, 11, 1258023
1, 12, 19647
5, 2, 2329133
5, 9, 1055982
5, 8, 3345062
5, 6, 397236
5, 4, 418536
5, 5, 37389546
5, 3, 39464
5, 15, 396264
5, 1, 1015958
5, 10, 291568
5, 11, 85991
5, 14, 11772
5, 7, 5990838
5, 12, 1005388
5, 13, 6812972
5, 0, 800884
5, 16, 73098
6, 23, 37445922
6, 3, 1866454
6, 0, 32839463
6, 13, 1702226
6, 25, 13843584
6, 26, 9405421
6, 6, 84539
6, 22, 16148913
6, 12, 17710845
6, 19, 5388378
6, 10, 34145544
6, 16, 67837928
6, 11, 1781475
6, 2, 304061
6, 9, 17804
6, 21, 8937902
6, 14, 17291578
6, 17, 1860664
6, 24, 1665678
6, 8, 196008
6, 7, 7940921
6, 20, 3592466
6, 18, 15379506
6, 15, 2343091
6, 1, 7532644
6, 5, 6134499
6, 4, 4639282
14, 22, 89989
14, 20, 11422708
14, 1, 41268
14, 3, 3047603
14, 5, 12194848
14, 11, 8766320
14, 9, 10106848
14, 18, 2194851
14, 19, 6566709
14, 21, 4519
14, 2, 6132054
14, 24, 1433862
14, 26, 8253518
14, 23, 910169
14, 7, 961175
14, 17, 897947
14, 10, 16125499
14, 16, 6570767
14, 6, 905350
14, 25, 893588
14, 4, 2428490
14, 15, 874863
14, 8, 923654
14, 12, 991342
14, 14, 1135733
14, 0, 1131695
14, 13, 10128738
16, 26, 12247586
16, 23, 2513099
16, 12, 5609763
16, 15, 5832612
16, 13, 13130034
16, 3, 6776975
16, 24, 191710
16, 21, 5778160
16, 14, 15305930
16, 16, 12191262
16, 6, 5793558
16, 5, 954973
16, 10, 59763
16, 17, 25598
16, 20, 5480069
16, 25, 2491268
16, 19, 8101022
16, 1, 7833710
16, 9, 3810043
16, 2, 11925664
16, 18, 3810855
16, 11, 1863028
16, 4, 14457
16, 22, 12544
16, 7, 5743544
16, 8, 9462047
16, 0, 5572543
2, 0, 10461262
2, 15, 28214810
2, 18, 10578493
2, 19, 1214129
2, 2, 33158451
2, 16, 1614391
2, 24, 2777044
2, 28, 166843
2, 11, 3356633
2, 27, 205816
2, 31, 1928220
2, 32, 17016632
2, 9, 27735389
2, 5, 869122
2, 25, 2833379
2, 30, 6043368
2, 23, 1776325
2, 17, 1063066
2, 6, 13349235
2, 13, 1987383
2, 22, 15074425
2, 8, 1333164
2, 12, 10410237
2, 26, 4321174
2, 10, 10824405
2, 21, 12846001
2, 3, 4301226
2, 29, 3044175
2, 20, 37319855
2, 14, 2871341
2, 7, 310563
2, 1, 143079
2, 4, 9897684
9, 42, 101576237
9, 0, 75170256
9, 30, 31311263
9, 17, 930767
9, 13, 143365995
9, 43, 739875358
9, 37, 8093868
9, 28, 42558411
9, 1, 98295
9, 18, 53382667
9, 38, 74073494
9, 2, 17323
9, 36, 30477468
9, 19, 18074
9, 26, 2976188
9, 21, 7027264
9, 8, 7588158
9, 34, 7742599
9, 41, 76067190
9, 10, 3138854
9, 11, 2243553
9, 14, 6217344
9, 25, 18577812
9, 45, 74866776
9, 32, 39093385
9, 39, 28223444
9, 33, 216687810
9, 29, 14049581
9, 22, 43321885
9, 20, 180279
9, 4, 105156369
9, 40, 16818009
9, 44, 1036757
9, 31, 1100217
9, 7, 885633
9, 9, 173739797
9, 3, 7040630
9, 16, 1033470
9, 24, 31569107
9, 6, 154941
9, 12, 234224639
9, 23, 11835523
9, 35, 48792738
9, 27, 25268104
9, 46, 74126605
9, 5, 14972243
9, 15, 33658110
15, 17, 26009
15, 61, 8849626
15, 41, 17205697
15, 73, 43718741
15, 59, 8868823
15, 29, 5147915
15, 18, 50814965
15, 33, 8799493
15, 37, 41217523
15, 8, 19296
15, 62, 23515124
15, 11, 7455089
15, 19, 8434787
15, 63, 31651099
15, 70, 11801971
15, 56, 98872971
15, 15, 8774306
15, 36, 8778573
15, 27, 10036576
15, 12, 3890875
15, 22, 43731744
15, 64, 21799232
15, 31, 7471739
15, 4, 8376759
15, 39, 22844094
15, 52, 8443413
15, 38, 37689309
15, 55, 2483974
15, 3, 2455010
15, 71, 210405
15, 48, 16822337
15, 69, 46412838
15, 32, 1210593
15, 30, 22637867
15, 0, 18497963
15, 16, 12577957
15, 51, 22326372
15, 66, 1461775
15, 40, 15740365
15, 34, 28283497
15, 24, 7759720
15, 50, 52920999
15, 25, 85474935
15, 47, 33167739
15, 54, 78523371
15, 42, 14891501
15, 13, 20575724
15, 44, 52437771
15, 43, 37643453
15, 53, 51357
15, 1, 61074157
15, 10, 127002510
15, 46, 15107888
15, 45, 11065968
15, 28, 21181752
15, 68, 19687678
15, 7, 14008784
15, 6, 17530006
15, 72, 19608227
15, 9, 7839330
15, 35, 58764832
15, 65, 105001539
15, 21, 7469316
15, 58, 11223655
15, 14, 24406497
15, 49, 13240592
15, 23, 3808711
15, 26, 7767515
15, 5, 41237862
15, 2, 2627323
15, 20, 49125933
15, 67, 15835143
15, 60, 64231066
15, 57, 1454882
26, 76, 15118347
26, 88, 52597542
26, 96, 45672679
26, 60, 3075847
26, 99, 3530228
26, 37, 4828767
26, 45, 3523104
26, 63, 17205937
26, 89, 19352567
26, 70, 75003603
26, 28, 73218632
26, 85, 19286
26, 10, 13863261
26, 42, 14650910
26, 25, 9963968
26, 50, 33250585
26, 4, 896393
26, 55, 12603836
26, 53, 15132244
26, 6, 30535345
26, 95, 10542226
26, 21, 12037752
26, 75, 20351883
26, 65, 10816701
26, 57, 80718283
26, 8, 41559195
26, 82, 67424952
26, 68, 13545132
26, 39, 2785111
26, 83, 3607834
26, 7, 90523645
26, 22, 21916593
26, 86, 11564404
26, 47, 2715248
26, 30, 19828
26, 23, 15429
26, 24, 15526754
26, 58, 23200383
26, 11, 23159927
26, 44, 13893907
26, 52, 63303724
26, 38, 31768932
26, 46, 4858012
26, 36, 14284502
26, 77, 22361366
26, 41, 1682609
26, 14, 29778585
26, 0, 71738923
26, 100, 69498115
26, 79, 54707242
26, 90, 3589631
26, 87, 4790805
26, 5, 1214871
26, 34, 19690774
26, 94, 13176851
26, 101, 21152468
26, 17, 22400912
26, 80, 3185853
26, 73, 120296
26, 35, 7874295
26, 71, 3098167
26, 40, 1045012
26, 33, 21251843
26, 62, 11323984
26, 72, 17152808
26, 43, 15098301
26, 66, 11551039
26, 56, 1798106
26, 92, 8045487
26, 31, 9590047
26, 61, 25412597
26, 81, 2438198
26, 29, 3544815
26, 98, 21080
26, 27, 200055921
26, 51, 39063
26, 49, 577314
26, 15, 58608728
26, 84, 41494913
26, 16, 4007025
26, 32, 12980824
26, 26, 23254004
26, 59, 1375653
26, 54, 25697611
26, 20, 12135938
26, 9, 34928284
26, 3, 1025695
26, 1, 1727974
26, 12, 17261962
26, 18, 25362453
26, 2, 83764723
26, 97, 17208592
26, 93, 15910555
26, 48, 6603940
26, 91, 14251590
26, 19, 54664041
26, 102, 20411365
26, 13, 36549678
26, 78, 13895852
26, 69, 1726863
26, 64, 37796580
26, 67, 34036240
26, 74, 5058979
34, 38, 4802337
34, 44, 15097118
34, 83, 17122
34, 24, 20731967
34, 23, 17663
34, 18, 2006367
34, 10, 17674
34, 9, 42355570
34, 19, 19371523
34, 100, 78008084
34, 0, 23005237
34, 43, 121098463
34, 1, 46236217
34, 60, 1582772
34, 31, 5712045
34, 41, 11841917
34, 68, 20946480
34, 22, 5788028
34, 56, 2780381
34, 66, 77920889
34, 2, 2889977
34, 95, 25402668
34, 97, 2131813
34, 57, 18080469
34, 89, 22228548
34, 45, 1104604
34, 79, 8080523
34, 73, 2759742
34, 48, 35814850
34, 27, 4074821
34, 82, 53105535
34, 51, 21700105
34, 15, 13849435
34, 33, 179626752
34, 94, 13853892
34, 46, 3882981
34, 26, 4740262
34, 36, 62884105
34, 78, 19250888
34, 34, 19270584
34, 17, 82565672
34, 67, 16822276
34, 59, 15427357
34, 30, 20870699
34, 80, 41296422
34, 70, 121398026
34, 25, 178647322
34, 7, 3944916
34, 92, 13887657
34, 39, 35182422
34, 54, 3109239
34, 76, 316665
34, 77, 43973
34, 63, 24053483
34, 20, 2461532
34, 87, 6307984
34, 32, 55746083
34, 21, 3193917
34, 96, 148683089
34, 65, 18214
34, 14, 27304579
34, 85, 3089912
34, 86, 17790033
34, 4, 58201784
34, 5, 2923009
34, 84, 726034
34, 64, 20024880
34, 90, 48709181
34, 35, 12494460
34, 37, 17529215
34, 12, 18078997
34, 88, 72609506
34, 69, 21353606
34, 61, 7672887
34, 101, 15187097
34, 53, 109748432
34, 102, 16606742
34, 74, 20641759
34, 81, 46517234
34, 91, 20586476
34, 75, 21071546
34, 50, 14437499
34, 3, 54073162
34, 29, 15983232
34, 11, 15150949
34, 99, 55332505
34, 13, 4786408
34, 98, 580560
34, 52, 18946
34, 40, 175704245
34, 58, 2945351
34, 47, 147116166
34, 55, 19423059
34, 42, 74291897
34, 6, 16417337
34, 71, 112788950
34, 62, 37707363
34, 8, 16036422
34, 72, 7940839
34, 28, 21391528
34, 16, 2852185
34, 49, 13124825
34, 93, 25991013
30, 10, 537268056
30, 43, 3660142
30, 87, 24845723
30, 21, 23358408
30, 89, 1819135
30, 51, 679952802
30, 9, 3780158
30, 68, 90488418
30, 47, 7602395
30, 31, 65215033
30, 52, 40347709
30, 24, 39111199
30, 29, 30080290
30, 73, 94032674
30, 18, 7757656
30, 80, 71176727
30, 101, 34014478
30, 112, 6804276
30, 102, 20547091
30, 107, 16460417
30, 76, 205766
30, 41, 5649838
30, 17, 46830102
30, 72, 1636814
30, 84, 12607493
30, 38, 20188
30, 58, 19665166
30, 49, 7744292
30, 86, 20971588
30, 28, 42193665
30, 3, 9715453
30, 95, 18864281
30, 106, 3811275
30, 77, 72827377
30, 97, 61187972
30, 13, 19176
30, 1, 16832897
30, 27, 85987476
30, 103, 54849760
30, 81, 51023836
30, 90, 34535
30, 12, 99068449
30, 109, 97252228
30, 22, 5772289
30, 39, 23019091
30, 20, 1013794
30, 92, 76686223
30, 96, 120575532
30, 44, 21601
30, 55, 35667
30, 37, 25244411
30, 23, 21216046
30, 2, 3747847
30, 48, 68477148
30, 7, 7760582
30, 25, 27972343
30, 33, 2535811
30, 26, 6792825
30, 40, 1617758
30, 30, 140606092
30, 63, 32167891
30, 14, 4539484
30, 16, 42104268
30, 111, 52212749
30, 5, 9693822
30, 57, 27109433
30, 71, 13866056
30, 42, 6794488
30, 4, 34730854
30, 65, 2617103
30, 108, 94932973
30, 6, 22176902
30, 11, 15775772
30, 98, 36619
30, 62, 268985
30, 74, 81743878
30, 35, 1517509
30, 93, 123985285
30, 8, 16308443
30, 32, 16552571
30, 94, 119497638
30, 54, 5072464
30, 53, 16389985
30, 19, 6798776
30, 88, 2612705
30, 61, 21435841
30, 85, 180272894
30, 60, 4010791
30, 56, 86493507
30, 79, 18588553
30, 34, 210856
30, 75, 1359763
30, 110, 58171608
30, 91, 12176503
30, 70, 27038130
30, 113, 6405056
30, 0, 57197680
30, 78, 4779405
30, 104, 25258416
30, 67, 33233
30, 100, 158757586
30, 45, 6804095
30, 46, 203795813
30, 15, 4449585
30, 99, 17960213
30, 82, 35996279
30, 83, 535023501
30, 36, 14682409
30, 59, 590870
30, 50, 9678093
30, 66, 1472064
30, 69, 43374473
30, 64, 21821393
30, 105, 20784787
31, 49, 10751938
31, 85, 6867846
31, 59, 30871668
31, 93, 19637632
31, 24, 2459898
31, 101, 7169472
31, 77, 17233959
31, 31, 41349261
31, 71, 9344456
31, 20, 119437936
31, 32, 30549553
31, 56, 2876440
31, 79, 14801332
31, 63, 6380139
31, 4, 59920912
31, 52, 15095254
31, 87, 24590113
31, 47, 50903460
31, 88, 2941564
31, 70, 16195580
31, 0, 10692487
31, 66, 82280296
31, 6, 22082775
31, 18, 4242254
31, 105, 2692305
31, 64, 5553518
31, 9, 14286596
31, 29, 2558493
31, 33, 24469106
31, 83, 18825
31, 1, 51545876
31, 96, 11745034
31, 54, 13338284
31, 62, 84125861
31, 90, 1038941
31, 11, 1580407
31, 28, 24416317
31, 89, 2619838
31, 58, 16418058
31, 72, 6681917
31, 36, 100085147
31, 94, 98802841
31, 19, 13556937
31, 50, 9296726
31, 17, 7513397
31, 7, 233288
31, 5, 18657062
31, 55, 7632863
31, 104, 88235487
31, 42, 9598653
31, 21, 20871982
31, 110, 1977223
31, 112, 2759761
31, 67, 16734883
31, 13, 5878298
31, 15, 86299903
31, 78, 28567029
31, 109, 46981417
31, 46, 27044540
31, 25, 997963
31, 100, 34258587
31, 95, 13348393
31, 102, 7289287
31, 41, 22063078
31, 76, 1919735
31, 48, 11072372
31, 81, 6307533
31, 80, 2627354
31, 53, 53785902
31, 91, 10527137
31, 86, 61304179
31, 22, 8471176
31, 106, 11516575
31, 98, 16378804
31, 16, 41686673
31, 68, 7379266
31, 69, 63317651
31, 27, 6695402
31, 23, 8581243
31, 43, 1513732
31, 26, 15885366
31, 97, 5250299
31, 99, 43558528
31, 14, 4765719
31, 107, 11347386
31, 73, 18559288
31, 30, 12916644
31, 34, 18085569
31, 40, 43522070
31, 57, 18783188
31, 61, 20148562
31, 113, 8569170
31, 38, 3514850
31, 92, 9578956
31, 10, 847261
31, 35, 82740049
31, 39, 20789366
31, 2, 11055379
31, 75, 6368858
31, 82, 90924176
31, 60, 12187954
31, 44, 9866015
31, 74, 1345367
31, 84, 6103360
31, 103, 11799607
31, 37, 1589224
31, 65, 8572045
31, 51, 8316647
31, 108, 15122305
31, 45, 102055677
31, 8, 16398591
31, 111, 20143194
31, 3, 25177
31, 12, 25651595
29, 4, 4509808
29, 44, 41005084
29, 113, 19627935
29, 84, 21090010
29, 34, 15465980
29, 101, 1487453
29, 86, 1476923
29, 27, 187635358
29, 111, 38976094
29, 103, 40901721
29, 114, 26934433
29, 50, 797598
29, 70, 97387754
29, 83, 6884337
29, 0, 16802699
29, 15, 17751643
29, 123, 19801971
29, 45, 46290990
29, 3, 17748938
29, 6, 11374387
29, 124, 27212
29, 12, 89588
29, 10, 144685283
29, 38, 33037252
29, 68, 3648170
29, 109, 27918842
29, 41, 106056991
29, 19, 8189287
29, 62, 20408901
29, 39, 143581790
29, 107, 47854875
29, 53, 42493128
29, 37, 128260151
29, 89, 29940930
29, 1, 37824732
29, 93, 160144279
29, 99, 60803389
29, 2, 28145348
29, 26, 115899311
29, 82, 1516959
29, 106, 19591456
29, 47, 1396061
29, 23, 4100700
29, 104, 180886998
29, 61, 100856004
29, 32, 19903924
29, 8, 88279150
29, 125, 257314944
29, 66, 115030880
29, 87, 160283090
29, 108, 61053388
29, 43, 245908637
29, 20, 37822709
29, 33, 25865817
29, 129, 203170128
29, 102, 20311579
29, 110, 17028864
29, 55, 91422893
29, 75, 104376284
29, 94, 19616323
29, 69, 18598792
29, 18, 19254724
29, 116, 30785226
29, 57, 17999337
29, 117, 46331525
29, 58, 34542350
29, 77, 4671441
29, 46, 170834872
29, 7, 8171704
29, 29, 92378376
29, 11, 52203502
29, 30, 174897651
29, 21, 17531168
29, 90, 64772362
29, 25, 231735
29, 54, 42728009
29, 48, 203101798
29, 127, 26954973
29, 22, 21410381
29, 115, 17137970
29, 112, 13244860
29, 97, 109601957
29, 65, 58302924
29, 9, 3648671
29, 73, 120599146
29, 128, 14474708
29, 88, 156033370
29, 71, 1438141
29, 49, 78672862
29, 78, 34748326
29, 105, 34772893
29, 81, 307348230
29, 35, 27897732
29, 72, 207844945
29, 14, 42984601
29, 119, 22926239
29, 96, 30708781
29, 76, 20318742
29, 24, 43421682
29, 118, 42506504
29, 126, 32096869
29, 16, 143521456
29, 85, 14914656
29, 67, 10883937
29, 91, 32032587
29, 40, 20222191
29, 121, 36498603
29, 80, 32133116
29, 5, 19297063
29, 92, 37856583
29, 51, 10243414
29, 74, 33674780
29, 100, 1663122
29, 95, 37832066
29, 79, 275311655
29, 56, 92330135
29, 28, 11822308
29, 13, 106094451
29, 52, 42980423
29, 36, 105865471
29, 59, 20995983
29, 31, 31336290
29, 60, 7926392
29, 64, 7123125
29, 98, 50096165
29, 120, 64707299
29, 63, 16925000
29, 17, 37373015
29, 42, 110595672
29, 122, 5445686
19, 83, 24031304
19, 94, 41095163
19, 73, 22772949
19, 48, 10684432
19, 132, 26738707
19, 102, 209844
19, 4, 4284635
19, 113, 356459
19, 125, 11190261
19, 39, 26180770
19, 31, 15462754
19, 79, 3967009
19, 1, 301910700
19, 127, 78246391
19, 26, 3005243
19, 56, 6430593
19, 12, 59661505
19, 104, 15925783
19, 85, 28257778
19, 32, 43443142
19, 34, 3836655
19, 108, 262807245
19, 33, 4404791
19, 87, 44498574
19, 14, 38841340
19, 84, 21748257
19, 72, 17769825
19, 2, 123021975
19, 131, 3425381
19, 65, 12427375
19, 9, 2166928
19, 27, 70797745
19, 50, 5604224
19, 82, 154382230
19, 103, 1247743
19, 69, 25831213
19, 92, 37570675
19, 41, 117886473
19, 119, 26845106
19, 128, 12173988
19, 121, 132751024
19, 138, 25342424
19, 76, 14497161
19, 110, 17242726
19, 18, 47149962
19, 53, 6165046
19, 93, 148417579
19, 109, 4200105
19, 25, 16526793
19, 78, 35368410
19, 100, 16890085
19, 91, 205756
19, 28, 94588096
19, 107, 7187696
19, 6, 154038574
19, 126, 77139142
19, 19, 23903944
19, 70, 12150375
19, 68, 32884837
19, 98, 44211164
19, 49, 13885042
19, 5, 38220827
19, 23, 43768543
19, 75, 26824277
19, 135, 36342359
19, 20, 13168316
19, 29, 23152593
19, 47, 36319556
19, 57, 181315813
19, 77, 13839926
19, 58, 3625238
19, 86, 4665360
19, 7, 1893655
19, 134, 16417727
19, 111, 24247819
19, 21, 8788753
19, 116, 113410959
19, 74, 53120152
19, 124, 16247217
19, 81, 16281852
19, 123, 14954551
19, 90, 263843451
19, 17, 36900748
19, 136, 11489444
19, 106, 216841087
19, 35, 29639662
19, 36, 32770933
19, 97, 4916312
19, 45, 29315594
19, 137, 3481647
19, 59, 16813191
19, 60, 12876848
19, 44, 16743759
19, 115, 21792058
19, 46, 23263
19, 133, 45812591
19, 24, 4333957
19, 63, 6473906
19, 129, 18985168
19, 16, 555423
19, 96, 36536093
19, 51, 11935520
19, 120, 36268201
19, 67, 45380559
19, 117, 87640300
19, 11, 24482180
19, 10, 24656697
19, 42, 5562905
19, 61, 12201641
19, 80, 187719325
19, 38, 101022627
19, 105, 5723508
19, 101, 91423374
19, 8, 102216589
19, 114, 23025834
19, 52, 2072291
19, 15, 1233106
19, 89, 97431204
19, 130, 6405327
19, 3, 1739897
19, 99, 551727
19, 139, 13010880
19, 118, 14197168
19, 54, 3014890
19, 71, 137142850
19, 88, 263079398
19, 30, 25228269
19, 95, 11037736
19, 66, 3613895
19, 122, 18298148
19, 13, 8586242
19, 62, 4952209
19, 43, 3595482
19, 0, 1047777
19, 112, 4504178
19, 55, 11438958
19, 140, 38193054
19, 37, 15688458
19, 22, 27396962
19, 40, 148189181
19, 64, 77841993
12, 130, 22852218
12, 89, 965803
12, 120, 18735
12, 112, 81643621
12, 172, 26741
12, 48, 20282593
12, 38, 18839865
12, 182, 38352655
12, 80, 79447446
12, 155, 1044441
12, 69, 3574823
12, 109, 53198529
12, 179, 19896058
12, 125, 40907
12, 140, 1109493
12, 92, 113515795
12, 30, 9871325
12, 4, 23525102
12, 86, 110621802
12, 173, 38782210
12, 13, 23890048
12, 78, 238532285
12, 117, 33564774
12, 79, 164646271
12, 176, 54321618
12, 151, 92813865
12, 163, 137745100
12, 142, 20105873
12, 11, 73577644
12, 26, 12543243
12, 37, 12611841
12, 191, 25876518
12, 158, 9227386
12, 129, 29929357
12, 104, 188454507
12, 144, 3892780
12, 160, 49368547
12, 70, 14420978
12, 39, 48341990
12, 150, 29582747
12, 77, 41586196
12, 145, 1679013
12, 83, 104074198
12, 3, 14320578
12, 21, 24375
12, 132, 40863810
12, 65, 10877162
12, 87, 82391385
12, 186, 5568146
12, 184, 49735858
12, 54, 24080705
12, 165, 197380126
12, 8, 17173226
12, 143, 26424546
12, 66, 22426820
12, 189, 17362581
12, 162, 1214451
12, 9, 28749261
12, 76, 35964660
12, 27, 30269928
12, 93, 141072498
12, 161, 50717971
12, 170, 84729513
12, 121, 12615188
12, 16, 161836857
12, 154, 57633477
12, 115, 3931823
12, 178, 18958578
12, 49, 3227330
12, 74, 30913266
12, 72, 131426485
12, 17, 49427117
12, 167, 49500456
12, 43, 54717361
12, 5, 94270879
12, 146, 4695267
12, 18, 71677576
12, 28, 912894
12, 52, 130105256
12, 45, 81913577
12, 134, 86431139
12, 31, 5530295
12, 46, 85862371
12, 152, 89221058
12, 84, 43033763
12, 44, 27823883
12, 50, 3227281
12, 135, 15532405
12, 153, 1664626
12, 131, 73899098
12, 106, 48761048
12, 58, 24644875
12, 82, 60211117
12, 59, 23063
12, 1, 13698971
12, 147, 56806284
12, 126, 24305028
12, 71, 682742
12, 159, 21044734
12, 100, 53494826
12, 33, 8378442
12, 194, 22562
12, 101, 6034983
12, 75, 14272228
12, 133, 20896056
12, 29, 16142220
12, 23, 49563003
12, 156, 402216862
12, 10, 56745910
12, 111, 129899499
12, 57, 4586032
12, 141, 102003138
12, 2, 19751747
12, 171, 1085108
12, 103, 1360685
12, 139, 1844684
12, 193, 9354164
12, 62, 77123954
12, 40, 20646096
12, 99, 408021701
12, 124, 1390561
12, 190, 37279569
12, 41, 49336628
12, 181, 11892101
12, 180, 4667403
12, 22, 19282095
12, 24, 83578213
12, 25, 119500764
12, 114, 2698607
12, 94, 34146747
12, 177, 10251769
12, 68, 77047870
12, 35, 14333474
12, 164, 407814633
12, 188, 81342836
12, 119, 1250428
12, 60, 2306520
12, 122, 66115113
12, 90, 26477817
12, 136, 12646375
12, 56, 91525746
12, 67, 36553636
12, 192, 23208137
12, 95, 56880292
12, 73, 3464174
12, 137, 12556929
12, 138, 27966222
12, 20, 131296992
12, 96, 147229489
12, 148, 2947154
12, 175, 25753426
12, 118, 20188969
12, 98, 1206395
12, 34, 49327692
12, 36, 37173790
12, 123, 20010333
12, 97, 18790883
12, 187, 91784791
12, 88, 50626239
12, 55, 6132304
12, 127, 65470192
12, 63, 5567173
12, 53, 51810262
12, 149, 2516745
12, 166, 23866755
12, 157, 294280723
12, 116, 70742
12, 7, 3936472
12, 102, 8192042
12, 185, 32038828
12, 14, 51896655
12, 105, 910630
12, 174, 63022805
12, 91, 14498484
12, 42, 57821039
12, 85, 93849788
12, 15, 32218846
12, 113, 9211516
12, 183, 48794060
12, 51, 14310390
12, 6, 49303075
12, 0, 32706833
12, 47, 15076559
12, 81, 39855986
12, 110, 2301411
12, 32, 23454
12, 61, 77067387
12, 107, 31691908
12, 128, 50648119
12, 108, 85898430
12, 169, 235411966
12, 168, 10907269
12, 12, 187974615
12, 19, 21480313
12, 64, 2957062
18, 116, 37033717
18, 33, 87760525
18, 128, 603757909
18, 137, 170294287
18, 99, 452295071
18, 76, 1056514
18, 167, 6943397
18, 25, 75218094
18, 186, 39287710
18, 13, 17176952
18, 79, 148817771
18, 82, 19193118
18, 96, 150942800
18, 98, 206893178
18, 100, 32814535
18, 87, 39824
18, 47, 422854132
18, 148, 44598311
18, 154, 95190106
18, 140, 56651523
18, 197, 17425789
18, 145, 289629188
18, 118, 70177481
18, 80, 403168618
18, 0, 77765778
18, 191, 651314876
18, 127, 52548569
18, 78, 16203513
18, 49, 852788467
18, 176, 29127001
18, 146, 174977932
18, 70, 24045
18, 135, 212984284
18, 173, 18807946
18, 175, 34498226
18, 20, 193084059
18, 110, 3890466
18, 93, 339367069
18, 182, 23264784
18, 194, 21550
18, 123, 162642749
18, 189, 359495053
18, 40, 15781833
18, 59, 52859393
18, 169, 82266961
18, 115, 213021193
18, 170, 130591268
18, 10, 287288844
18, 187, 181403064
18, 183, 66691875
18, 35, 157164353
18, 143, 169387373
18, 83, 39749035
18, 72, 8497967
18, 57, 96777806
18, 136, 407885876
18, 125, 39824828
18, 73, 20368116
18, 121, 42847884
18, 38, 98078950
18, 152, 76331164
18, 60, 195359470
18, 184, 20576437
18, 157, 399751100
18, 69, 29708292
18, 6, 160499185
18, 63, 12235113
18, 185, 18856346
18, 141, 478777166
18, 46, 73800122
18, 22, 305073628
18, 133, 325656956
18, 131, 66349812
18, 180, 178500676
18, 122, 453118256
18, 166, 17224603
18, 168, 10682007
18, 34, 284860964
18, 65, 220907993
18, 190, 22344285
18, 158, 96910857
18, 43, 84131390
18, 107, 6964798
18, 94, 146581813
18, 119, 54619687
18, 51, 56513734
18, 108, 183148272
18, 124, 13652855
18, 111, 21155253
18, 193, 47128673
18, 126, 97337919
18, 138, 72306928
18, 24, 14557193
18, 74, 624306161
18, 91, 20404602
18, 103, 145056028
18, 16, 18302776
18, 95, 399639831
18, 105, 64832534
18, 144, 88138145
18, 163, 38630376
18, 66, 40007692
18, 52, 135654
18, 42, 76571645
18, 50, 144381109
18, 85, 126820377
18, 109, 477710152
18, 5, 39285214
18, 44, 22011
18, 75, 46264811
18, 97, 36017
18, 27, 15559295
18, 161, 52584026
18, 67, 55330102
18, 17, 20853836
18, 172, 18248295
18, 101, 91013592
18, 160, 313121839
18, 39, 946932867
18, 90, 5897334
18, 2, 50584141
18, 77, 147461996
18, 102, 18080609
18, 132, 258433203
18, 4, 48099143
18, 23, 275116257
18, 181, 83414044
18, 31, 625262395
18, 142, 222277072
18, 12, 9558969
18, 104, 154851641
18, 29, 66274071
18, 84, 16823408
18, 28, 575239019
18, 129, 182808315
18, 153, 54222251
18, 7, 115012906
18, 150, 68923006
18, 178, 575141354
18, 37, 35451096
18, 3, 47755568
18, 55, 25967710
18, 165, 58334743
18, 21, 161668580
18, 149, 141261603
18, 156, 4978559
18, 8, 211630821
18, 139, 55583518
18, 18, 186664855
18, 113, 54509150
18, 147, 1165217993
18, 30, 50625528
18, 171, 83392072
18, 89, 394078720
18, 134, 199962071
18, 19, 429638218
18, 155, 399335640
18, 1, 854466474
18, 56, 34374815
18, 53, 61429654
18, 15, 103054142
18, 71, 546667370
18, 92, 211554898
18, 58, 12962801
18, 48, 147476311
18, 120, 16139115
18, 86, 37996355
18, 174, 39428273
18, 64, 3562899
18, 32, 23596467
18, 192, 41094923
18, 164, 113851064
18, 117, 1045433
18, 159, 37624297
18, 114, 1035575
18, 14, 7624877
18, 195, 25535727
18, 130, 1895089
18, 54, 100092300
18, 9, 166195389
18, 106, 190921327
18, 162, 23560419
18, 151, 285897851
18, 11, 66090246
18, 188, 87935
18, 41, 83623557
18, 177, 64147208
18, 81, 48073635
18, 61, 326514666
18, 36, 1165678346
18, 198, 35357760
18, 112, 146005389
18, 88, 51659349
18, 45, 393142831
18, 179, 188840089
18, 62, 22773
18, 68, 109378386
18, 196, 226858375
18, 26, 134386863
3, 106, 257116320
3, 117, 257497414
3, 175, 2344308519
3, 163, 91142
3, 56, 28806159
3, 196, 23554
3, 34, 2621123
3, 219, 161212884
3, 15, 181650578
3, 143, 166258969
3, 138, 748378656
3, 227, 1430159972
3, 124, 81023706
3, 190, 44013403
3, 151, 14052836
3, 178, 39036187
3, 38, 745057660
3, 74, 36293377
3, 145, 15697735
3, 88, 92163552
3, 187, 28400477
3, 55, 78847469
3, 29, 282496483
3, 51, 31067364
3, 146, 752774689
3, 23, 21108615
3, 82, 236712647
3, 54, 151501169
3, 113, 1107438890
3, 147, 281959
3, 67, 58733582
3, 136, 3819474465
3, 107, 429569348
3, 157, 22109284
3, 70, 197818065
3, 35, 43351
3, 119, 255926214
3, 127, 1172972
3, 214, 131239414
3, 52, 1557882581
3, 112, 115200048
3, 68, 89657586
3, 0, 67946451
3, 12, 25390696
3, 46, 81430961
3, 216, 6080918
3, 223, 9306403
3, 221, 37634105
3, 130, 291267464
3, 77, 14636652
3, 21, 39835
3, 76, 2802273
3, 33, 263989705
3, 39, 173926676
3, 20, 1199391174
3, 222, 140552321
3, 228, 181834114
3, 86, 1538967444
3, 17, 19566969
3, 62, 26670
3, 5, 1626063441
3, 148, 62035922
3, 158, 1393086
3, 43, 81793380
3, 102, 237336118
3, 2, 584197
3, 58, 44733094
3, 89, 27791313
3, 149, 1540676081
3, 26, 509028063
3, 59, 18005598
3, 92, 237852467
3, 154, 27862506
3, 180, 144761504
3, 176, 1506983597
3, 49, 1058157
3, 131, 2102681857
3, 110, 197112862
3, 128, 44287657
3, 45, 476953708
3, 3, 157138563
3, 103, 21143921
3, 30, 88372795
3, 109, 362827969
3, 186, 41042083
3, 18, 1209404634
3, 142, 32506976
3, 28, 13339607
3, 105, 9338134
3, 159, 22113481
3, 91, 47336973
3, 60, 48477814
3, 201, 30374554
3, 47, 117454180
3, 22, 1231572797
3, 44, 85239601
3, 115, 186282396
3, 13, 35547176
3, 188, 529209806
3, 99, 348088202
3, 11, 58683128
3, 8, 15197856
3, 10, 50823801
3, 174, 282381648
3, 108, 109511865
3, 81, 374742490
3, 169, 2130201107
3, 135, 2098512786
3, 111, 350075974
3, 179, 42809543
3, 120, 725390057
3, 167, 232949751
3, 6, 241813875
3, 155, 109808854
3, 94, 1047657366
3, 40, 28263
3, 14, 381863970
3, 95, 1114205400
3, 4, 185830296
3, 90, 248886845
3, 217, 292031756
3, 132, 1275366375
3, 185, 680117379
3, 64, 733780670
3, 122, 172685606
3, 9, 243345450
3, 100, 7936633
3, 85, 1250798173
3, 172, 1662952
3, 98, 5257201464
3, 195, 1713227
3, 220, 13664638
3, 205, 110056098
3, 171, 40296
3, 199, 39332011
3, 140, 85691
3, 164, 80318761
3, 156, 52801294
3, 211, 68028
3, 197, 1538988124
3, 139, 1511355972
3, 194, 80563771
3, 116, 83165557
3, 210, 71046270
3, 72, 10247222
3, 101, 110379785
3, 84, 632057
3, 42, 1051917430
3, 93, 108277338
3, 165, 22993
3, 96, 834023912
3, 57, 1129603820
3, 200, 731995216
3, 160, 37080334
3, 170, 17992705
3, 66, 66707514
3, 168, 237712854
3, 24, 97336183
3, 166, 42738929
3, 229, 13126086
3, 215, 170034727
3, 75, 153769597
3, 209, 81751741
3, 53, 1021799
3, 212, 365872243
3, 41, 183973759
3, 36, 75481658
3, 224, 27976480
3, 182, 79692246
3, 161, 1233084961
3, 198, 8569160
3, 208, 702325306
3, 191, 753042997
3, 83, 3013320342
3, 137, 156390368
3, 71, 279054
3, 134, 1598276405
3, 125, 6327311
3, 133, 584226938
3, 50, 948189263
3, 16, 94999056
3, 218, 23636241
3, 144, 80647979
3, 129, 49391861
3, 183, 40506588
3, 25, 54053635
3, 162, 1088303609
3, 226, 24116383
3, 69, 49919220
3, 126, 37378664
3, 32, 53503110
3, 37, 11317221
3, 173, 64372679
3, 203, 71609969
3, 225, 50958333
3, 63, 1102752720
3, 204, 1587159869
3, 114, 25379945
3, 206, 72811486
3, 80, 142344815
3, 27, 44526636
3, 184, 259290297
3, 150, 191199687
3, 152, 463250
3, 104, 217367021
3, 202, 341318778
3, 65, 2621922829
3, 97, 1513324783
3, 7, 25027
3, 1, 152994941
3, 177, 7357555
3, 118, 2967011
3, 193, 3019715895
3, 61, 737333367
3, 123, 758478902
3, 48, 1571049819
3, 189, 79869928
3, 31, 14603941
3, 87, 749473773
3, 19, 64317816
3, 73, 90230121
3, 153, 1386533
3, 213, 219428520
3, 78, 89718580
3, 192, 32442827
3, 79, 188210863
3, 181, 2097713711
3, 121, 161871048
3, 141, 112967885
3, 207, 70562962
32, 99, 7644403
32, 122, 62472392
32, 43, 31917479
32, 44, 55027273
32, 192, 48927759
32, 55, 1079857
32, 144, 84846662
32, 3, 82788950
32, 131, 10120252
32, 37, 17287909
32, 30, 51318800
32, 69, 24899843
32, 45, 96199028
32, 97, 27959038
32, 138, 15340124
32, 148, 75252459
32, 5, 51882347
32, 221, 10076180
32, 121, 39669806
32, 146, 22066313
32, 15, 21616908
32, 72, 98354396
32, 24, 234860436
32, 158, 8606130
32, 65, 1760836
32, 63, 16286070
32, 0, 179462298
32, 10, 80596692
32, 137, 62971059
32, 96, 60596078
32, 141, 18243455
32, 134, 156855419
32, 19, 57516407
32, 196, 60329728
32, 110, 179458642
32, 199, 23785141
32, 157, 49218204
32, 154, 119624704
32, 125, 233921534
32, 202, 23054
32, 156, 15255265
32, 147, 17187491
32, 208, 304571069
32, 12, 672031
32, 180, 201903845
32, 4, 21592153
32, 212, 53828742
32, 119, 60789601
32, 130, 30981633
32, 182, 24500804
32, 2, 8617131
32, 193, 17964371
32, 194, 49295008
32, 40, 60065132
32, 206, 9975429
32, 38, 33112615
32, 66, 2118267
32, 200, 47584978
32, 68, 6203418
32, 223, 50527062
32, 54, 8579439
32, 143, 6571550
32, 151, 248056494
32, 91, 103954129
32, 129, 15229847
32, 240, 19318383
32, 239, 32192456
32, 48, 128222298
32, 112, 84398882
32, 190, 41512015
32, 21, 75026845
32, 135, 61356606
32, 6, 7611141
32, 210, 3123925
32, 226, 139839451
32, 62, 181203758
32, 217, 203901375
32, 104, 5854132
32, 50, 56960072
32, 56, 104358849
32, 77, 95293498
32, 78, 236021657
32, 98, 106534886
32, 152, 56831340
32, 176, 20149844
32, 103, 45769610
32, 168, 139545677
32, 235, 234792109
32, 177, 158009106
32, 82, 73731722
32, 86, 48423903
32, 90, 24228103
32, 114, 10080457
32, 188, 34296076
32, 229, 58114789
32, 26, 19750075
32, 183, 117698076
32, 142, 1035324
32, 191, 270084104
32, 9, 9795322
32, 132, 10273760
32, 117, 10432879
32, 195, 80501474
32, 167, 3348838
32, 222, 36900
32, 92, 74679491
32, 79, 180484848
32, 220, 2862114
32, 46, 198218564
32, 36, 194756195
32, 241, 58765011
32, 189, 16441069
32, 109, 27361736
32, 64, 9889410
32, 133, 9091951
32, 29, 50651376
32, 106, 56509506
32, 236, 54442
32, 123, 19647912
32, 178, 10701705
32, 85, 81374592
32, 120, 40957
32, 164, 138427738
32, 140, 55603785
32, 58, 94000160
32, 162, 61940532
32, 243, 182347446
32, 128, 45125
32, 18, 73693470
32, 1, 216419631
32, 32, 204920829
32, 187, 265315851
32, 105, 60132668
32, 49, 25588
32, 71, 59797179
32, 39, 21377579
32, 83, 51871878
32, 127, 33065054
32, 231, 16882490
32, 93, 232003692
32, 161, 22626515
32, 234, 20160834
32, 16, 1043620
32, 7, 55763835
32, 31, 2118449
32, 207, 33470566
32, 238, 285107433
32, 22, 224542
32, 204, 48545141
32, 88, 9912292
32, 108, 129066381
32, 8, 175034494
32, 184, 18962244
32, 228, 57621323
32, 14, 17313910
32, 237, 1301173
32, 51, 7865238
32, 172, 18980919
32, 197, 212157397
32, 160, 246843
32, 211, 13343755
32, 174, 51704924
32, 52, 31954448
32, 163, 68689105
32, 101, 10949639
32, 205, 31310060
32, 126, 78518651
32, 89, 48556101
32, 215, 48724557
32, 175, 33090902
32, 124, 85514617
32, 118, 106660201
32, 169, 24649924
32, 94, 58810586
32, 171, 52942067
32, 23, 52926668
32, 219, 225853654
32, 47, 47434466
32, 186, 59882770
32, 59, 50790135
32, 166, 7563140
32, 17, 138015896
32, 209, 10600744
32, 113, 60025256
32, 201, 136906204
32, 115, 795574
32, 159, 116991198
32, 33, 54778715
32, 111, 201966323
32, 11, 19372495
32, 35, 61136753
32, 84, 72334849
32, 165, 76557980
32, 179, 10696825
32, 80, 7318873
32, 60, 53780973
32, 76, 108320387
32, 181, 9561854
32, 230, 43851397
32, 224, 27702
32, 95, 53718986
32, 75, 57804397
32, 218, 180652262
32, 214, 24854737
32, 81, 235372
32, 136, 74155369
32, 216, 20655704
32, 42, 58563593
32, 116, 10134078
32, 57, 5858000
32, 100, 43820779
32, 25, 31758853
32, 155, 86642624
32, 145, 19304447
32, 233, 81870925
32, 74, 31070400
32, 107, 49286562
32, 170, 116329608
32, 150, 24669961
32, 149, 53822750
32, 198, 104128848
32, 28, 50413719
32, 87, 116474980
32, 73, 4412605
32, 61, 19672448
32, 225, 48903243
32, 13, 232958725
32, 20, 119000893
32, 34, 108976790
32, 70, 202231410
32, 53, 5501250
32, 173, 61861143
32, 139, 67481668
32, 213, 67693825
32, 185, 28459458
32, 153, 204717728
32, 102, 22850636
32, 41, 17369896
32, 232, 20374266
32, 242, 3700097
32, 27, 97337145
32, 203, 61731340
32, 227, 392627
32, 67, 271280530
13, 18, 101558140
13, 216, 338246089
13, 41, 53967363
13, 13, 1157683
13, 89, 10517358
13, 23, 1018733
13, 10, 10391392
13, 124, 740942521
13, 150, 110923285
13, 66, 603516183
13, 120, 28391940
13, 118, 43546755
13, 235, 12660071
13, 83, 9590889
13, 40, 14862656
13, 162, 83752569
13, 174, 372770011
13, 212, 54010153
13, 249, 879746557
13, 93, 250521
13, 219, 974741
13, 227, 646757125
13, 22, 35611485
13, 70, 62151199
13, 192, 116925124
13, 144, 211557942
13, 30, 463758106
13, 131, 112301983
13, 71, 34077445
13, 72, 534261487
13, 90, 26258183
13, 166, 70490116
13, 98, 71259299
13, 35, 38015861
13, 181, 11274640
13, 245, 49988631
13, 194, 35142055
13, 52, 444384559
13, 55, 30472617
13, 100, 600465194
13, 153, 28799286
13, 61, 8258186
13, 16, 341198010
13, 82, 52866765
13, 154, 99991790
13, 17, 26332373
13, 195, 9667963
13, 5, 52320560
13, 176, 195815563
13, 24, 52829866
13, 163, 2556380
13, 184, 46147
13, 123, 49647221
13, 97, 36632312
13, 213, 32260405
13, 134, 111110165
13, 152, 294221234
13, 215, 16537632
13, 132, 35431529
13, 157, 27495656
13, 74, 40816941
13, 101, 19461302
13, 58, 224969544
13, 75, 84217461
13, 233, 109922486
13, 125, 25579089
13, 32, 131694656
13, 76, 23632804
13, 12, 27598350
13, 115, 118272535
13, 54, 70325046
13, 143, 133950974
13, 223, 19429411
13, 171, 19995374
13, 145, 96016065
13, 207, 61022759
13, 165, 78897872
13, 47, 66342387
13, 146, 1127112793
13, 229, 3851903
13, 239, 31766556
13, 205, 175333044
13, 252, 14183041
13, 103, 302522743
13, 85, 23735677
13, 238, 994886519
13, 102, 244399146
13, 36, 36030784
13, 185, 34094417
13, 110, 31656580
13, 193, 41005924
13, 225, 13256790
13, 159, 729381063
13, 188, 25297
13, 11, 25955175
13, 64, 312603360
13, 60, 169965936
13, 92, 1519273654
13, 218, 82970350
13, 170, 1619921
13, 196, 54859296
13, 43, 160473914
13, 79, 80006423
13, 161, 79302923
13, 251, 833124
13, 202, 763308846
13, 186, 45554225
13, 241, 189771263
13, 44, 107560681
13, 128, 45887572
13, 31, 8843656
13, 88, 741176691
13, 139, 95895228
13, 33, 101880425
13, 122, 5265527
13, 2, 13271900
13, 4, 179634390
13, 180, 175710963
13, 141, 59715857
13, 133, 13543570
13, 224, 139157088
13, 168, 51310603
13, 156, 123094288
13, 9, 43625043
13, 200, 768283277
13, 107, 9529403
13, 169, 525497390
13, 109, 28316989
13, 26, 243671219
13, 69, 511727925
13, 179, 1430867
13, 94, 139134426
13, 37, 56647895
13, 234, 45914732
13, 167, 116305331
13, 20, 189879568
13, 160, 9674977
13, 86, 64418444
13, 46, 67642859
13, 214, 199020871
13, 65, 293405894
13, 208, 17678624
13, 114, 175362550
13, 191, 3131700
13, 57, 6355333
13, 135, 74697957
13, 121, 55735612
13, 190, 541356447
13, 211, 63986195
13, 142, 143259
13, 189, 61003854
13, 99, 201170437
13, 230, 130690471
13, 244, 537667642
13, 228, 175499205
13, 78, 34563618
13, 96, 344663366
13, 204, 38625866
13, 151, 38199104
13, 242, 65774
13, 217, 19285422
13, 104, 74828502
13, 6, 101709855
13, 95, 11837267
13, 14, 115257222
13, 91, 65572913
13, 127, 81384371
13, 25, 81996831
13, 7, 17639280
13, 19, 2179132
13, 113, 61949099
13, 206, 96231277
13, 147, 20869827
13, 250, 67883712
13, 182, 12581154
13, 226, 16454806
13, 0, 433265771
13, 236, 5728626
13, 68, 15405307
13, 50, 13924224
13, 28, 74785231
13, 209, 216062038
13, 222, 3500392
13, 126, 179398788
13, 232, 8277603
13, 27, 41950709
13, 136, 1794800
13, 129, 72011312
13, 175, 189677528
13, 48, 280841992
13, 148, 187658457
13, 111, 55989699
13, 248, 25966055
13, 80, 140892216
13, 21, 11958414
13, 105, 22292
13, 178, 28078330
13, 199, 400550883
13, 237, 10887774
13, 243, 17983026
13, 197, 42924267
13, 220, 18011779
13, 247, 5958268
13, 42, 29094991
13, 29, 80431963
13, 187, 51462328
13, 221, 34166173
13, 8, 78746027
13, 108, 57256238
13, 49, 891153412
13, 246, 25458
13, 15, 136604044
13, 173, 740764405
13, 164, 198314064
13, 116, 328275306
13, 119, 92781771
13, 84, 8546568
13, 63, 108208448
13, 39, 431386632
13, 201, 17991083
13, 130, 88855037
13, 67, 20160744
13, 203, 6706012
13, 177, 49175786
13, 172, 535969882
13, 106, 77974620
13, 51, 1606988
13, 62, 208855187
13, 81, 8030678
13, 137, 534662769
13, 34, 8644271
13, 149, 78041644
13, 77, 107016469
13, 183, 26553968
13, 38, 3619857
13, 231, 252588042
13, 155, 42860165
13, 140, 448909896
13, 73, 99731561
13, 210, 13151484
13, 59, 273109894
13, 198, 24175
13, 112, 30380914
13, 53, 44266847
13, 138, 130498951
13, 240, 35404937
13, 3, 43113763
13, 56, 466287904
13, 87, 1663353
13, 158, 33980343
13, 1, 175212527
13, 45, 213429306
13, 117, 979771525
8, 199, 27310019
8, 210, 1504960334
8, 168, 31474097
8, 206, 31780542
8, 141, 52132358
8, 144, 52595836
8, 79, 60534
8, 55, 838815430
8, 46, 46783662
8, 221, 173015
8, 252, 872172202
8, 190, 422425236
8, 148, 36374478
8, 54, 254261293
8, 75, 70535069
8, 274, 108164625
8, 229, 43952488
8, 65, 17670408
8, 149, 368208876
8, 146, 91953598
8, 138, 154609070
8, 84, 21060424
8, 78, 243399118
8, 198, 1010648
8, 83, 682242381
8, 167, 195631367
8, 235, 94105747
8, 233, 14290652
8, 163, 617943760
8, 191, 1227365
8, 166, 454381638
8, 173, 88172978
8, 24, 682323853
8, 4, 3017585
8, 170, 482311842
8, 231, 471608643
8, 124, 262812701
8, 222, 345733554
8, 98, 163673792
8, 127, 419072530
8, 50, 108331438
8, 43, 844528945
8, 213, 275335283
8, 19, 167374371
8, 126, 223864157
8, 40, 241464
8, 86, 346507849
8, 21, 18053138
8, 200, 65948067
8, 259, 2001909
8, 42, 31926726
8, 162, 78371354
8, 185, 98207860
8, 103, 17688793
8, 153, 161510189
8, 52, 122651535
8, 265, 51802747
8, 214, 67708813
8, 195, 162571621
8, 248, 415205139
8, 266, 63133522
8, 113, 7437525
8, 137, 217095409
8, 36, 175878947
8, 216, 674462642
8, 80, 219834081
8, 253, 43405910
8, 130, 143232400
8, 151, 47546816
8, 226, 173141739
8, 95, 108303136
8, 176, 33857102
8, 29, 279282774
8, 211, 113302682
8, 117, 221331121
8, 158, 1679494485
8, 70, 15541643
8, 238, 223775871
8, 189, 44489155
8, 131, 68696839
8, 228, 111195285
8, 264, 358720410
8, 64, 1862460259
8, 49, 894339
8, 147, 42132220
8, 59, 143684639
8, 76, 232751144
8, 145, 222785312
8, 125, 732877775
8, 175, 15425534
8, 60, 7630437
8, 116, 476654378
8, 180, 156792630
8, 261, 17668225
8, 230, 415529426
8, 177, 568725093
8, 160, 341204881
8, 10, 10983824
8, 44, 230087563
8, 268, 31285473
8, 219, 1361326687
8, 6, 173261795
8, 62, 98690415
8, 267, 233079811
8, 156, 1261247364
8, 94, 101971496
8, 96, 105336575
8, 224, 116751838
8, 3, 27722
8, 108, 302365815
8, 88, 115697780
8, 27, 51697409
8, 218, 146105774
8, 93, 55822195
8, 18, 1889894428
8, 223, 737611482
8, 278, 302950964
8, 7, 27172009
8, 66, 280422353
8, 165, 21363974
8, 196, 86332
8, 139, 626756777
8, 20, 412414116
8, 143, 81498465
8, 263, 50435701
8, 87, 194613445
8, 250, 41728600
8, 106, 107398497
8, 202, 953960929
8, 257, 227842456
8, 81, 136829688
8, 187, 609436744
8, 102, 1907010
8, 212, 285398857
8, 271, 65637294
8, 251, 239690
8, 133, 769102299
8, 169, 9715602
8, 249, 474359518
8, 115, 14311461
8, 51, 1372797885
8, 188, 88091064
8, 134, 177994339
8, 35, 4850689
8, 201, 250224852
8, 159, 10658693
8, 112, 165192313
8, 232, 23317651
8, 258, 1004118336
8, 245, 224355770
8, 123, 10205602
8, 193, 320042025
8, 120, 17936598
8, 23, 840663967
8, 157, 157257864
8, 114, 37749491
8, 128, 67280979
8, 239, 696181440
8, 246, 185057682
8, 121, 74339
8, 101, 1023071
8, 56, 527198160
8, 39, 40531413
8, 171, 448246406
8, 107, 61739555
8, 31, 875870992
8, 277, 475889440
8, 178, 1131404
8, 186, 1283921114
8, 273, 39695063
8, 90, 31428551
8, 161, 246633090
8, 172, 622429
8, 15, 1370693562
8, 17, 24486
8, 155, 39092450
8, 243, 58503189
8, 99, 49953225
8, 204, 697649034
8, 74, 5119994
8, 34, 1314724932
8, 247, 1392167751
8, 179, 4137761
8, 0, 75377310
8, 122, 56768861
8, 91, 285802285
8, 254, 223622723
8, 135, 6663992
8, 181, 8166995
8, 136, 41388302
8, 208, 48800560
8, 154, 464699619
8, 38, 109721217
8, 234, 124020306
8, 41, 326497415
8, 118, 27477814
8, 45, 221803818
8, 192, 113419621
8, 140, 1375254817
8, 5, 71742973
8, 47, 8617798
8, 225, 223550
8, 183, 276566784
8, 13, 39565295
8, 142, 31690844
8, 164, 12162354
8, 209, 935192295
8, 105, 122974434
8, 244, 85151401
8, 72, 25488973
8, 237, 122786029
8, 227, 811237292
8, 217, 53997739
8, 53, 48671716
8, 67, 154892782
8, 174, 356494268
8, 2, 5065952
8, 242, 494384634
8, 8, 882137426
8, 111, 401489360
8, 57, 43090733
8, 119, 110218888
8, 241, 184713282
8, 11, 876790714
8, 33, 175895670
8, 58, 110145468
8, 100, 215672667
8, 240, 96060446
8, 184, 340875928
8, 207, 33956956
8, 30, 40905030
8, 73, 69290792
8, 16, 246531072
8, 92, 240713
8, 9, 519473519
8, 205, 157798674
8, 22, 163764261
8, 262, 92033036
8, 182, 61996676
8, 12, 435375512
8, 69, 10617308
8, 236, 109237528
8, 197, 15588954
8, 63, 27064986
8, 152, 117447066
8, 97, 40983568
8, 150, 163114306
8, 109, 1251962073
8, 71, 289302357
8, 220, 40715652
8, 28, 120501681
8, 276, 15916802
8, 85, 111216550
8, 269, 52050309
8, 77, 24306
8, 104, 30335472
8, 129, 155661078
8, 272, 143866798
8, 26, 189326265
8, 260, 18047829
8, 37, 301529530
8, 132, 1484932625
8, 14, 129897090
8, 255, 56077728
8, 270, 53555892
8, 194, 65442439
8, 110, 627208973
8, 82, 219564358
8, 1, 72875255
8, 256, 59176990
8, 61, 47593713
8, 48, 106188976
8, 25, 1100310
8, 32, 352425402
8, 68, 35606148
8, 89, 70833631
8, 203, 120433912
8, 275, 177543128
8, 215, 28738325
17, 57, 147497524
17, 194, 59654968
17, 191, 194848629
17, 204, 12316966
17, 228, 41790364
17, 95, 195699079
17, 84, 241114
17, 222, 94117985
17, 195, 6328017
17, 125, 75308500
17, 212, 30131166
17, 118, 122532518
17, 186, 40959861
17, 224, 63099
17, 102, 38676493
17, 148, 1015220
17, 232, 56410143
17, 87, 78976313
17, 8, 24191359
17, 137, 196564406
17, 73, 116798841
17, 98, 173145512
17, 207, 158769071
17, 165, 50422266
17, 243, 48631
17, 33, 33717141
17, 198, 24917
17, 164, 24793592
17, 81, 67691428
17, 63, 43857544
17, 129, 73377848
17, 162, 80835580
17, 250, 18303268
17, 23, 32549596
17, 65, 167637476
17, 14, 302106415
17, 122, 189939470
17, 45, 162245802
17, 205, 6767061
17, 82, 3372055
17, 68, 32682908
17, 189, 158687145
17, 267, 149317004
17, 249, 213761713
17, 163, 135004064
17, 74, 6629124
17, 116, 26770
17, 17, 53747260
17, 270, 94594839
17, 199, 5565572
17, 241, 37767242
17, 117, 23412354
17, 167, 162999137
17, 2, 211382135
17, 9, 59327108
17, 208, 19778907
17, 177, 20794005
17, 106, 68251462
17, 282, 28359270
17, 47, 15268900
17, 48, 7043774
17, 70, 28115491
17, 83, 62054061
17, 0, 3974409
17, 128, 6115267
17, 226, 78683580
17, 93, 95796730
17, 285, 67490298
17, 278, 129208998
17, 136, 102311498
17, 149, 15201852
17, 275, 22412
17, 274, 267020923
17, 145, 127585471
17, 119, 25195398
17, 271, 128225046
17, 192, 196472870
17, 28, 40928480
17, 110, 82198102
17, 91, 35142603
17, 203, 194865676
17, 144, 28457385
17, 44, 65199247
17, 238, 10991041
17, 184, 85835175
17, 248, 59973065
17, 101, 12531688
17, 21, 12243988
17, 66, 189432400
17, 59, 146593056
17, 96, 121252778
17, 114, 303210131
17, 187, 12602842
17, 79, 45499330
17, 20, 71181133
17, 230, 13763265
17, 257, 35824757
17, 154, 3558756
17, 36, 1191051
17, 225, 16939562
17, 158, 75874263
17, 60, 21932
17, 67, 69799793
17, 108, 49198780
17, 42, 6318068
17, 113, 7539406
17, 170, 55384
17, 7, 57517022
17, 235, 23864943
17, 54, 12678515
17, 97, 21004702
17, 111, 182943581
17, 146, 120161522
17, 231, 120986362
17, 131, 36636053
17, 254, 104195419
17, 76, 42772460
17, 69, 6461338
17, 123, 12702069
17, 280, 200574193
17, 107, 18567315
17, 32, 48078513
17, 227, 115936973
17, 71, 53477802
17, 49, 595432580
17, 62, 916735
17, 253, 5284684
17, 24, 289744531
17, 151, 65037992
17, 37, 19574851
17, 262, 79916949
17, 283, 1286862
17, 214, 23442148
17, 272, 5994510
17, 78, 174848918
17, 213, 8183076
17, 3, 111527955
17, 218, 356883194
17, 109, 84931843
17, 276, 372463277
17, 261, 80430635
17, 233, 6034974
17, 260, 140108732
17, 105, 9067559
17, 72, 7037372
17, 279, 20895065
17, 12, 33053901
17, 27, 28420865
17, 229, 32669099
17, 179, 166872207
17, 51, 24402455
17, 258, 368482064
17, 217, 171546540
17, 94, 21638473
17, 18, 15608638
17, 126, 66355982
17, 259, 1553393
17, 242, 234491
17, 58, 383503206
17, 13, 6280957
17, 142, 51852794
17, 269, 28314544
17, 263, 6583858
17, 85, 20575704
17, 244, 11615805
17, 172, 44585710
17, 1, 218496569
17, 140, 28784
17, 141, 9401029
17, 219, 72838889
17, 26, 3345265
17, 43, 44732244
17, 4, 58960667
17, 155, 604034429
17, 183, 69531
17, 103, 38626166
17, 180, 32982017
17, 120, 166718636
17, 236, 44153076
17, 115, 50225
17, 139, 15693799
17, 193, 53354738
17, 53, 172197194
17, 252, 242568418
17, 181, 10138735
17, 15, 146673861
17, 216, 28383313
17, 284, 6646506
17, 215, 286672211
17, 239, 20299
17, 185, 415973480
17, 166, 28997240
17, 56, 295732575
17, 209, 55925334
17, 135, 38300903
17, 92, 30966694
17, 153, 24956487
17, 234, 74145625
17, 247, 209224038
17, 156, 110647986
17, 89, 43765375
17, 127, 6862673
17, 174, 136145960
17, 173, 16603480
17, 121, 45608984
17, 132, 48050307
17, 188, 81135788
17, 112, 73017292
17, 182, 95370381
17, 255, 53500431
17, 152, 26210846
17, 86, 3164174
17, 31, 77157853
17, 147, 120872290
17, 221, 38991173
17, 77, 25992825
17, 138, 51684124
17, 40, 1187974
17, 159, 13667556
17, 80, 35044886
17, 265, 30503212
17, 100, 10606916
17, 90, 164404087
17, 273, 15498130
17, 190, 170544430
17, 64, 19657404
17, 133, 18005348
17, 88, 19172774
17, 160, 66166101
17, 211, 597641873
17, 25, 25300933
17, 61, 11226893
17, 41, 19457
17, 38, 21733232
17, 168, 34568880
17, 202, 65238367
17, 29, 546589886
17, 201, 174641727
17, 52, 50955371
17, 171, 50400007
17, 16, 48391
17, 206, 140110376
17, 281, 95622894
17, 176, 135878173
17, 245, 3169733
17, 266, 49436295
17, 223, 218387904
17, 277, 113873441
17, 196, 38699884
17, 34, 94210245
17, 30, 133448672
17, 157, 51452306
17, 11, 931943
17, 10, 44697878
17, 50, 149460628
17, 256, 34399343
17, 19, 32972426
17, 246, 928416
17, 143, 38307024
17, 200, 19633700
17, 169, 140868082
17, 220, 54744581
17, 39, 147840108
17, 6, 301511336
17, 175, 702519364
17, 75, 95782002
17, 178, 51968757
17, 264, 39381807
17, 130, 148031176
17, 150, 66017050
17, 161, 178023145
17, 237, 116235314
17, 251, 109200056
17, 134, 33306045
17, 197, 31636723
17, 55, 56583750
17, 46, 6093495
17, 5, 75233930
17, 210, 43784098
17, 240, 96521622
17, 104, 22613
17, 268, 74701328
17, 22, 103387971
17, 99, 34355028
17, 124, 66568506
17, 35, 52193299
24, 98, 132165245
24, 40, 33345027
24, 30, 122070822
24, 427, 20312597
24, 10, 9411316
24, 263, 18961556
24, 266, 17952346
24, 72, 330897921
24, 399, 21450919
24, 100, 553291074
24, 256, 335988799
24, 403, 2070677
24, 315, 25701936
24, 150, 146191933
24, 289, 104521562
24, 214, 141469579
24, 365, 190035523
24, 286, 5220112
24, 347, 19844386
24, 308, 16359328
24, 357, 112912460
24, 179, 62668848
24, 81, 76375667
24, 103, 83815425
24, 316, 18334265
24, 383, 145269968
24, 92, 36704227
24, 377, 868734575
24, 320, 74770146
24, 334, 110081973
24, 206, 243983139
24, 394, 11489607
24, 25, 1295107
24, 300, 186076692
24, 107, 151143698
24, 112, 161824782
24, 151, 147204756
24, 38, 32037827
24, 236, 106520753
24, 85, 16928890
24, 54, 25380361
24, 238, 331162751
24, 329, 52124699
24, 423, 71378574
24, 145, 72006505
24, 46, 139433725
24, 210, 60353210
24, 339, 46141191
24, 305, 11336168
24, 397, 76668164
24, 182, 264835049
24, 241, 65246627
24, 128, 125136476
24, 21, 620744302
24, 277, 22155865
24, 194, 17253752
24, 155, 761623
24, 426, 20967739
24, 333, 194398145
24, 89, 33999657
24, 162, 82592502
24, 117, 105167374
24, 69, 29649964
24, 380, 50048912
24, 178, 492017150
24, 330, 115670614
24, 205, 11622667
24, 67, 53519562
24, 231, 29810325
24, 229, 126909741
24, 304, 121564293
24, 337, 341607523
24, 94, 37310757
24, 49, 58848638
24, 412, 18859963
24, 219, 319922124
24, 146, 172309626
24, 294, 22722711
24, 421, 28156012
24, 417, 6946760
24, 190, 256999470
24, 198, 20168365
24, 369, 61844074
24, 343, 92533633
24, 293, 40243294
24, 261, 104250166
24, 366, 32350085
24, 35, 151059183
24, 60, 224362707
24, 118, 57459253
24, 32, 375721762
24, 160, 64871218
24, 14, 14730053
24, 186, 153572260
24, 142, 69830750
24, 391, 190638927
24, 137, 53082469
24, 272, 51791802
24, 247, 247935393
24, 298, 189669162
24, 336, 70270717
24, 374, 19934394
24, 368, 344170780
24, 95, 26877748
24, 233, 8122431
24, 3, 71044574
24, 97, 95717581
24, 165, 40786035
24, 220, 35377689
24, 80, 19792027
24, 216, 241035601
24, 395, 237031407
24, 29, 2990136
24, 153, 292668641
24, 349, 23279668
24, 197, 164248764
24, 341, 34067254
24, 358, 21601359
24, 83, 520471534
24, 99, 63066212
24, 173, 79103914
24, 65, 26517110
24, 225, 18792294
24, 13, 28278081
24, 76, 29563590
24, 401, 58238229
24, 313, 246790404
24, 193, 84430856
24, 152, 106813305
24, 22, 39955631
24, 78, 193797475
24, 244, 276614054
24, 91, 47637533
24, 211, 323123544
24, 312, 98421768
24, 388, 349595367
24, 132, 26767259
24, 93, 65042
24, 260, 101061723
24, 376, 73483851
24, 12, 21484119
24, 119, 115377406
24, 24, 16458114
24, 353, 422223053
24, 387, 17715379
24, 344, 8860951
24, 232, 119253789
24, 138, 18399897
24, 311, 240630313
24, 253, 29297870
24, 402, 6155319
24, 185, 29026299
24, 23, 54711712
24, 122, 1044645
24, 292, 233588042
24, 148, 182849024
24, 15, 346910261
24, 62, 28576172
24, 246, 115747711
24, 302, 16541410
24, 63, 33776897
24, 1, 73024484
24, 86, 26048616
24, 215, 16918991
24, 228, 29828598
24, 281, 56320198
24, 418, 155088867
24, 90, 163975775
24, 48, 121558814
24, 384, 12642625
24, 82, 78978256
24, 422, 44310122
24, 181, 56702628
24, 27, 32017065
24, 379, 19928041
24, 297, 288292
24, 416, 114511666
24, 378, 96707790
24, 135, 13398207
24, 310, 18836888
24, 270, 84714227
24, 58, 60287289
24, 425, 17688418
24, 295, 52009829
24, 33, 22032310
24, 221, 343855600
24, 283, 550715953
24, 245, 271081786
24, 202, 15876579
24, 201, 133830511
24, 271, 1256574
24, 258, 13111788
24, 212, 1000943
24, 342, 336162204
24, 74, 127879844
24, 230, 100920034
24, 102, 10939010
24, 355, 92323882
24, 326, 80122006
24, 44, 65845796
24, 134, 23149621
24, 184, 11461755
24, 75, 118788459
24, 408, 35134109
24, 204, 53158319
24, 332, 93282023
24, 278, 6294653
24, 351, 205593008
24, 59, 77204215
24, 8, 104818177
24, 405, 88505378
24, 129, 38399322
24, 39, 111116447
24, 127, 39383082
24, 130, 216502451
24, 68, 8881419
24, 331, 233215524
24, 174, 51771418
24, 234, 170994485
24, 338, 62851143
24, 157, 89020367
24, 257, 11237371
24, 195, 221896447
24, 414, 50496129
24, 254, 13634761
24, 42, 66834738
24, 375, 67748196
24, 28, 190995874
24, 180, 23337144
24, 106, 84075892
24, 288, 539060792
24, 410, 263986431
24, 105, 11601386
24, 2, 66464500
24, 276, 4410807
24, 175, 11527096
24, 301, 2741497
24, 250, 12589244
24, 77, 24303813
24, 61, 98355076
24, 398, 648121946
24, 37, 37096319
24, 51, 42856115
24, 321, 64461291
24, 110, 19288287
24, 400, 6320331
24, 239, 158704740
24, 18, 9144705
24, 199, 2312270
24, 19, 58973306
24, 163, 62838719
24, 0, 66479538
24, 20, 222465174
24, 149, 19114699
24, 248, 49407701
24, 393, 136696417
24, 156, 10406567
24, 361, 115479351
24, 240, 38639102
24, 167, 912075
24, 372, 13902224
24, 381, 39521612
24, 227, 4302715
24, 169, 7011901
24, 11, 17698136
24, 373, 60241402
24, 265, 272638504
24, 424, 68152243
24, 133, 77833118
24, 340, 123641605
24, 264, 45561836
24, 303, 25065184
24, 84, 60259656
24, 287, 164836687
24, 262, 32239852
24, 114, 83588224
24, 140, 44086439
24, 50, 86883673
24, 53, 127425905
24, 56, 108407896
24, 367, 79183326
24, 222, 102745985
24, 273, 1538024
24, 237, 1243720
24, 6, 29399689
24, 191, 2715889
24, 269, 236756578
24, 413, 73988193
24, 7, 157688997
24, 79, 103608136
24, 55, 92988337
24, 5, 9784008
24, 275, 112512197
24, 52, 187709165
24, 203, 3341325
24, 71, 103635578
24, 147, 120419182
24, 213, 36196045
24, 364, 96274569
24, 161, 30898
24, 360, 42950392
24, 317, 133900373
24, 88, 97623206
24, 299, 153910908
24, 96, 296713701
24, 319, 141655522
24, 170, 47687323
24, 131, 37246611
24, 323, 1218112
24, 4, 135479954
24, 104, 88357825
24, 64, 19365082
24, 34, 366901891
24, 47, 350158333
24, 390, 52013942
24, 386, 100524433
24, 217, 79290137
24, 385, 114768070
24, 359, 26852757
24, 187, 15746293
24, 348, 52298959
24, 164, 16203844
24, 224, 46839607
24, 158, 138101235
24, 111, 29449583
24, 183, 49483462
24, 168, 366744582
24, 419, 101840789
24, 282, 123057163
24, 108, 192637791
24, 307, 28558047
24, 172, 72220154
24, 144, 105960630
24, 126, 135868294
24, 252, 96210626
24, 223, 46474642
24, 407, 65447443
24, 141, 119403599
24, 415, 82370579
24, 354, 48541389
24, 136, 33617593
24, 249, 101826050
24, 31, 6984309
24, 352, 181911372
24, 420, 192514378
24, 123, 352914620
24, 218, 128899953
24, 192, 118822704
24, 291, 36838262
24, 363, 375604223
24, 124, 58754532
24, 16, 375100205
24, 327, 52689892
24, 73, 170632390
24, 259, 23114945
24, 345, 522744057
24, 120, 11592259
24, 26, 20920164
24, 87, 210189005
24, 9, 76281213
24, 209, 83002947
24, 41, 39899752
24, 309, 187086404
24, 268, 34253358
24, 188, 27467603
24, 139, 581086058
24, 70, 135552105
24, 318, 9393601
24, 255, 79274013
24, 284, 154816435
24, 370, 55226023
24, 171, 511955634
24, 346, 189919100
24, 314, 136655459
24, 409, 519579274
24, 57, 44635280
24, 200, 36542905
24, 243, 218727654
24, 143, 196309
24, 189, 48458811
24, 279, 61390399
24, 121, 31278
24, 115, 39180086
24, 396, 125974977
24, 350, 534553470
24, 113, 72309189
24, 389, 219431085
24, 43, 84819054
24, 242, 170747041
24, 101, 7031998
24, 66, 27372754
24, 356, 64302465
24, 177, 345943151
24, 196, 48083155
24, 285, 71848381
24, 411, 320708869
24, 324, 62300820
24, 296, 27388894
24, 362, 980093
24, 36, 378756118
24, 280, 7942892
24, 154, 85098188
24, 235, 173211996
24, 406, 6770106
24, 371, 207372099
24, 267, 17605088
24, 322, 50961519
24, 176, 68364699
24, 325, 81742653
24, 274, 95739716
24, 290, 39414327
24, 166, 22193911
24, 17, 65709742
24, 226, 37157792
24, 159, 30635322
24, 45, 33463992
24, 125, 113458267
24, 251, 211142068
24, 109, 102965349
24, 335, 31782959
24, 328, 167676703
24, 382, 42861058
24, 404, 185063250
24, 208, 66782361
24, 116, 40848164
24, 306, 181535312
24, 207, 96504793
24, 392, 921483
27, 295, 3359906007
27, 144, 27213697879
27, 404, 791085624
27, 288, 501347442
27, 309, 61297701
27, 259, 5414716800
27, 269, 3208995815
27, 352, 11684708
27, 204, 595082939
27, 114, 9251548498
27, 157, 38418528924
27, 250, 682600849
27, 374, 37883122907
27, 134, 323248903
27, 381, 11818035
27, 342, 774781944
27, 243, 108669136
27, 391, 3654839296
27, 312, 851240
27, 411, 2422234020
27, 275, 692009938
27, 380, 37887716497
27, 159, 15757753130
27, 179, 639583994
27, 416, 742212461
27, 401, 123994886
27, 38, 3138731387
27, 260, 47198
27, 241, 16620772
27, 234, 1230803817
27, 202, 37903644032
27, 155, 93609105
27, 6, 677900066
27, 171, 1329539894
27, 112, 239145347
27, 433, 11546977390
27, 150, 84786364
27, 23, 1804205478
27, 378, 9246070605
27, 410, 4019553256
27, 217, 343038514
27, 68, 320166165
27, 161, 1954538545
27, 418, 41773314
27, 76, 4902959431
27, 261, 28083
27, 348, 229205493
27, 251, 37867349322
27, 56, 38608841595
27, 223, 99601905
27, 162, 76614
27, 99, 59340053
27, 207, 2971335698
27, 305, 1237524901
27, 306, 2076158942
27, 265, 3313210121
27, 100, 6192321362
27, 29, 1216362264
27, 434, 1570611
27, 42, 746830479
27, 302, 17305776938
27, 409, 2655862632
27, 358, 135376056
27, 285, 573097491
27, 345, 15604532176
27, 356, 1963442758
27, 296, 2082461041
27, 414, 1962033558
27, 67, 138403428
27, 270, 107539579
27, 244, 542641092
27, 216, 316917979
27, 304, 38324260600
27, 95, 47666477
27, 195, 41710133
27, 321, 45112082374
27, 236, 510492693
27, 297, 2461098732
27, 140, 44854294117
27, 101, 115110803
27, 74, 6309391853
27, 17, 1857070604
27, 226, 38798997688
27, 256, 1818141327
27, 83, 588216971
27, 424, 1370857377
27, 232, 14418785
27, 203, 1066255936
27, 228, 213509680
27, 279, 27117732258
27, 267, 949349772
27, 1, 35603550556
27, 403, 122368036
27, 130, 536006607
27, 185, 198349049
27, 253, 65417333
27, 422, 44894946612
27, 136, 500515372
27, 25, 1412767482
27, 70, 1032365027
27, 405, 224939890
27, 264, 6945658905
27, 44, 1432305323
27, 277, 6941418544
27, 320, 940272836
27, 438, 653040838
27, 96, 1462496951
27, 33, 2641303192
27, 423, 93201221
27, 153, 409892158
27, 258, 42938449
27, 357, 2092795994
27, 300, 15944564116
27, 227, 565359179
27, 431, 3670894676
27, 18, 7444911516
27, 97, 105402482
27, 382, 329655123
27, 118, 2432887219
27, 58, 15761739302
27, 287, 347075947
27, 377, 22710800
27, 123, 118418296
27, 47, 344407302
27, 360, 6171553832
27, 398, 291532964
27, 78, 59597116
27, 379, 744051343
27, 359, 238024029
27, 121, 1127218
27, 425, 19465454972
27, 286, 1801608558
27, 278, 1798913049
27, 353, 36868171153
27, 273, 829473991
27, 178, 2834121682
27, 274, 12682147983
27, 151, 1662259353
27, 271, 122463894
27, 266, 1090833013
27, 347, 784489117
27, 383, 136534449
27, 324, 2989898893
27, 368, 2216561333
27, 132, 557859596
27, 317, 4591958083
27, 65, 11254622801
27, 189, 1257656378
27, 75, 669754278
27, 390, 529141341
27, 15, 319907739
27, 389, 4822399991
27, 98, 20668430023
27, 143, 2825917505
27, 247, 1426547588
27, 384, 98148365
27, 246, 321142780
27, 314, 841447843
27, 0, 279786213
27, 160, 36348
27, 415, 27202500345
27, 158, 665764623
27, 326, 882865693
27, 289, 157780624
27, 21, 53403202761
27, 51, 654655392
27, 280, 31159
27, 367, 1135452
27, 35, 3475660
27, 7, 1949684674
27, 108, 7035433955
27, 221, 12750052007
27, 148, 751729888
27, 40, 38530471471
27, 28, 38377237
27, 116, 2419417396
27, 152, 135191702
27, 218, 958093309
27, 402, 907676156
27, 355, 88144038
27, 406, 11459635564
27, 135, 2518007880
27, 310, 16838092
27, 362, 3863433563
27, 371, 275273848
27, 316, 38549576219
27, 419, 101149217
27, 325, 405318818
27, 213, 35206457
27, 20, 12741276802
27, 84, 198033158
27, 124, 92392245
27, 77, 5049956377
27, 299, 44958740726
27, 117, 14657361828
27, 219, 1625623725
27, 2, 38548044
27, 340, 17607545
27, 26, 92833961
27, 172, 1289602632
27, 48, 23925282951
27, 255, 8118031941
27, 318, 893720596
27, 187, 91380297
27, 53, 15836789
27, 63, 37302743
27, 107, 1096219469
27, 69, 3436885137
27, 31, 114976734
27, 92, 42986258
27, 111, 95444884
27, 323, 82866
27, 113, 744023177
27, 291, 117164573
27, 183, 510924521
27, 104, 279378052
27, 322, 84794676
27, 319, 108860594
27, 349, 1326387636
27, 354, 6195461725
27, 169, 677444855
27, 137, 1541865574
27, 214, 279250861
27, 13, 373578974
27, 139, 534619179
27, 426, 57192315
27, 192, 452440
27, 329, 1834085083
27, 105, 201027238
27, 328, 46712409
27, 119, 1037065068
27, 343, 347792234
27, 437, 923025916
27, 94, 3907050872
27, 370, 158609276
27, 41, 545516356
27, 176, 120594053
27, 190, 656907002
27, 126, 293498323
27, 399, 231584869
27, 220, 118792931
27, 364, 1124768292
27, 283, 1373510160
27, 62, 447716018
27, 392, 21196338514
27, 57, 3909104443
27, 19, 5486710043
27, 16, 5315745
27, 407, 316512551
27, 365, 16427535787
27, 395, 48719708
27, 412, 1224090309
27, 282, 1311794848
27, 180, 755580700
27, 337, 97090040
27, 50, 2978574217
27, 129, 1413222191
27, 335, 125808826
27, 222, 179153994
27, 71, 11156278
27, 308, 1802737800
27, 212, 344877178
27, 427, 2113109058
27, 61, 322041862
27, 4, 4252389381
27, 106, 345390190
27, 93, 843037449
27, 408, 183741079
27, 421, 2867815444
27, 290, 61581507
27, 272, 886116660
27, 59, 122672354
27, 361, 15569813417
27, 292, 512529160
27, 66, 43458103
27, 239, 1860815
27, 191, 25652017
27, 196, 670997803
27, 166, 1804094395
27, 80, 921396052
27, 341, 679277436
27, 115, 30617804
27, 385, 404612523
27, 327, 50103364191
27, 417, 329459365
27, 201, 121475532
27, 128, 505079434
27, 315, 324436109
27, 210, 320042336
27, 122, 22571719480
27, 430, 17805145089
27, 344, 613869348
27, 52, 544704087
27, 351, 1268422279
27, 245, 5380199217
27, 206, 1959110059
27, 91, 15825011116
27, 82, 2320075285
27, 235, 162584130
27, 336, 1524567689
27, 400, 467434029
27, 211, 775858
27, 30, 6957392639
27, 142, 374519907
27, 441, 1877365101
27, 184, 42054344
27, 5, 9814034
27, 388, 6421338515
27, 145, 658589533
27, 346, 198590592
27, 293, 830609683
27, 281, 659347958
27, 182, 12869840487
27, 420, 686113850
27, 393, 147979455
27, 284, 830040491
27, 110, 16397050
27, 238, 1586440
27, 175, 1137012274
27, 89, 566711325
27, 167, 2853591009
27, 194, 273923635
27, 257, 294499546
27, 363, 1805717691
27, 199, 390479762
27, 230, 2100437128
27, 87, 4883215974
27, 334, 192197131
27, 146, 4602781600
27, 131, 522903485
27, 181, 18169914997
27, 350, 114374539
27, 147, 663481511
27, 168, 1892508019
27, 133, 324020494
27, 436, 163126314
27, 24, 207358808
27, 39, 684232207
27, 373, 43015309
27, 177, 108536314
27, 397, 91356631
27, 22, 2981308076
27, 141, 120519372
27, 164, 912274
27, 46, 17752395
27, 90, 19033551
27, 186, 15840604825
27, 8, 324097356
27, 252, 1421065953
27, 231, 101854190
27, 394, 764023081
27, 163, 53566169017
27, 54, 2105074097
27, 88, 64713305
27, 120, 17194800029
27, 375, 22811433271
27, 32, 2437062647
27, 34, 17295492672
27, 249, 662743471
27, 109, 88442205
27, 43, 1902978190
27, 276, 12863883590
27, 439, 1474809358
27, 262, 11396261149
27, 73, 1215588268
27, 173, 16807060
27, 81, 1374416271
27, 14, 8714564375
27, 330, 15815571313
27, 188, 6351420
27, 233, 5256754
27, 154, 135604110
27, 372, 566170647
27, 60, 5587976397
27, 366, 941838777
27, 55, 7073697
27, 298, 23604779
27, 301, 28103327
27, 294, 3562603066
27, 205, 280079022
27, 428, 8826227
27, 254, 5451456016
27, 396, 792932691
27, 127, 1073882727
27, 36, 47909240
27, 313, 58197994
27, 12, 208289306
27, 215, 6200091713
27, 224, 786363421
27, 229, 678233896
27, 331, 1343649056
27, 149, 1197508436
27, 79, 834107969
27, 197, 373309678
27, 49, 84649982
27, 237, 104718756
27, 435, 27185874579
27, 72, 1873426273
27, 386, 1012501806
27, 9, 27199994294
27, 332, 3150359962
27, 156, 9155972302
27, 64, 117914269
27, 102, 87743631
27, 198, 98465729
27, 193, 682466309
27, 208, 541555994
27, 37, 34816397
27, 170, 7142987965
27, 11, 3677389660
27, 333, 96134831
27, 10, 5595916987
27, 45, 1012592087
27, 27, 219852230
27, 225, 135915553
27, 86, 2833829202
27, 432, 945452466
27, 440, 2742910627
27, 339, 348045329
27, 387, 320897085
27, 165, 2477254722
27, 174, 63663263930
27, 242, 60254035
27, 125, 27339459827
27, 338, 788943162
27, 268, 61113041
27, 200, 1416533295
27, 311, 59816464
27, 263, 1150753700
27, 429, 3227021494
27, 209, 1832095500
27, 369, 1827750337
27, 103, 311824809
27, 138, 293463437
27, 413, 318671390
27, 303, 229079443
27, 85, 591774851
27, 307, 5477343719
27, 376, 1459027679
27, 248, 55272359
27, 3, 9878208209
27, 240, 280357545
10, 12, 2112025855
10, 322, 142344100
10, 29, 17590684
10, 401, 1522329071
10, 49, 15694081
10, 276, 232500186
10, 307, 37905114
10, 96, 15375282
10, 40, 259243613
10, 193, 42313736
10, 210, 231897423
10, 176, 68102378
10, 257, 205499345
10, 153, 133224440
10, 121, 2108018603
10, 97, 91994730
10, 79, 191561623
10, 53, 44077468
10, 77, 29609953
10, 247, 383592348
10, 342, 1398127
10, 297, 5548593
10, 7, 56926855
10, 376, 120913884
10, 213, 127746228
10, 413, 51822588
10, 328, 361366988
10, 183, 48932109
10, 306, 1716152029
10, 124, 640193085
10, 57, 38941300
10, 106, 69672148
10, 290, 20182252
10, 241, 146328163
10, 181, 186741399
10, 236, 995390326
10, 211, 135233462
10, 424, 56386882
10, 393, 245511636
10, 52, 97491897
10, 229, 532897423
10, 38, 216722848
10, 173, 23044609
10, 365, 96290209
10, 112, 193309045
10, 304, 13930919
10, 410, 29035362
10, 270, 87850435
10, 287, 1508561512
10, 386, 295898236
10, 383, 129913629
10, 194, 251287607
10, 152, 99736633
10, 133, 504275457
10, 253, 1486963089
10, 234, 45678906
10, 9, 57489391
10, 196, 93485912
10, 110, 965807491
10, 348, 16093432
10, 44, 413551074
10, 51, 29060027
10, 349, 387777629
10, 136, 266873644
10, 388, 17880258
10, 197, 231939220
10, 434, 9278068
10, 332, 1030036704
10, 399, 72522763
10, 412, 49664463
10, 355, 17852836
10, 436, 111986514
10, 286, 99708258
10, 174, 8828915
10, 243, 247114968
10, 143, 2639578
10, 212, 216370795
10, 10, 416229444
10, 120, 20049602
10, 280, 17696212
10, 180, 13438385
10, 221, 8595476
10, 391, 142685961
10, 433, 40426951
10, 46, 5542911
10, 375, 48908514
10, 244, 744503908
10, 132, 1787314435
10, 86, 106480870
10, 373, 1058623891
10, 111, 38229814
10, 91, 105018723
10, 45, 53616659
10, 127, 106455783
10, 321, 418323288
10, 34, 185690884
10, 227, 330818011
10, 294, 19875484
10, 201, 100886403
10, 392, 121966410
10, 83, 197347782
10, 129, 223768953
10, 369, 5359027
10, 98, 156164410
10, 64, 85222196
10, 336, 383631851
10, 317, 45362281
10, 166, 63319333
10, 102, 60692619
10, 55, 1012846758
10, 310, 311128796
10, 60, 64803381
10, 225, 117428165
10, 408, 11469905
10, 145, 432858300
10, 118, 52864393
10, 31, 356982310
10, 231, 119084847
10, 95, 202738897
10, 41, 49541763
10, 389, 230894257
10, 426, 716664419
10, 324, 49943206
10, 59, 124609897
10, 235, 161580553
10, 109, 70923667
10, 316, 278344820
10, 318, 56794296
10, 218, 282811682
10, 292, 62268278
10, 298, 2219061899
10, 232, 61452357
10, 264, 125056173
10, 390, 59723460
10, 302, 130182041
10, 341, 389424962
10, 13, 33764
10, 260, 36261555
10, 275, 151372367
10, 249, 95924500
10, 305, 26288703
10, 272, 1020659562
10, 103, 1721551601
10, 366, 71863353
10, 252, 350795537
10, 370, 119267099
10, 224, 47258373
10, 191, 58193584
10, 239, 358334889
10, 6, 60784199
10, 116, 267561124
10, 258, 33418216
10, 326, 244817240
10, 205, 104898798
10, 85, 68843190
10, 382, 57002006
10, 87, 35002532
10, 16, 1433298726
10, 158, 354185
10, 54, 70242117
10, 222, 26994007
10, 268, 67101208
10, 313, 5568751
10, 22, 85010107
10, 240, 267022742
10, 327, 114551582
10, 223, 343417647
10, 429, 216156370
10, 381, 366138396
10, 1, 432574966
10, 43, 32430388
10, 250, 8281546
10, 403, 1011373216
10, 177, 57824601
10, 279, 40918114
10, 398, 134896006
10, 125, 2207645284
10, 50, 348169371
10, 78, 354593800
10, 56, 271678888
10, 432, 135294024
10, 144, 18640926
10, 190, 49652690
10, 25, 115704106
10, 155, 187670291
10, 101, 38258867
10, 72, 15535624
10, 90, 48505896
10, 338, 136841971
10, 28, 62777256
10, 178, 529806077
10, 418, 24286
10, 245, 268966954
10, 309, 1001924233
10, 204, 128923357
10, 374, 166478051
10, 354, 52376958
10, 159, 433417758
10, 299, 52238358
10, 163, 2651214963
10, 32, 18695479
10, 345, 106991558
10, 26, 357484771
10, 219, 21404187
10, 361, 106341387
10, 168, 75542131
10, 65, 14690275
10, 407, 270054024
10, 423, 107379067
10, 320, 996944127
10, 300, 53187440
10, 417, 463594371
10, 377, 144508234
10, 333, 251980744
10, 230, 114105382
10, 74, 742867373
10, 30, 18802430
10, 421, 269951241
10, 141, 29634447
10, 80, 364074389
10, 8, 39393828
10, 161, 331390242
10, 67, 295806109
10, 319, 1448870569
10, 396, 387858213
10, 195, 38867750
10, 134, 330002434
10, 20, 36989644
10, 440, 252749067
10, 296, 91376997
10, 267, 152060850
10, 325, 1506222509
10, 117, 113452064
10, 18, 57667606
10, 265, 358383
10, 339, 218708975
10, 303, 18678836
10, 186, 626756002
10, 148, 229924172
10, 0, 415891262
10, 334, 6903578
10, 209, 10631041
10, 371, 158095283
10, 184, 2209606280
10, 126, 114224045
10, 415, 574060014
10, 99, 29006197
10, 88, 31598806
10, 364, 76841934
10, 430, 676898331
10, 76, 123276459
10, 199, 51367742
10, 113, 227527
10, 363, 100757797
10, 162, 244356974
10, 372, 263539756
10, 251, 188394941
10, 187, 204690230
10, 314, 295932034
10, 23, 252283202
10, 107, 43864678
10, 214, 100445622
10, 24, 224476779
10, 289, 24164332
10, 362, 40755176
10, 233, 22382
10, 266, 715895114
10, 17, 67021336
10, 350, 60211003
10, 255, 716363784
10, 397, 969070560
10, 282, 537898144
10, 293, 246204754
10, 165, 43659201
10, 352, 52476866
10, 151, 185827648
10, 404, 951383345
10, 344, 114921605
10, 311, 1376356045
10, 175, 133811547
10, 387, 136098004
10, 329, 32693383
10, 427, 233085930
10, 400, 172055136
10, 35, 297920708
10, 150, 188784231
10, 69, 87930363
10, 301, 1041358880
10, 11, 31899352
10, 21, 52583956
10, 146, 159598668
10, 263, 295697052
10, 131, 135197651
10, 291, 47842601
10, 215, 272884720
10, 312, 9811049
10, 259, 18463332
10, 142, 87309074
10, 207, 35105495
10, 405, 234315598
10, 385, 966105
10, 380, 46187601
10, 94, 330462677
10, 92, 29060538
10, 437, 20106879
10, 36, 6885073
10, 33, 51172154
10, 139, 30828
10, 420, 54950763
10, 431, 26101801
10, 156, 14904146
10, 3, 496323677
10, 172, 168267934
10, 70, 76283233
10, 5, 132712826
10, 61, 77518023
10, 347, 743863027
10, 108, 42702416
10, 367, 185219986
10, 93, 48875809
10, 395, 34912141
10, 254, 175786766
10, 409, 82356262
10, 379, 226255
10, 157, 51811313
10, 269, 143254687
10, 228, 224555876
10, 295, 97078827
10, 105, 85409948
10, 358, 39393999
10, 15, 404230936
10, 346, 67430204
10, 37, 382358842
10, 384, 110803638
10, 330, 84047991
10, 149, 28835
10, 147, 16321719
10, 208, 97730663
10, 242, 36735095
10, 425, 9794218
10, 353, 86239867
10, 48, 178063301
10, 246, 259704221
10, 323, 838475
10, 2, 19691889
10, 285, 1020187818
10, 47, 2558114215
10, 274, 432428061
10, 82, 259718346
10, 122, 103806475
10, 198, 344460851
10, 428, 383567911
10, 114, 130020867
10, 402, 232178584
10, 71, 230454656
10, 84, 62184481
10, 438, 106751777
10, 360, 35086
10, 66, 231149693
10, 217, 119001477
10, 188, 7512471
10, 356, 27034002
10, 206, 48376955
10, 63, 69977248
10, 68, 29692376
10, 237, 333454856
10, 4, 71735090
10, 238, 68785239
10, 256, 48423302
10, 128, 1418975564
10, 203, 130701916
10, 248, 36715568
10, 189, 29898233
10, 315, 5753497
10, 27, 54705832
10, 288, 1509068888
10, 351, 159452463
10, 167, 69918247
10, 439, 16577890
10, 104, 56051640
10, 185, 1509612809
10, 406, 24712660
10, 62, 48511807
10, 394, 15426887
10, 308, 32556164
10, 368, 537627311
10, 130, 23428770
10, 169, 1021573294
10, 357, 52750808
10, 200, 222158713
10, 419, 68871982
10, 281, 1525738507
10, 19, 40054450
10, 164, 25190500
10, 422, 252085206
10, 58, 201278780
10, 277, 222476758
10, 75, 674939584
10, 81, 48139125
10, 414, 73452786
10, 340, 59145612
10, 435, 1387276
10, 171, 67606355
10, 39, 40692679
10, 160, 44967097
10, 378, 150194212
10, 119, 122521819
10, 115, 1509771994
10, 135, 125066439
10, 278, 407149004
10, 359, 54976431
10, 140, 121485292
10, 284, 69777322
10, 442, 140332195
10, 138, 67307774
10, 192, 53790191
10, 416, 32666162
10, 337, 15560270
10, 170, 1041422147
10, 137, 25807958
10, 216, 175459370
10, 14, 534693379
10, 42, 352291418
10, 226, 92296702
10, 154, 240384157
10, 343, 107155726
10, 73, 674944632
10, 100, 139977939
10, 283, 539477585
10, 262, 244958390
10, 182, 52670738
10, 202, 1030552899
10, 179, 20786887
10, 411, 1830312645
10, 331, 50114147
10, 220, 2189295340
10, 335, 1453788226
10, 89, 61589531
10, 441, 352783
10, 123, 30410484
10, 261, 75556087
10, 271, 35428209
10, 273, 22632
28, 12, 854842196
28, 29, 244947187
28, 375, 1177238654
28, 131, 3120944586
28, 400, 1489489607
28, 201, 1392376
28, 123, 180375693
28, 68, 167373549
28, 437, 1051181664
28, 342, 964932621
28, 250, 24546429
28, 441, 214053975
28, 233, 7209100322
28, 33, 109758975
28, 262, 17999912019
28, 383, 1209340383
28, 311, 2188904788
28, 62, 5522464356
28, 167, 1619878623
28, 53, 1230421680
28, 431, 160485209
28, 408, 225961140
28, 138, 345389476
28, 202, 8148242871
28, 421, 81985171
28, 407, 98507058
28, 423, 5015810302
28, 117, 642810876
28, 301, 2414022778
28, 82, 8956148642
28, 329, 25157
28, 221, 338389964
28, 213, 4810636036
28, 98, 111615378
28, 37, 3314561409
28, 7, 15392457632
28, 307, 107920298
28, 295, 104192326
28, 47, 8516004490
28, 15, 197511617
28, 115, 112414910
28, 381, 855704529
28, 100, 11197828608
28, 114, 225549833
28, 5, 831880404
28, 318, 973039778
28, 418, 1136170793
28, 390, 143053602
28, 71, 2516524327
28, 148, 8453345140
28, 73, 1223765768
28, 264, 1551987426
28, 143, 4923919
28, 268, 969867224
28, 425, 391981706
28, 261, 13558849736
28, 32, 451214397
28, 128, 37571215
28, 34, 676769679
28, 331, 3038693325
28, 330, 343454642
28, 231, 232337659
28, 86, 30802679
28, 28, 543824996
28, 410, 3526866884
28, 304, 2219268
28, 263, 3988801211
28, 187, 90096086
28, 323, 217753066
28, 210, 830672726
28, 178, 5473888995
28, 336, 984826066
28, 384, 3031887927
28, 327, 1502374989
28, 212, 1650890650
28, 328, 1303077862
28, 192, 8433577670
28, 374, 1324596670
28, 256, 81624332
28, 157, 7467655751
28, 81, 1649450987
28, 246, 497948398
28, 249, 257687395
28, 443, 136286589
28, 191, 5038442690
28, 269, 144833471
28, 216, 201849021
28, 377, 1619093743
28, 397, 8495797992
28, 61, 1709532706
28, 241, 12586123397
28, 169, 1057025579
28, 271, 600355402
28, 175, 117178767
28, 2, 43257502
28, 220, 48815544
28, 347, 2376685494
28, 118, 304357737
28, 158, 177359486
28, 324, 30629584
28, 41, 2884958157
28, 350, 160807497
28, 183, 1233519579
28, 286, 3417643757
28, 275, 2508019482
28, 298, 152322777
28, 266, 341636620
28, 83, 9956654813
28, 445, 6224850763
28, 125, 333260406
28, 9, 1005959461
28, 109, 1065999408
28, 74, 3499363538
28, 440, 1202978594
28, 365, 37477016
28, 415, 775075977
28, 362, 35717
28, 88, 2509925809
28, 386, 146400703
28, 107, 61114367
28, 385, 284179884
28, 351, 101392000
28, 404, 4818002989
28, 340, 966193404
28, 439, 177574700
28, 320, 100608139
28, 424, 7886740748
28, 172, 135983315
28, 292, 35276152
28, 254, 100894535
28, 372, 519983449
28, 253, 146376688
28, 309, 7399369
28, 392, 447504776
28, 219, 7073178530
28, 21, 43760479
28, 395, 261506322
28, 237, 8429174759
28, 104, 83717421
28, 398, 287595237
28, 258, 18157671488
28, 173, 97212
28, 69, 1208243052
28, 124, 5055415
28, 99, 5677215271
28, 368, 6128820258
28, 95, 500476804
28, 435, 19692094564
28, 430, 9351471937
28, 72, 303250499
28, 80, 797598710
28, 316, 342274452
28, 168, 606903475
28, 196, 1546902763
28, 130, 436568096
28, 102, 278992275
28, 334, 257686254
28, 24, 828630657
28, 145, 13540801268
28, 217, 16392301409
28, 188, 12597519180
28, 111, 4705334816
28, 48, 1058217
28, 18, 366582467
28, 272, 3508183535
28, 353, 7911433493
28, 306, 1084829738
28, 299, 50981781
28, 394, 184812019
28, 387, 6566365
28, 419, 384920271
28, 349, 308626234
28, 209, 329355712
28, 356, 396807710
28, 194, 102075983
28, 270, 170201687
28, 273, 122681588
28, 312, 3271154406
28, 96, 1200500786
28, 409, 283286188
28, 52, 1307151142
28, 185, 21659029709
28, 367, 11700120911
28, 442, 82608285
28, 234, 18363126857
28, 106, 18448579233
28, 287, 2677122625
28, 369, 1001491760
28, 190, 1620184640
28, 278, 463764241
28, 103, 6665437828
28, 376, 24703916489
28, 139, 582664
28, 289, 1095029410
28, 412, 238970955
28, 135, 9319055885
28, 274, 5500537367
28, 322, 3420172026
28, 428, 778169312
28, 163, 8915999337
28, 248, 1327253377
28, 177, 1654877682
28, 396, 1338290229
28, 429, 225349579
28, 146, 469241556
28, 303, 205285722
28, 265, 3489431460
28, 388, 13271660442
28, 321, 1516563199
28, 199, 1571071
28, 229, 1371007449
28, 361, 100024478
28, 26, 1142796957
28, 38, 8137125601
28, 235, 589893868
28, 354, 291316345
28, 184, 2824445
28, 0, 2592063790
28, 161, 647024948
28, 174, 58530
28, 447, 10327868
28, 40, 124250063
28, 90, 1238617
28, 13, 2177169454
28, 364, 968271771
28, 186, 439382911
28, 247, 5863981364
28, 57, 4230849743
28, 338, 123651978
28, 302, 8472947259
28, 197, 1567056716
28, 22, 325992798
28, 35, 2165351340
28, 285, 17645407366
28, 79, 15490737716
28, 36, 197213117
28, 413, 1629598895
28, 223, 5387739062
28, 166, 417537496
28, 252, 1568766441
28, 348, 707412350
28, 76, 1838244485
28, 207, 3517032240
28, 276, 97625482
28, 159, 942132586
28, 300, 809734102
28, 393, 12410640
28, 6, 50617976
28, 206, 428835186
28, 240, 436660
28, 133, 71457751
28, 116, 1328886
28, 179, 456740139
28, 56, 877582011
28, 218, 117237979
28, 325, 540356738
28, 239, 3080385398
28, 370, 437566606
28, 122, 178138628
28, 406, 233319286
28, 244, 17415378142
28, 215, 716203181
28, 245, 4881713480
28, 242, 17549460136
28, 4, 439574726
28, 238, 344210654
28, 3, 234563280
28, 420, 32006819
28, 314, 1631481643
28, 112, 56202875
28, 417, 1631600607
28, 195, 6593414
28, 222, 113232055
28, 121, 225677853
28, 226, 154301124
28, 19, 4232189656
28, 66, 6535720821
28, 214, 5791001658
28, 446, 945861837
28, 193, 126226132
28, 70, 8469613561
28, 255, 7977349397
28, 144, 20603103316
28, 170, 17207471559
28, 296, 797657380
28, 43, 159796605
28, 110, 616214136
28, 281, 1333523087
28, 310, 691260374
28, 259, 1170309594
28, 279, 194091342
28, 10, 7404107
28, 251, 442543199
28, 326, 1550512549
28, 282, 25030624563
28, 162, 483261990
28, 27, 463327367
28, 357, 266628537
28, 147, 1823443121
28, 208, 5506731165
28, 142, 224637315
28, 434, 105468101
28, 389, 1272791833
28, 294, 682355106
28, 360, 784907981
28, 50, 7406217221
28, 44, 483671951
28, 75, 1933185868
28, 51, 804877561
28, 14, 7238968743
28, 149, 239917918
28, 379, 1044511352
28, 78, 682268353
28, 108, 582146043
28, 290, 463083569
28, 129, 995606645
28, 200, 103725948
28, 341, 1648787001
28, 228, 657906854
28, 205, 344182647
28, 94, 5531281778
28, 165, 28167247091
28, 414, 450118295
28, 317, 104336064
28, 293, 1652706209
28, 426, 389113881
28, 77, 104782792
28, 17, 338695060
28, 225, 555729994
28, 232, 4278346595
28, 91, 817766926
28, 227, 17380609969
28, 343, 1039467765
28, 257, 1339358008
28, 444, 29500800
28, 89, 7245546640
28, 160, 15380867927
28, 366, 1152173508
28, 45, 8494796
28, 141, 106788369
28, 113, 56711492
28, 151, 7537716010
28, 345, 339608733
28, 63, 238790058
28, 313, 8649959363
28, 436, 995911472
28, 58, 8877553267
28, 346, 306255597
28, 92, 1659719746
28, 401, 1002687237
28, 380, 1017571
28, 438, 315196792
28, 427, 153828755
28, 54, 1554807900
28, 152, 1316789714
28, 335, 3521755889
28, 344, 1183893586
28, 332, 5684086822
28, 337, 13115309930
28, 416, 4774250944
28, 371, 3429273557
28, 378, 8497707157
28, 291, 12378361571
28, 155, 1057100859
28, 42, 29144
28, 85, 117721
28, 181, 423789459
28, 120, 31239
28, 305, 104275148
28, 20, 228779133
28, 204, 1745799
28, 176, 3921589554
28, 403, 2410938064
28, 433, 1626011627
28, 363, 1395341
28, 127, 10027942218
28, 283, 96830465
28, 60, 8842545367
28, 402, 5434993366
28, 297, 1291810151
28, 267, 3136892893
28, 355, 59164576
28, 87, 315068189
28, 211, 3146457608
28, 171, 2479031101
28, 134, 1277179
28, 277, 111010198
28, 11, 15233242
28, 164, 3188293807
28, 260, 4315143866
28, 405, 1511072536
28, 23, 362797877
28, 288, 235442
28, 84, 57103768
28, 319, 348142781
28, 126, 44721160
28, 25, 1112090572
28, 55, 8536189231
28, 182, 389887290
28, 382, 266972881
28, 198, 627084092
28, 391, 212115535
28, 65, 160377234
28, 64, 685818713
28, 230, 33032
28, 140, 6472037291
28, 132, 103807772
28, 284, 1682521515
28, 315, 2829481532
28, 67, 16496010373
28, 224, 233752835
28, 422, 313622874
28, 97, 401938595
28, 156, 7590724106
28, 49, 431961927
28, 119, 21953390104
28, 243, 1435383697
28, 150, 1581180596
28, 46, 5459730949
28, 154, 1187326195
28, 189, 33794
28, 236, 878956409
28, 105, 28876519
28, 359, 25368
28, 308, 8692346
28, 8, 10678381129
28, 358, 12331669138
28, 399, 1303828348
28, 180, 1838886797
28, 59, 107213698
28, 333, 123197008
28, 280, 3102911304
28, 16, 550909965
28, 411, 4271754028
28, 373, 21839632990
28, 39, 582191439
28, 1, 348572579
28, 136, 324916123
28, 203, 3048243699
28, 101, 333289692
28, 432, 1260571268
28, 339, 122042980
28, 352, 277124659
28, 93, 459975514
28, 31, 250232266
28, 153, 3494670293
28, 30, 4183446999
28, 137, 1258070098
