Netid, Fid, LB_FF
1, 7, 4497867
1, 12, 635831
1, 10, 3303519
1, 4, 2365902
1, 15, 43892
1, 1, 381294
1, 2, 34926
1, 16, 1775908
1, 5, 1388973
1, 11, 2107498
1, 6, 259186
1, 14, 2084225
1, 9, 9893556
1, 13, 1616118
1, 3, 1217190
1, 8, 322634
1, 0, 133871
2, 13, 3633208
2, 29, 3213280
2, 21, 4964061
2, 12, 10362725
2, 16, 1469303
2, 0, 4789723
2, 24, 1900692
2, 26, 1895652
2, 27, 169397
2, 2, 6602670
2, 32, 3762959
2, 25, 3577584
2, 11, 774301
2, 23, 1365217
2, 1, 440986
2, 8, 1036071
2, 17, 524783
2, 19, 548517
2, 31, 602659
2, 28, 461354
2, 9, 3148430
2, 22, 3209973
2, 30, 1057061
2, 3, 1053214
2, 14, 2522897
2, 7, 358121
2, 5, 201678
2, 10, 1262225
2, 6, 1465305
2, 18, 1251394
2, 4, 1926168
2, 15, 2315048
2, 20, 4496725
3, 173, 39550880
3, 69, 21968749
3, 184, 172669415
3, 47, 60183697
3, 43, 19178711
3, 133, 169085980
3, 163, 173095
3, 77, 1235605
3, 25, 5487931
3, 87, 292554752
3, 177, 684552
3, 27, 13741406
3, 2, 181450
3, 23, 6288992
3, 182, 6048411
3, 152, 442800
3, 180, 45346819
3, 112, 28980996
3, 135, 721936028
3, 19, 13863213
3, 160, 10141110
3, 68, 26516550
3, 124, 16782342
3, 30, 28908200
3, 210, 19679722
3, 157, 6218381
3, 61, 210105331
3, 90, 65881481
3, 80, 30520352
3, 46, 9307378
3, 138, 184727014
3, 153, 264576
3, 5, 548603240
3, 142, 11801250
3, 38, 214668870
3, 193, 722423631
3, 106, 70980365
3, 178, 10553122
3, 223, 626434
3, 183, 10572457
3, 65, 780367661
3, 141, 27902507
3, 113, 257062669
3, 119, 70773175
3, 229, 5309659
3, 194, 16787032
3, 110, 58985452
3, 145, 5139459
3, 155, 28207698
3, 118, 1011666
3, 208, 171847664
3, 146, 187149802
3, 18, 297170752
3, 195, 577542
3, 115, 52486466
3, 26, 143132957
3, 227, 392883784
3, 120, 178976199
3, 225, 9103285
3, 57, 342156824
3, 220, 5409275
3, 188, 150822782
3, 168, 64791591
3, 20, 288501119
3, 156, 14811170
3, 104, 34179056
3, 59, 3872485
3, 4, 42684281
3, 186, 10824640
3, 107, 119240363
3, 171, 40526
3, 147, 253175
3, 122, 39586055
3, 216, 2650796
3, 39, 49533563
3, 203, 11320179
3, 52, 474184865
3, 170, 5440874
3, 217, 74832011
3, 161, 259540270
3, 134, 463187321
3, 131, 638551672
3, 31, 1524536
3, 136, 1104790170
3, 24, 27407338
3, 175, 504241557
3, 198, 1218754
3, 21, 36088
3, 111, 113745176
3, 176, 378855021
3, 49, 100819
3, 64, 208747467
3, 144, 9301677
3, 42, 317752332
3, 121, 42168535
3, 219, 42419375
3, 62, 26981
3, 48, 466384039
3, 16, 26936186
3, 0, 7108489
3, 98, 1473260434
3, 151, 5096047
3, 7, 22753
3, 88, 21906734
3, 192, 11903882
3, 13, 11523830
3, 169, 558163152
3, 215, 39642331
3, 1, 40264027
3, 108, 14083345
3, 197, 356593733
3, 51, 6401063
3, 56, 6603082
3, 36, 20930414
3, 159, 6346931
3, 109, 70514631
3, 167, 58995300
3, 105, 660177
3, 6, 59953005
3, 130, 75581256
3, 72, 2155848
3, 137, 45193462
3, 29, 72481918
3, 82, 64869826
3, 204, 381600835
3, 28, 5307033
3, 60, 13742537
3, 148, 10042555
3, 132, 304055491
3, 22, 291660988
3, 189, 11620612
3, 32, 13835302
3, 12, 2429511
3, 191, 183946662
3, 15, 42176389
3, 201, 7614887
3, 218, 2312362
3, 100, 459110
3, 116, 20088016
3, 95, 322693188
3, 226, 1504909
3, 86, 372551059
3, 81, 91649259
3, 3, 44867761
3, 78, 21064465
3, 67, 8997517
3, 41, 43900469
3, 200, 232334919
3, 205, 19497450
3, 202, 38762293
3, 58, 11619740
3, 50, 277899837
3, 75, 45472686
3, 211, 67897
3, 139, 377558981
3, 165, 22011
3, 207, 7009793
3, 44, 17749424
3, 212, 96093104
3, 187, 6190508
3, 71, 253795
3, 214, 13614758
3, 14, 87518279
3, 55, 16522756
3, 166, 12975089
3, 206, 20852578
3, 125, 2646498
3, 128, 14817892
3, 8, 5062886
3, 94, 260958266
3, 34, 910866
3, 162, 323501284
3, 224, 7067761
3, 99, 93639667
3, 85, 286470364
3, 54, 39461122
3, 45, 126898820
3, 40, 25969
3, 66, 19343410
3, 127, 276548
3, 73, 26576833
3, 158, 270937
3, 181, 643281974
3, 97, 378665196
3, 164, 16803682
3, 114, 1484080
3, 209, 20226624
3, 102, 64007942
3, 92, 59354523
3, 9, 59784509
3, 222, 40383652
3, 93, 9063922
3, 11, 14919532
3, 140, 77215
3, 79, 43890701
3, 84, 560691
3, 221, 12266331
3, 63, 299775923
3, 185, 210184969
3, 101, 19534349
3, 174, 72972216
3, 150, 49717657
3, 53, 96751
3, 10, 9065555
3, 154, 7426293
3, 149, 368373113
3, 17, 704560
3, 33, 59973072
3, 126, 14534871
3, 190, 10643000
3, 172, 96080
3, 143, 28563586
3, 213, 38083741
3, 76, 913161
3, 196, 20098
3, 228, 42112779
3, 89, 7446001
3, 129, 14982421
3, 83, 721902444
3, 91, 13634805
3, 179, 10450839
3, 123, 232234001
3, 37, 616345
3, 35, 34214
3, 103, 6039685
3, 96, 239531561
3, 199, 11797063
3, 74, 9034166
3, 70, 58689537
3, 117, 70805438
5, 5, 593583
5, 11, 74289
5, 10, 33472
5, 0, 30237
5, 6, 35667
5, 15, 31950
5, 2, 44694
5, 3, 30898
5, 9, 30837
5, 7, 114033
5, 13, 87264
5, 1, 42320
5, 16, 59591
5, 8, 121748
5, 12, 23204
5, 4, 43130
5, 14, 10680
6, 22, 582762
6, 10, 1433075
6, 4, 145563
6, 12, 355286
6, 6, 102893
6, 15, 137238
6, 19, 237395
6, 3, 191478
6, 14, 973233
6, 11, 192821
6, 18, 435576
6, 26, 398236
6, 16, 2508299
6, 21, 335689
6, 1, 292949
6, 23, 2337730
6, 13, 143779
6, 25, 852738
6, 9, 16251
6, 2, 104386
6, 0, 1415904
6, 5, 140003
6, 20, 150502
6, 8, 33172
6, 7, 521326
6, 17, 191999
6, 24, 131146
7, 0, 43691
7, 3, 17813
7, 1, 25137
7, 2, 32822
8, 82, 57351189
8, 269, 10351425
8, 163, 143162610
8, 8, 198728146
8, 242, 249704231
8, 29, 68916478
8, 58, 27723702
8, 44, 38614235
8, 159, 3335869
8, 85, 31352930
8, 59, 38297202
8, 240, 23545163
8, 34, 256210541
8, 30, 14404227
8, 131, 18779134
8, 260, 3707545
8, 195, 29684205
8, 87, 42018463
8, 231, 180493612
8, 212, 74846298
8, 38, 16295490
8, 67, 41592805
8, 197, 7034058
8, 70, 7023329
8, 93, 11549448
8, 80, 75427386
8, 100, 57976802
8, 276, 3053340
8, 91, 72633913
8, 164, 369773
8, 62, 26218832
8, 173, 22591275
8, 133, 255642858
8, 244, 28236753
8, 97, 15545175
8, 134, 56975295
8, 245, 56240669
8, 129, 38727487
8, 169, 2828931
8, 83, 146089975
8, 60, 1250673
8, 20, 138695492
8, 25, 72936
8, 151, 15328749
8, 174, 137514639
8, 223, 256024573
8, 243, 14946512
8, 11, 307173533
8, 96, 31246030
8, 190, 75691982
8, 119, 27952099
8, 262, 13588929
8, 213, 50933827
8, 69, 3362729
8, 214, 18682382
8, 209, 298879152
8, 106, 31314569
8, 183, 84190574
8, 104, 7258689
8, 63, 11716192
8, 127, 101652880
8, 52, 48623468
8, 237, 29308742
8, 101, 182612
8, 121, 62287
8, 12, 124324628
8, 2, 299481
8, 225, 36769
8, 37, 40156184
8, 186, 415590445
8, 265, 5161581
8, 117, 57608853
8, 120, 3726342
8, 54, 84176799
8, 61, 11346968
8, 184, 97075756
8, 207, 10133515
8, 103, 3372840
8, 6, 29797737
8, 130, 55986363
8, 203, 37159870
8, 224, 45627194
8, 179, 1349427
8, 171, 140515221
8, 23, 372247009
8, 75, 26415130
8, 215, 7197664
8, 53, 14041950
8, 84, 6595486
8, 273, 18666151
8, 45, 26397899
8, 230, 105513283
8, 22, 74823414
8, 208, 14080851
8, 49, 82856
8, 194, 21869364
8, 26, 41602334
8, 251, 59762
8, 247, 521162439
8, 158, 641642082
8, 122, 22826977
8, 74, 1355199
8, 124, 41982135
8, 259, 858589
8, 142, 7005325
8, 220, 14266098
8, 155, 7543353
8, 109, 257385583
8, 73, 12674656
8, 136, 8551912
8, 114, 11228729
8, 219, 516782654
8, 152, 28519741
8, 266, 17828554
8, 249, 175373038
8, 153, 57811933
8, 5, 34803426
8, 126, 56532305
8, 162, 9365537
8, 141, 5222855
8, 187, 239307203
8, 107, 17921706
8, 123, 364934
8, 170, 251699940
8, 264, 102337444
8, 148, 6613040
8, 258, 430790132
8, 77, 22472
8, 156, 258050527
8, 143, 16015096
8, 92, 60102
8, 57, 14088284
8, 144, 17622937
8, 216, 142898345
8, 78, 69557749
8, 3, 28904
8, 185, 25992869
8, 16, 49849446
8, 221, 145693
8, 150, 29713249
8, 172, 539861
8, 147, 7532743
8, 175, 7155526
8, 35, 1383853
8, 42, 7244472
8, 267, 57103727
8, 238, 56372195
8, 86, 154608696
8, 0, 21996933
8, 140, 566193588
8, 198, 180809
8, 229, 9288201
8, 182, 18071908
8, 39, 7584950
8, 115, 6128372
8, 99, 14057778
8, 116, 177243273
8, 268, 7260112
8, 248, 106047714
8, 32, 71031802
8, 191, 150832
8, 157, 27596482
8, 277, 176586513
8, 28, 29153329
8, 76, 56745445
8, 36, 87608909
8, 188, 14185397
8, 108, 73042599
8, 278, 73174364
8, 227, 212458220
8, 232, 11397804
8, 270, 23369274
8, 102, 299421
8, 202, 376801162
8, 125, 256987156
8, 17, 21490
8, 165, 3985837
8, 254, 56157113
8, 222, 154084744
8, 196, 86883
8, 9, 233671714
8, 246, 28143398
8, 41, 75364408
8, 47, 1207843
8, 132, 566741965
8, 72, 6734297
8, 33, 86934675
8, 50, 28967803
8, 113, 3178966
8, 48, 27572508
8, 218, 53343702
8, 105, 29181551
8, 110, 238866687
8, 51, 519245187
8, 19, 76645008
8, 235, 31344505
8, 181, 5494194
8, 21, 3719859
8, 68, 6260890
8, 192, 31477886
8, 43, 223107340
8, 250, 18167447
8, 89, 13110905
8, 46, 5374579
8, 200, 9853111
8, 154, 174445530
8, 253, 14129603
8, 177, 200622294
8, 24, 146012360
8, 167, 34028203
8, 135, 3198543
8, 261, 3354374
8, 56, 77738056
8, 257, 90711422
8, 201, 71799150
8, 275, 27258238
8, 233, 6118755
8, 236, 10118058
8, 138, 41905280
8, 204, 294221206
8, 211, 27711009
8, 27, 11045303
8, 18, 665396819
8, 64, 666818141
8, 88, 32402447
8, 217, 18962918
8, 13, 14084847
8, 66, 69617772
8, 274, 31529984
8, 272, 56213709
8, 137, 82085019
8, 161, 69486366
8, 98, 50937574
8, 81, 52259309
8, 128, 43314341
8, 111, 39434491
8, 210, 563402627
8, 226, 56287577
8, 112, 50962400
8, 31, 393193033
8, 145, 57588766
8, 168, 7247939
8, 149, 86569802
8, 146, 16295079
8, 255, 23616877
8, 228, 46450828
8, 193, 80456299
8, 205, 41793943
8, 139, 238461035
8, 10, 3355998
8, 7, 11581379
8, 263, 13959995
8, 234, 39703676
8, 94, 19848417
8, 176, 14553486
8, 90, 7101906
8, 166, 121606726
8, 4, 856073
8, 206, 9355478
8, 160, 98099625
8, 79, 52218
8, 95, 32507133
8, 118, 6923853
8, 14, 29120438
8, 189, 14106248
8, 239, 317495572
8, 55, 372651488
8, 71, 49815581
8, 256, 14890848
8, 15, 255359126
8, 271, 22042887
8, 252, 393897544
8, 65, 3358351
8, 40, 58990
8, 241, 27914008
8, 178, 70542
8, 180, 42150531
8, 199, 7122255
8, 1, 17352270
9, 13, 11346027
9, 18, 1891623
9, 19, 14096
9, 42, 10699736
9, 2, 12934
9, 46, 3287310
9, 10, 462396
9, 16, 56195
9, 15, 1092768
9, 45, 5945359
9, 21, 423073
9, 27, 1315214
9, 32, 1560143
9, 38, 2223145
9, 11, 425317
9, 14, 445785
9, 7, 129292
9, 9, 13440341
9, 44, 33533
9, 26, 137478
9, 29, 626785
9, 33, 8041436
9, 30, 1213954
9, 4, 3602940
9, 17, 53580
9, 40, 2511126
9, 5, 607508
9, 36, 769631
9, 6, 124112
9, 28, 1506051
9, 22, 1519336
9, 3, 207589
9, 20, 151895
9, 31, 152676
9, 39, 851185
9, 24, 1279628
9, 23, 266720
9, 25, 657823
9, 34, 666028
9, 8, 1627299
9, 35, 1914026
9, 0, 8108331
9, 1, 87544
9, 12, 16784475
9, 41, 8094405
9, 43, 24708984
9, 37, 314630
10, 42, 175923420
10, 285, 429240530
10, 50, 134146930
10, 286, 58184140
10, 241, 57384662
10, 231, 53747359
10, 85, 29366891
10, 177, 15854344
10, 22, 48380051
10, 337, 5204732
10, 378, 57861356
10, 7, 23457449
10, 161, 127566010
10, 145, 229500649
10, 97, 59685423
10, 122, 49344119
10, 335, 598584521
10, 347, 281895784
10, 266, 262470670
10, 154, 84035053
10, 142, 23454292
10, 144, 2474586
10, 88, 11097653
10, 70, 15907022
10, 342, 228729
10, 87, 21218484
10, 287, 625494349
10, 327, 32563118
10, 359, 17849393
10, 147, 3965780
10, 350, 28451334
10, 293, 87114073
10, 93, 24725004
10, 108, 18625225
10, 198, 80769935
10, 165, 18683816
10, 41, 25942544
10, 79, 52760689
10, 338, 41619516
10, 270, 59019034
10, 126, 58824159
10, 332, 428037907
10, 246, 127911417
10, 320, 418699390
10, 428, 172983111
10, 355, 5173903
10, 51, 8581460
10, 33, 26011122
10, 226, 34869650
10, 390, 15123865
10, 38, 96087724
10, 244, 287109359
10, 309, 419775127
10, 330, 31967803
10, 399, 21633252
10, 383, 59374069
10, 302, 52809040
10, 134, 138288860
10, 190, 24662346
10, 406, 1588025
10, 303, 5452074
10, 73, 278968239
10, 101, 14695944
10, 189, 13125271
10, 336, 174073243
10, 420, 19968452
10, 3, 192248033
10, 323, 82294
10, 280, 9301827
10, 71, 117538104
10, 277, 79587870
10, 72, 5218768
10, 268, 15679196
10, 218, 140989108
10, 283, 261190771
10, 276, 70029073
10, 8, 21111623
10, 224, 12477276
10, 1, 230246928
10, 24, 80806875
10, 221, 2447485
10, 240, 123695659
10, 292, 42377316
10, 193, 13759128
10, 174, 5732430
10, 59, 44129829
10, 365, 34162675
10, 351, 55143524
10, 317, 18856378
10, 173, 1617931
10, 379, 54872
10, 423, 33943976
10, 387, 41010173
10, 10, 188900063
10, 314, 89461009
10, 284, 22700781
10, 381, 167519794
10, 4, 27250155
10, 380, 10597094
10, 306, 667047640
10, 136, 124100698
10, 62, 11262219
10, 146, 53747538
10, 334, 465582
10, 105, 25070791
10, 43, 13718031
10, 427, 92933696
10, 297, 2535731
10, 408, 6250841
10, 81, 24397680
10, 388, 1237789
10, 421, 124535062
10, 225, 52987023
10, 414, 44066180
10, 291, 23389501
10, 413, 11063519
10, 106, 22534619
10, 418, 19757
10, 271, 21490623
10, 2, 4669339
10, 98, 41359970
10, 121, 864437148
10, 397, 368145967
10, 34, 112463565
10, 424, 12150514
10, 104, 20020950
10, 367, 77197673
10, 54, 18613764
10, 151, 112433940
10, 40, 131269018
10, 53, 11017461
10, 192, 17786976
10, 113, 53541
10, 233, 18605
10, 36, 458879
10, 61, 25264904
10, 348, 5177000
10, 207, 21485113
10, 402, 126437556
10, 60, 15497314
10, 368, 260047179
10, 56, 122090752
10, 109, 48016461
10, 308, 8197168
10, 5, 38807037
10, 248, 21147150
10, 400, 60302179
10, 328, 142282713
10, 288, 625997893
10, 203, 52691751
10, 28, 25578882
10, 345, 42865200
10, 48, 87528859
10, 156, 1322307
10, 162, 106669369
10, 219, 11609401
10, 202, 428499600
10, 12, 865496043
10, 67, 90955228
10, 329, 10732418
10, 326, 104602727
10, 299, 19096667
10, 358, 21421144
10, 29, 5252411
10, 57, 11273271
10, 159, 230524487
10, 195, 10658891
10, 182, 17926325
10, 128, 587888793
10, 386, 166150670
10, 112, 52318131
10, 171, 42249486
10, 76, 48171372
10, 260, 10678065
10, 396, 172133441
10, 119, 56815986
10, 125, 899190721
10, 316, 166650968
10, 252, 175625891
10, 305, 11318417
10, 176, 23981250
10, 429, 77375767
10, 234, 17692437
10, 65, 11038631
10, 160, 10989680
10, 115, 627986889
10, 6, 19144389
10, 143, 2298276
10, 392, 53440183
10, 194, 126006317
10, 431, 11295954
10, 262, 96810328
10, 133, 232510167
10, 249, 32585890
10, 64, 18161065
10, 26, 173264157
10, 123, 14370844
10, 363, 24226000
10, 199, 19999589
10, 157, 18893918
10, 376, 56073737
10, 63, 22866992
10, 170, 432922919
10, 346, 15838323
10, 417, 144226123
10, 438, 43739909
10, 318, 23617809
10, 357, 14245589
10, 118, 14004118
10, 333, 84974423
10, 261, 42646339
10, 91, 59300531
10, 331, 27258730
10, 290, 5659684
10, 264, 58966907
10, 353, 45105999
10, 352, 13968251
10, 152, 21456860
10, 238, 30681463
10, 282, 259691322
10, 100, 33520471
10, 312, 5766113
10, 66, 84642451
10, 296, 23257825
10, 254, 82293942
10, 132, 729683052
10, 19, 11165027
10, 31, 152159968
10, 83, 86627100
10, 405, 80605277
10, 410, 8577781
10, 110, 399456719
10, 32, 5751847
10, 30, 1580010
10, 294, 5884666
10, 84, 37264436
10, 169, 437341276
10, 389, 84704918
10, 255, 264418439
10, 437, 5674732
10, 116, 65266209
10, 340, 15633872
10, 44, 188519538
10, 167, 28699831
10, 258, 8111327
10, 80, 143020354
10, 178, 258547579
10, 75, 279363990
10, 313, 2488974
10, 166, 26872276
10, 77, 12100080
10, 206, 27662436
10, 45, 14041717
10, 325, 626831816
10, 158, 319699
10, 228, 53475789
10, 310, 123937432
10, 52, 58715766
10, 403, 437455430
10, 37, 174865628
10, 441, 331712
10, 430, 278962187
10, 324, 24753527
10, 103, 682466458
10, 149, 26028
10, 187, 80911341
10, 344, 58935588
10, 214, 54322305
10, 440, 120843374
10, 384, 58976386
10, 0, 188949805
10, 220, 896095923
10, 213, 38815933
10, 11, 5926053
10, 422, 118080579
10, 432, 41579832
10, 27, 37054103
10, 272, 428623362
10, 235, 85696556
10, 39, 10845971
10, 267, 87707463
10, 372, 118988710
10, 419, 22743271
10, 35, 123383113
10, 257, 86796727
10, 95, 54271451
10, 416, 10692021
10, 131, 41528035
10, 180, 1509418
10, 58, 52882307
10, 385, 221786
10, 321, 230059336
10, 436, 52408900
10, 148, 119302938
10, 301, 431889171
10, 9, 29304674
10, 69, 53041235
10, 74, 281663147
10, 135, 59141884
10, 300, 30647069
10, 130, 8635980
10, 201, 21327958
10, 371, 43544302
10, 96, 2473745
10, 426, 263348955
10, 208, 41700127
10, 349, 171968600
10, 18, 15727726
10, 92, 8539229
10, 227, 150203222
10, 141, 12160343
10, 442, 40979437
10, 412, 24837323
10, 17, 15914596
10, 55, 426086900
10, 210, 127811530
10, 245, 126013972
10, 102, 19348371
10, 155, 57216969
10, 127, 56460060
10, 196, 34896510
10, 124, 268179185
10, 275, 58035412
10, 120, 10730563
10, 232, 17162905
10, 411, 729312907
10, 137, 11877873
10, 94, 149120594
10, 401, 627414548
10, 229, 204037081
10, 197, 92452946
10, 215, 142644169
10, 163, 1073865260
10, 315, 2520042
10, 222, 11403343
10, 209, 5819424
10, 304, 5574624
10, 307, 13289257
10, 114, 58867682
10, 89, 22624998
10, 13, 31910
10, 361, 53941262
10, 90, 11370953
10, 373, 430585830
10, 99, 8512709
10, 82, 122190459
10, 20, 8257360
10, 217, 50313083
10, 47, 1024690979
10, 382, 23700766
10, 184, 897908187
10, 175, 45459030
10, 394, 1107865
10, 168, 24564231
10, 435, 320030
10, 150, 76388527
10, 14, 203066123
10, 23, 115419883
10, 251, 53350775
10, 273, 20549
10, 322, 87019695
10, 364, 16116845
10, 179, 5954085
10, 343, 42013725
10, 374, 87429281
10, 398, 42193672
10, 279, 13800566
10, 46, 2507698
10, 362, 13807500
10, 78, 174231480
10, 341, 171227992
10, 191, 14495838
10, 236, 419277865
10, 25, 55728459
10, 16, 590792565
10, 395, 21186945
10, 242, 8105876
10, 164, 5334043
10, 211, 57081925
10, 107, 8423262
10, 274, 229988542
10, 205, 54401033
10, 247, 173209214
10, 281, 628092356
10, 186, 267735042
10, 153, 55930629
10, 140, 57775535
10, 216, 87598941
10, 295, 33518649
10, 185, 627623098
10, 237, 163777143
10, 409, 30206922
10, 181, 57628650
10, 377, 24298185
10, 188, 5651137
10, 434, 2598429
10, 68, 12230724
10, 319, 571435588
10, 259, 3948518
10, 15, 230667324
10, 370, 54100050
10, 250, 689312
10, 354, 21531510
10, 415, 286964239
10, 425, 5864978
10, 311, 562304561
10, 356, 11354633
10, 243, 119750158
10, 369, 2547011
10, 269, 33661455
10, 21, 14263945
10, 289, 11773447
10, 138, 17148909
10, 263, 112337669
10, 117, 35841531
10, 278, 147992691
10, 253, 602664316
10, 393, 126886226
10, 200, 119104327
10, 256, 13594890
10, 375, 27702852
10, 298, 899806003
10, 49, 5191998
10, 204, 52843945
10, 265, 39174
10, 139, 26630
10, 339, 119665097
10, 239, 172139300
10, 404, 392904401
10, 439, 5410638
10, 360, 24205
10, 86, 42370111
10, 129, 85146035
10, 183, 27890064
10, 212, 61462743
10, 172, 43380445
10, 407, 127161932
10, 230, 39620471
10, 366, 25251339
10, 433, 11071413
10, 391, 37916680
10, 223, 143630557
10, 111, 11558907
11, 5, 59160
11, 1, 49693
11, 2, 13986
11, 4, 29826
11, 3, 43762
11, 0, 27361
11, 7, 44544
11, 8, 12673
11, 6, 22552
12, 193, 2783014
12, 13, 13358357
12, 66, 7217524
12, 181, 1872909
12, 70, 4211130
12, 59, 17974
12, 183, 5406529
12, 53, 11951923
12, 73, 3016592
12, 164, 87739424
12, 191, 7321527
12, 3, 5221853
12, 79, 22154446
12, 138, 12192073
12, 135, 2714857
12, 96, 37667000
12, 129, 3891291
12, 88, 7254131
12, 39, 5382835
12, 7, 2716689
12, 4, 10881387
12, 178, 3509795
12, 124, 1076526
12, 176, 7619345
12, 58, 8219850
12, 20, 21920630
12, 25, 31703798
12, 83, 22475470
12, 108, 26695284
12, 127, 6342944
12, 174, 18031403
12, 172, 18515
12, 100, 11945500
12, 141, 16274501
12, 187, 26004181
12, 189, 1931839
12, 2, 3018906
12, 185, 13046152
12, 1, 3656400
12, 15, 12151095
12, 128, 11911217
12, 62, 7549614
12, 130, 10364498
12, 158, 2621111
12, 5, 19636519
12, 31, 2593639
12, 50, 1066859
12, 184, 21999859
12, 80, 17889576
12, 117, 12667343
12, 153, 767718
12, 166, 5744032
12, 109, 12038204
12, 152, 42072724
12, 110, 262812
12, 33, 2644695
12, 91, 6184065
12, 94, 4132623
12, 24, 32012997
12, 42, 21833977
12, 161, 15342214
12, 102, 496831
12, 98, 340548
12, 140, 257903
12, 54, 10694076
12, 89, 156434
12, 169, 40543409
12, 60, 1107505
12, 72, 18925157
12, 56, 23342082
12, 87, 31056015
12, 136, 5970756
12, 163, 33752577
12, 93, 34434384
12, 16, 44088943
12, 74, 3498846
12, 14, 11845722
12, 67, 5428431
12, 144, 2714805
12, 28, 51226
12, 26, 5466361
12, 22, 2313564
12, 103, 1078321
12, 121, 5507059
12, 133, 3767228
12, 43, 11934941
12, 132, 3236744
12, 12, 52420993
12, 106, 5431697
12, 156, 107192639
12, 84, 4149394
12, 145, 769432
12, 115, 2724033
12, 142, 10256396
12, 107, 5731359
12, 157, 61282777
12, 51, 2927495
12, 146, 3039094
12, 29, 6696095
12, 76, 4650403
12, 165, 34072667
12, 180, 3003687
12, 155, 157325
12, 120, 15409
12, 147, 4519237
12, 23, 23478868
12, 47, 905286
12, 86, 23853951
12, 150, 13242530
12, 148, 1059645
12, 126, 3734416
12, 57, 2603348
12, 81, 17911237
12, 171, 125676
12, 30, 879858
12, 159, 3737923
12, 36, 5425646
12, 45, 21879170
12, 69, 1724942
12, 49, 1072410
12, 170, 26435198
12, 44, 8523589
12, 71, 621604
12, 125, 33613
12, 90, 8520794
12, 99, 88530474
12, 113, 1525529
12, 137, 5497211
12, 10, 4477037
12, 173, 20455604
12, 38, 10452363
12, 118, 10250044
12, 19, 10293185
12, 114, 773138
12, 190, 4077970
12, 61, 6122791
12, 139, 1510500
12, 97, 6703269
12, 18, 18254460
12, 175, 8380251
12, 192, 10878671
12, 154, 16034371
12, 21, 20579
12, 188, 14047809
12, 119, 163737
12, 111, 36501638
12, 143, 14372016
12, 41, 5412890
12, 92, 18931300
12, 134, 17070903
12, 35, 6106491
12, 104, 51982121
12, 85, 6256242
12, 63, 3100268
12, 0, 14285806
12, 168, 2668510
12, 55, 3064060
12, 167, 25875187
12, 77, 20655720
12, 40, 10399534
12, 65, 2700759
12, 177, 2345495
12, 186, 3141887
12, 131, 7468222
12, 116, 60673
12, 82, 15570171
12, 17, 15182425
12, 52, 22143697
12, 101, 6338646
12, 78, 40781235
12, 123, 2337008
12, 160, 5423019
12, 194, 18695
12, 32, 17372
12, 95, 6184788
12, 6, 6758602
12, 112, 13781341
12, 182, 13304416
12, 46, 26287750
12, 162, 337462
12, 149, 767287
12, 11, 9666872
12, 122, 12610075
12, 8, 2885156
12, 27, 13000176
12, 64, 1076517
12, 151, 23271750
12, 9, 3831809
12, 68, 7605188
12, 179, 4369897
12, 48, 10305587
12, 37, 5504133
12, 34, 5461913
12, 105, 53430
12, 75, 5194171
13, 241, 64716850
13, 151, 10830811
13, 20, 63657346
13, 229, 1916390
13, 75, 25343443
13, 44, 38111493
13, 210, 2534900
13, 29, 20677771
13, 0, 141864137
13, 167, 37928982
13, 8, 31699811
13, 81, 2494244
13, 142, 125856
13, 190, 179681931
13, 184, 42820
13, 41, 21824630
13, 230, 55309935
13, 69, 140969202
13, 153, 10846161
13, 244, 173004982
13, 206, 36477360
13, 217, 2972620
13, 233, 49276711
13, 77, 39186448
13, 188, 19838
13, 252, 6746720
13, 25, 31511488
13, 186, 15179329
13, 40, 4075165
13, 201, 5066672
13, 22, 13953173
13, 205, 63352123
13, 74, 14543428
13, 76, 6803988
13, 160, 5396159
13, 133, 624510
13, 155, 17350277
13, 1, 64741346
13, 36, 3222658
13, 131, 39619398
13, 99, 60831580
13, 117, 297967314
13, 120, 6895639
13, 180, 70637832
13, 30, 137911083
13, 141, 25423702
13, 63, 41961968
13, 66, 177591975
13, 242, 61606
13, 52, 176008319
13, 54, 20591198
13, 222, 232576
13, 219, 65162
13, 147, 5390830
13, 172, 173275278
13, 207, 24824870
13, 37, 25000560
13, 169, 173459613
13, 195, 1530588
13, 42, 12844274
13, 220, 7505111
13, 228, 69944152
13, 7, 9457239
13, 116, 104693547
13, 47, 13763207
13, 90, 4740251
13, 92, 503802595
13, 113, 21992534
13, 68, 4185381
13, 149, 29364024
13, 214, 59994071
13, 89, 5380041
13, 95, 5557803
13, 236, 2525773
13, 121, 14007804
13, 87, 657572
13, 225, 4084073
13, 102, 88641534
13, 48, 94925395
13, 31, 4089934
13, 115, 37548459
13, 108, 16723573
13, 135, 27701880
13, 106, 25049202
13, 237, 3067296
13, 82, 10516824
13, 9, 14360445
13, 85, 6561183
13, 154, 26083930
13, 171, 4269228
13, 238, 247554202
13, 161, 20718207
13, 235, 2300991
13, 50, 4087438
13, 84, 3049904
13, 248, 5514221
13, 166, 21466870
13, 197, 17110147
13, 103, 109763105
13, 126, 69126020
13, 123, 21860227
13, 234, 17451596
13, 247, 3088175
13, 58, 77504287
13, 189, 25272389
13, 194, 11027350
13, 227, 211558433
13, 55, 5483533
13, 62, 70159466
13, 3, 17313097
13, 181, 1385727
13, 86, 19570095
13, 162, 31618539
13, 51, 377437
13, 124, 259039741
13, 200, 246259836
13, 226, 7484935
13, 240, 10915289
13, 97, 6763522
13, 53, 15419309
13, 21, 5556389
13, 221, 2395017
13, 159, 249924835
13, 16, 100303693
13, 23, 141254
13, 192, 37566472
13, 104, 22677156
13, 17, 5572231
13, 56, 138515054
13, 170, 393557
13, 98, 27245264
13, 12, 11158847
13, 127, 31310972
13, 177, 14822310
13, 246, 20999
13, 158, 6362240
13, 24, 10505302
13, 173, 258512404
13, 105, 21631
13, 39, 142613371
13, 145, 20347011
13, 94, 55312891
13, 199, 120131381
13, 101, 6345778
13, 10, 1278135
13, 156, 50799936
13, 223, 5388846
13, 4, 68611616
13, 196, 15925018
13, 179, 65573
13, 13, 60123
13, 118, 13524498
13, 191, 1128875
13, 148, 56277919
13, 67, 8540150
13, 83, 6621276
13, 212, 21548803
13, 198, 19075
13, 137, 142207191
13, 38, 1932071
13, 211, 24935177
13, 6, 34868889
13, 231, 95700347
13, 96, 115662529
13, 57, 3126087
13, 139, 34360255
13, 150, 39892389
13, 107, 808254
13, 132, 10850840
13, 249, 285542014
13, 163, 672199
13, 78, 6840836
13, 215, 7592705
13, 79, 29438735
13, 232, 3530825
13, 45, 70652670
13, 32, 47374168
13, 73, 39546381
13, 243, 5079788
13, 152, 108126689
13, 64, 113460653
13, 18, 41136691
13, 91, 28795961
13, 146, 408060258
13, 5, 17828040
13, 111, 21753576
13, 114, 56204953
13, 208, 6750467
13, 182, 3989053
13, 138, 51633848
13, 204, 13920622
13, 239, 9422804
13, 70, 24772783
13, 28, 22630208
13, 144, 79184265
13, 59, 92452142
13, 26, 85534233
13, 119, 34453661
13, 175, 64762204
13, 128, 17221816
13, 71, 4757092
13, 110, 6384151
13, 112, 11824364
13, 65, 89937451
13, 165, 28819244
13, 250, 21322017
13, 134, 30731608
13, 72, 142590078
13, 245, 18104299
13, 80, 50560286
13, 157, 4747786
13, 35, 13858254
13, 143, 55592083
13, 46, 21474664
13, 202, 248945700
13, 209, 69636948
13, 2, 2913388
13, 122, 3104457
13, 218, 25293728
13, 93, 219691
13, 27, 17320131
13, 100, 229341760
13, 213, 5573582
13, 60, 58011547
13, 88, 258833756
13, 193, 13924558
13, 125, 6384151
13, 176, 57144574
13, 129, 16110965
13, 216, 90500927
13, 11, 8995665
13, 33, 41044498
13, 34, 3076864
13, 19, 1112625
13, 251, 45865
13, 140, 138292156
13, 61, 802384
13, 109, 4194729
13, 183, 5483934
13, 164, 59564426
13, 130, 25020467
13, 43, 62048901
13, 49, 288916286
13, 174, 123007240
13, 14, 40516057
13, 178, 11954097
13, 203, 2551720
13, 224, 56100557
13, 187, 6929974
13, 136, 651100
13, 15, 51390543
13, 168, 6952686
13, 185, 3232776
14, 7, 134832
14, 23, 99877
14, 4, 87574
14, 21, 27823
14, 8, 99035
14, 1, 30227
14, 0, 124733
14, 20, 353613
14, 5, 563797
14, 15, 61285
14, 12, 29445
14, 2, 190166
14, 6, 66866
14, 9, 483746
14, 22, 59732
14, 3, 202129
14, 24, 122299
14, 26, 486241
14, 14, 117660
14, 11, 252443
14, 19, 239328
14, 10, 335579
14, 17, 66004
14, 25, 62787
14, 13, 500758
14, 16, 242505
14, 18, 113523
15, 34, 2790227
15, 0, 2731208
15, 42, 810899
15, 54, 8000299
15, 35, 6760486
15, 12, 1046169
15, 52, 667150
15, 62, 1861347
15, 3, 623509
15, 38, 4314342
15, 53, 43953
15, 18, 3279034
15, 48, 3159970
15, 28, 2573992
15, 72, 1590340
15, 24, 747300
15, 1, 5842485
15, 69, 5478995
15, 47, 4749960
15, 8, 14898
15, 55, 592841
15, 61, 784319
15, 33, 896079
15, 4, 812662
15, 40, 2659082
15, 5, 1911030
15, 14, 1571825
15, 19, 664886
15, 39, 2076591
15, 2, 102412
15, 11, 683160
15, 30, 1770858
15, 46, 1537210
15, 21, 687528
15, 31, 666348
15, 29, 723777
15, 7, 2262730
15, 66, 577091
15, 58, 1311787
15, 68, 912289
15, 27, 703779
15, 13, 1800163
15, 56, 8883423
15, 6, 1483059
15, 73, 2692645
15, 26, 745637
15, 70, 1464624
15, 41, 2607907
15, 51, 1879752
15, 49, 2313904
15, 15, 694341
15, 37, 2223205
15, 22, 6144001
15, 67, 1549664
15, 45, 1326075
15, 71, 44874
15, 32, 409878
15, 43, 2103021
15, 23, 1054015
15, 10, 12262954
15, 36, 737632
15, 65, 9776567
15, 17, 15739
15, 16, 758551
15, 59, 1406936
15, 20, 5512398
15, 50, 4735162
15, 44, 4845518
15, 9, 1374986
15, 63, 2343450
15, 64, 2578892
15, 60, 5861612
15, 57, 603170
15, 25, 8150532
16, 14, 381144
16, 10, 53420
16, 0, 424345
16, 2, 347821
16, 24, 21500
16, 20, 103263
16, 19, 113342
16, 3, 342221
16, 15, 116789
16, 16, 532828
16, 4, 12363
16, 12, 452097
16, 9, 98515
16, 23, 102632
16, 25, 88185
16, 6, 345798
16, 1, 309580
16, 17, 22432
16, 5, 59471
16, 26, 525625
16, 22, 12253
16, 11, 203772
16, 13, 348503
16, 7, 271028
16, 21, 341671
16, 8, 711223
16, 18, 65082
17, 130, 52230716
17, 83, 18232740
17, 9, 12784642
17, 4, 23969679
17, 87, 47554224
17, 133, 2218266
17, 37, 9221848
17, 78, 66590840
17, 80, 24421275
17, 92, 6359865
17, 241, 17055504
17, 3, 34059672
17, 156, 34004548
17, 209, 9451338
17, 76, 12888356
17, 63, 22611663
17, 152, 5803854
17, 154, 2229927
17, 276, 116024247
17, 236, 6107232
17, 180, 9164370
17, 230, 7908497
17, 65, 63053192
17, 121, 8588641
17, 179, 56117579
17, 135, 9101031
17, 197, 6170110
17, 17, 26355539
17, 114, 62426759
17, 231, 26560823
17, 52, 21082378
17, 225, 6046729
17, 206, 39027890
17, 187, 8338102
17, 196, 18729641
17, 245, 2744262
17, 223, 79015908
17, 57, 25277199
17, 120, 55612692
17, 159, 7944263
17, 256, 5993449
17, 49, 255541127
17, 222, 38507585
17, 214, 6586230
17, 216, 16922985
17, 254, 24614616
17, 177, 9733266
17, 81, 35193336
17, 101, 8258994
17, 33, 4759076
17, 141, 815708
17, 193, 16516144
17, 147, 53639496
17, 62, 40716
17, 191, 58532453
17, 164, 5712023
17, 79, 10284788
17, 218, 114504038
17, 182, 24714153
17, 69, 3139482
17, 194, 7970082
17, 40, 221906
17, 269, 7375267
17, 55, 35204226
17, 38, 8623005
17, 23, 8368729
17, 67, 12802125
17, 207, 47654432
17, 162, 31933439
17, 32, 22411218
17, 139, 8966780
17, 107, 8549948
17, 14, 126977828
17, 134, 6989024
17, 126, 16866050
17, 263, 4272406
17, 271, 54332235
17, 247, 103716707
17, 82, 1535887
17, 10, 6810229
17, 161, 66514787
17, 258, 108636565
17, 125, 36406950
17, 212, 11214030
17, 285, 9018135
17, 202, 16907586
17, 272, 4751121
17, 190, 75831814
17, 89, 6301877
17, 44, 21908956
17, 248, 7962709
17, 174, 23810700
17, 58, 87507520
17, 158, 43323036
17, 100, 6180932
17, 243, 41808
17, 282, 17085270
17, 51, 9920256
17, 178, 8815276
17, 53, 54526788
17, 255, 24051353
17, 102, 8916485
17, 252, 92256086
17, 47, 4589679
17, 71, 16561889
17, 170, 51366
17, 186, 21405494
17, 244, 6197390
17, 235, 6403618
17, 136, 12449634
17, 142, 20411912
17, 237, 24092028
17, 116, 24255
17, 250, 8492170
17, 88, 5277617
17, 168, 12571193
17, 270, 24085124
17, 155, 122411714
17, 108, 12885651
17, 219, 42954477
17, 8, 11690283
17, 148, 137828
17, 70, 4761460
17, 192, 50535611
17, 26, 2245176
17, 172, 6763982
17, 128, 4760390
17, 259, 45375
17, 173, 9228650
17, 106, 17462196
17, 77, 11776242
17, 203, 59567272
17, 213, 4359428
17, 56, 93492181
17, 204, 4379376
17, 21, 4344930
17, 265, 12410452
17, 46, 3199054
17, 54, 8587529
17, 234, 43602060
17, 249, 66284557
17, 281, 35006676
17, 275, 18885
17, 280, 53913520
17, 238, 2617864
17, 16, 41789
17, 200, 5248424
17, 0, 2745082
17, 185, 111543902
17, 181, 637875
17, 19, 10349490
17, 39, 46935436
17, 31, 32206720
17, 224, 50955
17, 144, 5951450
17, 183, 58349
17, 25, 5592138
17, 90, 46398259
17, 97, 5592598
17, 73, 51848751
17, 42, 1520538
17, 22, 23812263
17, 217, 55144265
17, 15, 46928954
17, 201, 66603895
17, 13, 3464521
17, 99, 22925231
17, 233, 4689146
17, 115, 42369
17, 228, 18695156
17, 1, 67882693
17, 278, 51413315
17, 86, 2761513
17, 163, 23828493
17, 157, 22882001
17, 85, 3049083
17, 195, 1519186
17, 110, 30138977
17, 264, 8778547
17, 131, 22662780
17, 48, 4586553
17, 122, 102775153
17, 189, 46197062
17, 36, 218890
17, 198, 18194
17, 20, 33739461
17, 226, 32479001
17, 84, 62317
17, 242, 54241
17, 229, 15802496
17, 257, 15774754
17, 227, 26701186
17, 188, 31784149
17, 64, 4545276
17, 284, 4595229
17, 7, 6269226
17, 232, 17910976
17, 220, 9432011
17, 175, 253912556
17, 273, 3035668
17, 34, 44277055
17, 95, 67810155
17, 260, 40027153
17, 149, 6166944
17, 146, 53694590
17, 246, 41779
17, 210, 6312336
17, 205, 764402
17, 160, 8942374
17, 104, 17552
17, 266, 10453705
17, 153, 6745187
17, 137, 50979022
17, 240, 23585598
17, 111, 51313969
17, 261, 12006393
17, 262, 18675690
17, 268, 32769454
17, 138, 7028267
17, 166, 16872482
17, 75, 44154355
17, 6, 127994303
17, 112, 18819629
17, 109, 13608457
17, 117, 8513050
17, 140, 24436
17, 127, 3164268
17, 143, 22561499
17, 132, 22444921
17, 118, 35597753
17, 74, 3443803
17, 167, 54810409
17, 251, 41160247
17, 59, 39698075
17, 239, 16431
17, 60, 15089
17, 129, 12104268
17, 91, 11678710
17, 93, 34128933
17, 171, 14799006
17, 29, 162452040
17, 208, 6567975
17, 215, 63393771
17, 119, 6872866
17, 45, 53910313
17, 24, 127777366
17, 66, 102522399
17, 277, 19436957
17, 113, 1051690
17, 28, 21541910
17, 279, 6867306
17, 267, 64531152
17, 274, 58332418
17, 18, 5820716
17, 169, 54137548
17, 103, 8737922
17, 27, 16934727
17, 123, 8318876
17, 30, 36760272
17, 253, 3102833
17, 2, 77675719
17, 98, 75182627
17, 176, 39436978
17, 5, 38625816
17, 35, 23993824
17, 12, 9175541
17, 43, 9928421
17, 151, 13410314
17, 68, 13946650
17, 199, 3397125
17, 41, 15639
17, 61, 2459778
17, 72, 4555675
17, 96, 53981116
17, 145, 48574526
17, 124, 18176505
17, 50, 52043707
17, 221, 20610294
17, 94, 6668014
17, 184, 11721721
17, 165, 14671388
17, 11, 142497
17, 211, 254588752
17, 150, 13201333
17, 283, 1174470
17, 105, 923700
18, 151, 86068893
18, 36, 289014350
18, 184, 9346982
18, 171, 39089867
18, 42, 16006618
18, 13, 3575679
18, 35, 66174411
18, 116, 18759217
18, 16, 7178980
18, 52, 113403
18, 32, 6875211
18, 89, 109916242
18, 28, 78392532
18, 101, 42767357
18, 163, 19488712
18, 122, 55964132
18, 64, 1034929
18, 98, 79779300
18, 113, 19424632
18, 48, 60087036
18, 53, 15701026
18, 132, 87200554
18, 96, 37777809
18, 155, 126158392
18, 154, 11487272
18, 117, 94537
18, 108, 46524315
18, 61, 134558260
18, 137, 65448110
18, 118, 21477950
18, 110, 1027285
18, 85, 53136192
18, 119, 25128940
18, 1, 242381101
18, 57, 25622816
18, 93, 73417549
18, 125, 10483010
18, 23, 85865112
18, 88, 3779982
18, 21, 51928410
18, 176, 7955385
18, 40, 4291069
18, 78, 1225356
18, 172, 7789364
18, 102, 6382900
18, 131, 23887003
18, 153, 16531822
18, 194, 16932
18, 109, 104701983
18, 51, 25114052
18, 76, 92293
18, 169, 19647149
18, 183, 25369341
18, 46, 24982495
18, 190, 6789951
18, 130, 352070
18, 97, 30196
18, 19, 123646396
18, 129, 46831030
18, 25, 21001699
18, 80, 123412758
18, 174, 15939333
18, 178, 152119372
18, 72, 3442469
18, 180, 41669350
18, 170, 52806615
18, 67, 25080208
18, 144, 19598238
18, 141, 126578911
18, 136, 125676951
18, 54, 45612156
18, 185, 4417758
18, 92, 88045715
18, 188, 74610
18, 73, 4874783
18, 7, 11319277
18, 11, 24082631
18, 164, 20139601
18, 181, 40583395
18, 2, 10805123
18, 44, 17413
18, 27, 7053024
18, 17, 2337910
18, 62, 16751
18, 158, 31363922
18, 63, 4344188
18, 39, 247495824
18, 9, 23814918
18, 26, 30750262
18, 87, 32701
18, 8, 89257858
18, 66, 17124513
18, 12, 1029339
18, 192, 18290397
18, 5, 5653993
18, 106, 52346794
18, 22, 86545968
18, 18, 23470733
18, 182, 6364484
18, 157, 124812461
18, 148, 17943659
18, 198, 10026705
18, 30, 10961726
18, 90, 3846758
18, 134, 41750421
18, 111, 9069202
18, 41, 15141189
18, 24, 7015974
18, 20, 60609364
18, 191, 151480795
18, 114, 91261
18, 189, 114516532
18, 70, 23685
18, 133, 135394848
18, 177, 10928324
18, 187, 60612520
18, 71, 150781055
18, 143, 50004695
18, 165, 16302172
18, 161, 19351155
18, 120, 790371
18, 55, 8457307
18, 197, 2397662
18, 135, 46872577
18, 112, 14717314
18, 138, 19415165
18, 104, 52933994
18, 124, 5998978
18, 43, 25532616
18, 94, 39926072
18, 166, 3561203
18, 128, 107835173
18, 103, 31887263
18, 142, 84657068
18, 56, 10411637
18, 15, 10624165
18, 126, 25323525
18, 82, 5022760
18, 10, 88599304
18, 168, 3503693
18, 162, 6800031
18, 65, 53300980
18, 107, 142707
18, 84, 7063445
18, 99, 56405548
18, 50, 65634970
18, 140, 26185047
18, 81, 14225443
18, 105, 11789508
18, 58, 567554
18, 100, 8890487
18, 37, 13774607
18, 152, 6344005
18, 139, 19308496
18, 75, 6930564
18, 14, 3455354
18, 173, 7480395
18, 123, 52084082
18, 149, 40510668
18, 34, 86462210
18, 159, 16701551
18, 60, 85121037
18, 79, 51228669
18, 3, 18520730
18, 59, 3822512
18, 150, 22672146
18, 145, 98834491
18, 127, 19540769
18, 167, 138519
18, 33, 44377132
18, 121, 7153572
18, 186, 6908584
18, 175, 8945139
18, 69, 9804148
18, 156, 3863738
18, 6, 44585553
18, 146, 30469906
18, 160, 81976878
18, 95, 107199833
18, 195, 7294537
18, 74, 151721005
18, 38, 25680023
18, 49, 243804377
18, 115, 46455137
18, 86, 13803120
18, 47, 124128660
18, 179, 48181690
18, 68, 31822040
18, 77, 59815547
18, 91, 4829058
18, 0, 21752203
18, 193, 14389862
18, 45, 106877169
18, 83, 10121312
18, 147, 287896797
18, 31, 152765221
18, 196, 91203274
18, 29, 28376454
18, 4, 14444523
19, 91, 51526
19, 113, 83056
19, 119, 2806537
19, 44, 1283185
19, 11, 2628956
19, 139, 2265183
19, 108, 57662082
19, 68, 1785805
19, 98, 13866250
19, 16, 75562
19, 102, 35897
19, 5, 2775700
19, 70, 3594986
19, 97, 1273757
19, 33, 1333048
19, 92, 10026286
19, 32, 10671924
19, 27, 10474043
19, 36, 2474386
19, 35, 8389277
19, 88, 56036306
19, 66, 1368494
19, 93, 32510892
19, 76, 1575331
19, 140, 2824913
19, 3, 1277473
19, 124, 5086730
19, 105, 1086907
19, 137, 1318681
19, 106, 20353993
19, 7, 1079202
19, 128, 2706451
19, 71, 22419895
19, 34, 1330613
19, 99, 81853
19, 55, 6336672
19, 61, 3690013
19, 47, 4616960
19, 134, 4388402
19, 49, 1265140
19, 20, 2190514
19, 43, 1158180
19, 72, 3456936
19, 117, 14704621
19, 111, 3235360
19, 41, 13142955
19, 89, 15526299
19, 31, 1274087
19, 79, 1084682
19, 62, 1287733
19, 12, 16115625
19, 101, 21262966
19, 56, 3153688
19, 85, 6472136
19, 57, 20839193
19, 130, 575679
19, 67, 9018075
19, 132, 7675721
19, 81, 4737075
19, 14, 4907184
19, 17, 2809814
19, 63, 573855
19, 40, 32314452
19, 59, 5406600
19, 94, 2755923
19, 23, 9191440
19, 122, 7308783
19, 127, 14436999
19, 4, 2440953
19, 38, 15080954
19, 116, 14666909
19, 24, 1092778
19, 100, 5379207
19, 80, 20262945
19, 84, 3496882
19, 123, 5031847
19, 73, 6826299
19, 109, 1066819
19, 96, 6585418
19, 15, 285885
19, 9, 674554
19, 86, 2032037
19, 54, 1169111
19, 136, 5136412
19, 83, 6614993
19, 18, 10277096
19, 60, 2949375
19, 25, 2401860
19, 133, 10829609
19, 21, 1326345
19, 6, 35048656
19, 112, 898333
19, 51, 3250851
19, 129, 3494426
19, 42, 898573
19, 48, 1693674
19, 64, 21467109
19, 95, 2500605
19, 126, 14597149
19, 125, 2612284
19, 29, 4580041
19, 46, 19547
19, 37, 1593866
19, 58, 1345991
19, 104, 4958630
19, 1, 55614305
19, 87, 8984733
19, 13, 1326144
19, 8, 5361736
19, 135, 4632570
19, 2, 20559549
19, 138, 1777139
19, 65, 1611328
19, 110, 2244576
19, 90, 56676045
19, 78, 2590202
19, 82, 19921354
19, 75, 3062897
19, 50, 914153
19, 52, 680806
19, 69, 3098987
19, 10, 2210761
19, 53, 2483893
19, 0, 45726
19, 118, 3679475
19, 45, 2599091
19, 115, 3550601
19, 19, 6653225
19, 39, 5522366
19, 121, 23387196
19, 26, 1244562
19, 131, 892442
19, 107, 683731
19, 114, 3635982
19, 74, 4268118
19, 103, 282069
19, 30, 2992437
19, 22, 2445090
19, 28, 28028602
19, 77, 1413428
19, 120, 12690125
20, 0, 47660
20, 5, 63309
20, 8, 36208
20, 12, 38432
20, 6, 41428
20, 7, 10289
20, 11, 50014
20, 2, 64521
20, 9, 62848
20, 10, 30227
20, 1, 56295
20, 4, 60613
20, 3, 59882
21, 0, 17763
21, 2, 11682
21, 1, 16300
21, 5, 19596
21, 4, 15720
21, 3, 15398
23, 3, 19526
23, 5, 35707
23, 12, 42860
23, 10, 21060
23, 0, 11832
23, 8, 30097
23, 1, 28363
23, 7, 23123
23, 11, 17703
23, 2, 27271
23, 4, 38442
23, 9, 17382
23, 6, 22171
24, 41, 19520082
24, 170, 20815308
24, 420, 100094461
24, 234, 66476376
24, 115, 18365730
24, 269, 97365118
24, 53, 24826253
24, 146, 67960106
24, 262, 15322478
24, 347, 8986306
24, 326, 45201797
24, 5, 2706511
24, 78, 72790014
24, 164, 6415139
24, 131, 11558624
24, 282, 50271807
24, 59, 16306172
24, 355, 39730797
24, 305, 6023685
24, 381, 19959325
24, 223, 11035125
24, 201, 64724403
24, 36, 152274192
24, 348, 10402659
24, 21, 267383754
24, 20, 133781174
24, 135, 4004914
24, 337, 153904026
24, 49, 18005874
24, 361, 28716262
24, 211, 145325963
24, 217, 29993885
24, 99, 23992110
24, 46, 57868449
24, 114, 40919765
24, 401, 20153689
24, 179, 13826093
24, 0, 23664286
24, 3, 22561290
24, 363, 136322555
24, 159, 19010758
24, 388, 157923005
24, 136, 11134901
24, 188, 16679119
24, 213, 11520785
24, 150, 68139372
24, 407, 18970032
24, 205, 7681331
24, 343, 40389150
24, 377, 429364893
24, 30, 42872574
24, 54, 9687599
24, 142, 15573116
24, 366, 19158704
24, 180, 7760732
24, 168, 225525891
24, 208, 28222666
24, 242, 94584027
24, 105, 3994545
24, 258, 5617474
24, 241, 32073120
24, 380, 22871330
24, 272, 20712456
24, 116, 14736690
24, 6, 17543467
24, 95, 8259604
24, 65, 7295710
24, 265, 108041921
24, 356, 22146272
24, 306, 84958032
24, 83, 223506558
24, 221, 199338900
24, 60, 74069452
24, 143, 179346
24, 203, 3124123
24, 182, 106992244
24, 76, 6362050
24, 147, 43472557
24, 387, 10839699
24, 37, 23422543
24, 312, 33597486
24, 117, 42255106
24, 396, 38148944
24, 349, 7741163
24, 421, 9531107
24, 193, 22744583
24, 310, 6462527
24, 275, 43818887
24, 255, 29962818
24, 409, 223378588
24, 404, 85379933
24, 120, 3985428
24, 122, 73958
24, 153, 138039793
24, 264, 18873201
24, 163, 24000215
24, 24, 8606524
24, 185, 9895198
24, 226, 24491697
24, 287, 66044476
24, 152, 43210767
24, 51, 18662385
24, 292, 74759816
24, 373, 14694120
24, 389, 50196235
24, 48, 29698841
24, 273, 426209
24, 77, 8939408
24, 88, 43082025
24, 385, 62323736
24, 23, 22870338
24, 141, 43130988
24, 110, 10825242
24, 87, 73285092
24, 413, 22699539
24, 12, 11301785
24, 19, 28819333
24, 4, 42232684
24, 63, 8846845
24, 124, 19126655
24, 231, 10871759
24, 379, 14524502
24, 403, 1911662
24, 62, 15137261
24, 308, 3987701
24, 411, 144959627
24, 342, 146987848
24, 172, 28144230
24, 17, 20527278
24, 74, 67270835
24, 91, 21963129
24, 398, 268958835
24, 169, 4474653
24, 32, 149140551
24, 334, 44538705
24, 161, 27972
24, 297, 260879
24, 263, 9350950
24, 285, 16309306
24, 96, 124056485
24, 202, 1109017
24, 318, 6104107
24, 39, 64329925
24, 230, 45009997
24, 158, 46026322
24, 134, 11309548
24, 251, 78568863
24, 220, 16557260
24, 386, 48603732
24, 133, 34427361
24, 92, 11050463
24, 324, 21885914
24, 166, 7596422
24, 118, 17383849
24, 352, 84929308
24, 246, 42013684
24, 340, 49615697
24, 190, 90378628
24, 416, 61525310
24, 371, 132101698
24, 61, 33446654
24, 370, 30466380
24, 259, 9377178
24, 299, 62665967
24, 156, 7636317
24, 283, 227254872
24, 176, 26971863
24, 338, 38724072
24, 68, 6730169
24, 351, 131613171
24, 280, 924592
24, 290, 9251393
24, 289, 46030711
24, 45, 19208258
24, 392, 70703
24, 397, 29705273
24, 298, 85733666
24, 423, 17451907
24, 7, 38811525
24, 286, 4010423
24, 291, 14699961
24, 121, 26870
24, 229, 43022906
24, 106, 23905708
24, 227, 4004372
24, 181, 29210758
24, 344, 5824843
24, 427, 7556617
24, 218, 33640218
24, 400, 595706
24, 100, 224849594
24, 419, 31696165
24, 79, 63742704
24, 52, 87185836
24, 192, 32310446
24, 111, 7584039
24, 329, 22378166
24, 319, 58387762
24, 257, 2900343
24, 354, 9229121
24, 177, 201214815
24, 384, 7614866
24, 365, 86786357
24, 304, 29735120
24, 132, 9202822
24, 410, 134889762
24, 332, 33948984
24, 233, 3074029
24, 69, 10971636
24, 228, 10838066
24, 335, 11432939
24, 125, 64017790
24, 84, 14560419
24, 260, 42227255
24, 15, 155047638
24, 207, 42897881
24, 378, 44762895
24, 14, 1122152
24, 250, 3067738
24, 328, 67123508
24, 103, 32543773
24, 90, 57303600
24, 279, 20452137
24, 383, 54502773
24, 66, 7592374
24, 237, 238888
24, 58, 14578335
24, 34, 225743690
24, 98, 33727850
24, 25, 427942
24, 357, 43526609
24, 350, 224190560
24, 323, 77054
24, 239, 41444078
24, 199, 1325824
24, 73, 93736741
24, 284, 39336157
24, 276, 3124595
24, 244, 99226375
24, 277, 11320590
24, 174, 20580508
24, 86, 7604016
24, 184, 5896006
24, 224, 29950233
24, 415, 24849025
24, 127, 8875890
24, 320, 22531182
24, 364, 44586224
24, 294, 13233323
24, 393, 41961718
24, 376, 22373397
24, 129, 9302289
24, 243, 132471921
24, 321, 23567955
24, 281, 16889644
24, 155, 705011
24, 9, 32933472
24, 47, 156084310
24, 302, 9456837
24, 154, 34191290
24, 254, 7674278
24, 402, 4661974
24, 341, 15859224
24, 382, 14584805
24, 55, 21115530
24, 367, 31665087
24, 375, 28281936
24, 194, 7453516
24, 107, 42076391
24, 240, 18804011
24, 123, 158818743
24, 97, 31104525
24, 296, 10910602
24, 175, 7626749
24, 197, 64550900
24, 408, 16864526
24, 27, 11044632
24, 94, 8681365
24, 200, 14604593
24, 225, 11211165
24, 316, 4080705
24, 270, 38202795
24, 253, 17650289
24, 247, 105273364
24, 235, 42871321
24, 346, 42152384
24, 64, 6557064
24, 315, 8251429
24, 75, 32776548
24, 372, 1106714
24, 191, 275145
24, 353, 165914358
24, 417, 4489381
24, 10, 4495122
24, 307, 9296798
24, 212, 242845
24, 113, 22609770
24, 345, 224033526
24, 29, 1910630
24, 222, 49782630
24, 119, 42729896
24, 313, 108979207
24, 238, 157159164
24, 391, 87588151
24, 278, 4039829
24, 157, 36357097
24, 186, 63275759
24, 178, 269298953
24, 82, 41642539
24, 173, 40471294
24, 137, 21719182
24, 1, 16605842
24, 80, 4568420
24, 309, 85894517
24, 13, 17550260
24, 187, 4073742
24, 89, 17064030
24, 72, 154634053
24, 139, 241145386
24, 71, 45210483
24, 390, 22514702
24, 425, 10542522
24, 406, 4482619
24, 339, 20676038
24, 198, 14512370
24, 325, 21062891
24, 104, 37901491
24, 368, 136378119
24, 333, 65852889
24, 26, 8140761
24, 295, 27120000
24, 28, 87230370
24, 236, 34251272
24, 232, 34611154
24, 44, 26753594
24, 145, 13854196
24, 40, 19530370
24, 405, 22484406
24, 369, 23988213
24, 395, 97981522
24, 130, 50315799
24, 314, 63775475
24, 2, 27330405
24, 11, 8784698
24, 8, 42241141
24, 148, 87440092
24, 165, 13369309
24, 162, 24509249
24, 322, 29150364
24, 38, 15909917
24, 81, 16603436
24, 138, 8245047
24, 261, 44633362
24, 399, 11207848
24, 85, 8704379
24, 56, 35247056
24, 70, 63597072
24, 330, 43332686
24, 108, 99763370
24, 167, 85219
24, 209, 29760739
24, 301, 272601
24, 206, 110719457
24, 303, 9109828
24, 196, 18950304
24, 249, 47620709
24, 216, 68561452
24, 359, 9150315
24, 219, 152749481
24, 422, 9683393
24, 360, 14691455
24, 35, 66908986
24, 426, 8106598
24, 358, 6402645
24, 112, 57329138
24, 93, 58880
24, 210, 20569138
24, 266, 11735707
24, 33, 12804298
24, 160, 40896553
24, 336, 30811376
24, 109, 33602686
24, 101, 4476707
24, 311, 111189117
24, 414, 18935077
24, 331, 108206098
24, 274, 63404602
24, 149, 14572531
24, 268, 16053627
24, 128, 49033586
24, 171, 167628829
24, 424, 22519702
24, 43, 24323771
24, 195, 134881957
24, 248, 18774885
24, 183, 9654127
24, 50, 36554897
24, 144, 46688782
24, 140, 8194984
24, 374, 14629228
24, 256, 196618443
24, 18, 2763467
24, 317, 47405106
24, 204, 23117301
24, 215, 7292444
24, 31, 4485563
24, 67, 11875560
24, 151, 62664143
24, 16, 150793689
24, 57, 9602401
24, 418, 46156216
24, 42, 28556251
24, 362, 76443
24, 288, 226789089
24, 293, 9537218
24, 271, 183233
24, 327, 20195426
24, 126, 56446817
24, 412, 9322847
24, 189, 22872743
24, 394, 5880577
24, 300, 87645257
24, 252, 24339502
24, 267, 3977793
24, 102, 4497786
24, 214, 53790358
24, 22, 20820529
24, 245, 99763299
26, 67, 6511621
26, 56, 612648
26, 57, 14920363
26, 54, 3151886
26, 53, 905276
26, 29, 1319802
26, 70, 6933390
26, 18, 5640809
26, 77, 3327463
26, 79, 7442815
26, 2, 14729988
26, 14, 4643821
26, 39, 722514
26, 10, 1544643
26, 23, 16170
26, 36, 2454569
26, 20, 1500471
26, 26, 3487052
26, 48, 1560634
26, 1, 709590
26, 64, 6507712
26, 8, 6700163
26, 92, 1545696
26, 80, 1184460
26, 60, 333756
26, 78, 2763117
26, 21, 1601229
26, 94, 3005541
26, 30, 16490
26, 19, 7555998
26, 5, 374862
26, 40, 89628
26, 38, 4780457
26, 12, 1608564
26, 58, 3522238
26, 47, 726511
26, 51, 26790
26, 3, 85650
26, 72, 1868280
26, 55, 2783425
26, 9, 6609734
26, 37, 1180000
26, 73, 107801
26, 46, 1343356
26, 52, 10328320
26, 27, 30538135
26, 90, 613479
26, 34, 1399141
26, 74, 1564340
26, 61, 4337888
26, 16, 327584
26, 69, 719458
26, 89, 1733117
26, 86, 1569420
26, 87, 197390
26, 7, 8569315
26, 45, 603490
26, 84, 6634479
26, 93, 1644641
26, 42, 1865606
26, 81, 1229343
26, 6, 1569700
26, 17, 2799244
26, 85, 13706
26, 83, 1224374
26, 98, 18405
26, 22, 3326663
26, 99, 599623
26, 49, 51537
26, 96, 4824889
26, 75, 1711817
26, 59, 326491
26, 68, 2935971
26, 0, 13441232
26, 4, 122680
26, 24, 749164
26, 102, 1697050
26, 44, 1541578
26, 41, 379471
26, 76, 2712091
26, 50, 4860667
26, 35, 1215306
26, 82, 12112744
26, 100, 14176812
26, 33, 3338103
26, 71, 1079282
26, 13, 2710839
26, 31, 1226578
26, 43, 896981
26, 91, 1744068
26, 95, 866554
26, 101, 1930848
26, 66, 1544093
26, 88, 5192648
26, 28, 7202424
26, 25, 1627139
26, 63, 1845729
26, 65, 2534658
26, 62, 1534665
26, 15, 6915809
26, 11, 3496410
26, 97, 1860817
26, 32, 1906392
27, 85, 271822852
27, 26, 42275986
27, 296, 940834090
27, 286, 826480945
27, 353, 17217473027
27, 192, 422371
27, 365, 7680946791
27, 3, 4634109741
27, 423, 42447327
27, 94, 1796154246
27, 134, 122254018
27, 405, 98290239
27, 166, 807033169
27, 317, 2105015731
27, 345, 7287831114
27, 181, 8476330713
27, 46, 11204202
27, 161, 890068047
27, 29, 543575180
27, 7, 1030285421
27, 163, 24954115499
27, 389, 2241322047
27, 274, 5942531728
27, 428, 5350956
27, 366, 429955439
27, 143, 1334357902
27, 281, 308999503
27, 275, 301633442
27, 439, 656483147
27, 369, 719740773
27, 194, 124198801
27, 427, 978186602
27, 41, 256515692
27, 314, 402213713
27, 310, 2223155
27, 207, 1379397306
27, 388, 3289091273
27, 170, 3434115862
27, 344, 241067429
27, 82, 1072946438
27, 129, 610948857
27, 6, 332581935
27, 172, 588267673
27, 69, 1533015846
27, 342, 349694827
27, 164, 93595
27, 139, 250585852
27, 76, 2298596272
27, 410, 1871042953
27, 335, 58766541
27, 437, 412937094
27, 430, 8533190741
27, 98, 9870435140
27, 216, 138686185
27, 401, 60143080
27, 304, 18160277016
27, 13, 162777249
27, 155, 43312848
27, 101, 46518796
27, 105, 77438984
27, 88, 19062365
27, 426, 28310250
27, 141, 59167883
27, 340, 11482133
27, 107, 492600086
27, 324, 1380351092
27, 307, 2556932934
27, 373, 20526496
27, 49, 46551457
27, 221, 6119726058
27, 220, 52530759
27, 287, 151827905
27, 269, 1547171628
27, 352, 1168178
27, 318, 424349054
27, 285, 245191647
27, 84, 59898182
27, 205, 129927414
27, 65, 5393497249
27, 435, 12956099101
27, 326, 420433358
27, 138, 126658089
27, 331, 512815720
27, 421, 1335634645
27, 19, 2550501173
27, 434, 420698
27, 384, 41901374
27, 137, 587685954
27, 87, 2319652549
27, 351, 585678774
27, 97, 46453572
27, 360, 3108711523
27, 261, 25638
27, 103, 172428451
27, 356, 908902684
27, 433, 5481579244
27, 57, 1866329511
27, 267, 444937739
27, 399, 107203199
27, 394, 356720019
27, 302, 8187040122
27, 290, 29107584
27, 294, 1800122000
27, 309, 30175204
27, 11, 1743968424
27, 131, 257802614
27, 78, 30552211
27, 36, 26786986
27, 9, 12803828826
27, 119, 447964769
27, 14, 4127225347
27, 92, 20458390
27, 303, 91747022
27, 182, 6049987909
27, 23, 836725889
27, 264, 3281784371
27, 362, 1798746040
27, 262, 5400157666
27, 47, 150924224
27, 115, 13072341
27, 38, 1661738763
27, 136, 235390794
27, 20, 6038001441
27, 239, 250920
27, 147, 301144306
27, 327, 23657403898
27, 364, 415739104
27, 210, 142022174
27, 74, 3091481421
27, 223, 47498972
27, 214, 127114053
27, 436, 75382924
27, 2, 18878458
27, 66, 21792690
27, 109, 40894899
27, 156, 4344082588
27, 419, 45225091
27, 125, 12906476396
27, 27, 105697777
27, 273, 388719211
27, 120, 8150521759
27, 35, 1032895
27, 336, 689147775
27, 271, 58164953
27, 297, 1155539237
27, 127, 500162144
27, 322, 46554652
27, 424, 657012187
27, 259, 2525474144
27, 406, 5452663648
27, 358, 61507447
27, 51, 304102789
27, 158, 251587978
27, 420, 302959367
27, 198, 41766991
27, 230, 961888957
27, 37, 14318327
27, 159, 7480451276
27, 60, 2645810528
27, 354, 3217950295
27, 306, 950620364
27, 178, 1351054513
27, 328, 21744380
27, 379, 343252768
27, 319, 50730776
27, 323, 76483
27, 350, 58495393
27, 280, 27431
27, 167, 1356225531
27, 414, 889350473
27, 222, 62885869
27, 199, 164836007
27, 347, 357910558
27, 209, 818567558
27, 292, 235757891
27, 10, 2650117839
27, 21, 25296776912
27, 415, 12927862470
27, 151, 727033084
27, 193, 312027676
27, 50, 1361184983
27, 96, 675747800
27, 224, 358131013
27, 301, 12157046
27, 268, 30245828
27, 408, 92766982
27, 337, 41635876
27, 0, 124079268
27, 39, 272632998
27, 91, 7444566833
27, 62, 233729892
27, 407, 150581740
27, 315, 142334519
27, 110, 590005
27, 363, 838092168
27, 122, 10505414759
27, 48, 11330497584
27, 200, 604357006
27, 183, 196470114
27, 311, 30377774
27, 229, 328149531
27, 133, 123837055
27, 284, 388792666
27, 382, 137600901
27, 177, 41015905
27, 80, 408754348
27, 376, 677237250
27, 191, 5528948
27, 409, 1247085753
27, 67, 60501321
27, 86, 1351054553
27, 240, 117910219
27, 313, 29161105
27, 228, 77695947
27, 213, 14088394
27, 254, 2594975929
27, 242, 25745485
27, 255, 3857429192
27, 52, 247860376
27, 104, 128832342
27, 400, 150693089
27, 185, 59625641
27, 361, 7408364636
27, 208, 288547646
27, 270, 29236485
27, 235, 84777064
27, 45, 509680245
27, 355, 41112606
27, 16, 2472623
27, 1, 16890589761
27, 186, 7448618493
27, 332, 1665083147
27, 371, 133433233
27, 179, 342388899
27, 212, 152925702
27, 126, 99857867
27, 391, 1754283178
27, 431, 1755618690
27, 173, 2216343
27, 225, 60478869
27, 73, 552238569
27, 90, 5562131
27, 231, 49583087
27, 58, 7454338029
27, 211, 81483
27, 250, 302866302
27, 124, 47284880
27, 30, 3292314247
27, 403, 61278878
27, 33, 1238291065
27, 113, 342970599
27, 34, 8190054442
27, 244, 226455533
27, 291, 49500041
27, 106, 152795047
27, 24, 83704825
27, 258, 20634098
27, 187, 41065078
27, 249, 301356203
27, 5, 5258342
27, 417, 143916523
27, 377, 10886247
27, 70, 482195422
27, 396, 362462447
27, 293, 338482941
27, 123, 62296123
27, 333, 40752443
27, 128, 242234295
27, 83, 273977478
27, 175, 513332948
27, 68, 153175350
27, 441, 863917983
27, 72, 984536406
27, 237, 48000891
27, 233, 2447646
27, 219, 726366645
27, 165, 1155393213
27, 135, 1201223038
27, 418, 21491256
27, 299, 21305525970
27, 338, 362394511
27, 416, 343758706
27, 64, 49303772
27, 79, 389482551
27, 157, 18360115380
27, 393, 62949838
27, 383, 58271454
27, 148, 356406893
27, 99, 23304120
27, 196, 353364492
27, 305, 566809859
27, 145, 305675836
27, 413, 132536521
27, 142, 180730837
27, 18, 3555655247
27, 190, 312968939
27, 102, 42805849
27, 398, 125020030
27, 252, 648559641
27, 330, 7501115246
27, 217, 152370493
27, 380, 18008144197
27, 152, 61445762
27, 395, 8294089
27, 61, 151727637
27, 77, 2400358364
27, 95, 27709825
27, 341, 328151885
27, 54, 966979833
27, 162, 62697
27, 93, 398896859
27, 31, 46751590
27, 44, 663451623
27, 359, 76493874
27, 232, 1154984
27, 397, 41127464
27, 184, 23015299
27, 202, 17983046084
27, 279, 12917730642
27, 368, 1035169760
27, 111, 41093220
27, 176, 58385738
27, 28, 13853525
27, 8, 138016238
27, 265, 1493238510
27, 248, 22989151
27, 146, 2135769405
27, 218, 418410167
27, 227, 258752452
27, 357, 963441605
27, 346, 92322760
27, 312, 51417
27, 197, 160303445
27, 289, 70040062
27, 43, 879295614
27, 89, 258737384
27, 375, 10765489104
27, 256, 721393389
27, 55, 499356
27, 234, 583852940
27, 253, 28046958
27, 114, 4398682530
27, 195, 21751211
27, 203, 498874470
27, 404, 357701558
27, 189, 628933720
27, 266, 487732315
27, 180, 354513506
27, 260, 45496
27, 257, 123822566
27, 277, 3285326155
27, 298, 10141610
27, 381, 2244716
27, 112, 76208961
27, 334, 104182160
27, 160, 34595
27, 121, 208301
27, 188, 465021
27, 12, 84280151
27, 278, 777494806
27, 432, 412930030
27, 15, 151701108
27, 348, 107806601
27, 236, 235545413
27, 42, 341389266
27, 100, 3212020063
27, 226, 18273243047
27, 429, 1529671537
27, 71, 977421
27, 32, 1267197904
27, 411, 1266197910
27, 440, 1308261989
27, 438, 299544438
27, 378, 4388676382
27, 204, 246917619
27, 349, 621390488
27, 367, 202920
27, 308, 834723477
27, 153, 193790964
27, 402, 419060726
27, 247, 654382050
27, 370, 69402949
27, 295, 1525636649
27, 300, 7460881715
27, 144, 12868108752
27, 40, 18264147995
27, 387, 141498993
27, 272, 416638268
27, 56, 18254940005
27, 372, 258028335
27, 251, 17977886262
27, 132, 256081739
27, 392, 10027937742
27, 140, 21196396061
27, 316, 18280504769
27, 63, 8267950
27, 171, 580913174
27, 149, 516971406
27, 75, 252360856
27, 243, 58384386
27, 283, 656015750
27, 325, 135076331
27, 174, 30025749228
27, 238, 429274
27, 390, 256231269
27, 282, 604856411
27, 339, 149731999
27, 169, 330274101
27, 108, 3262532598
27, 25, 605234840
27, 385, 188517505
27, 425, 9245283560
27, 130, 246976300
27, 53, 2234748
27, 117, 7376852422
27, 154, 60920206
27, 150, 38873771
27, 245, 2373423107
27, 201, 59368258
27, 386, 509500068
27, 168, 816454738
27, 81, 656838511
27, 422, 21173532674
27, 329, 864674751
27, 206, 902844543
27, 241, 11337712
27, 263, 522531002
27, 320, 394290858
27, 4, 2282730021
27, 22, 1364006157
27, 276, 6064512373
27, 118, 1269004678
27, 215, 3221098661
27, 374, 18043656632
27, 412, 520360194
27, 17, 882278191
27, 321, 21266312209
27, 288, 195782275
27, 246, 124394277
27, 116, 1141781560
27, 59, 58193308
27, 343, 183420815
28, 162, 157679499
28, 417, 424493014
28, 271, 188246056
28, 97, 128205838
28, 34, 227397147
28, 178, 1716439945
28, 180, 580527410
28, 234, 5707509054
28, 187, 35634884
28, 241, 4195824335
28, 253, 37321383
28, 386, 35248238
28, 261, 4566200069
28, 92, 450110979
28, 195, 234269
28, 208, 1731063614
28, 118, 86127893
28, 276, 29873639
28, 420, 6719489
28, 121, 68460172
28, 63, 67565947
28, 136, 84893792
28, 98, 38059768
28, 391, 53083153
28, 221, 90279241
28, 440, 398889565
28, 138, 121652170
28, 431, 41759197
28, 145, 4565123672
28, 305, 39108691
28, 147, 584295239
28, 270, 28408354
28, 412, 66207863
28, 275, 834062788
28, 433, 546902071
28, 176, 1280295582
28, 328, 424524323
28, 429, 66200810
28, 409, 94699914
28, 337, 4134016125
28, 214, 1811478915
28, 209, 108087165
28, 255, 2577430593
28, 197, 523614161
28, 421, 17344266
28, 381, 263534381
28, 201, 121507
28, 225, 175731990
28, 48, 229179
28, 155, 361646949
28, 120, 28643
28, 50, 2414992369
28, 373, 7093831300
28, 26, 388518945
28, 227, 5814919962
28, 60, 2878436579
28, 192, 2748698189
28, 86, 580728
28, 408, 66304263
28, 411, 1413945380
28, 101, 84020856
28, 303, 36005538
28, 346, 101754411
28, 70, 2751894118
28, 183, 289346091
28, 153, 1164686164
28, 211, 1050676891
28, 42, 27200
28, 296, 271856495
28, 252, 524893537
28, 385, 85205235
28, 22, 78450340
28, 436, 339333874
28, 361, 28448771
28, 108, 197501347
28, 156, 2505305002
28, 144, 6521103564
28, 218, 29561335
28, 331, 992223408
28, 173, 84327
28, 11, 7561357
28, 15, 51140093
28, 106, 5759094590
28, 308, 515756
28, 437, 350038200
28, 300, 272444685
28, 374, 427828463
28, 28, 191664121
28, 319, 112409383
28, 415, 196171535
28, 350, 43137739
28, 6, 14508934
28, 168, 166274942
28, 78, 229211417
28, 27, 159796144
28, 344, 406534117
28, 107, 13256397
28, 282, 8233191495
28, 84, 16539097
28, 371, 1100246493
28, 315, 962738657
28, 114, 53794036
28, 288, 225062
28, 206, 111818086
28, 338, 34104656
28, 32, 129893481
28, 166, 136676819
28, 132, 28689420
28, 298, 54344708
28, 295, 29435409
28, 267, 1033384925
28, 131, 1041200169
28, 318, 318602914
28, 302, 2750650497
28, 143, 212007
28, 342, 241846920
28, 259, 396393317
28, 406, 68450555
28, 389, 279767566
28, 43, 42197548
28, 243, 472215814
28, 395, 91234761
28, 37, 1069447209
28, 435, 6310291288
28, 167, 514307844
28, 127, 3401399942
28, 347, 793126673
28, 157, 2381248548
28, 150, 537312346
28, 390, 33716769
28, 1, 111188716
28, 164, 1061854955
28, 125, 114642638
28, 368, 2057671504
28, 33, 40364364
28, 59, 28514523
28, 272, 1168428605
28, 366, 389348850
28, 283, 30283237
28, 262, 5862508359
28, 216, 48379292
28, 325, 172792373
28, 359, 24215
28, 154, 391582054
28, 349, 100016103
28, 3, 57510778
28, 30, 1318319291
28, 7, 5150178433
28, 110, 156341781
28, 266, 85146707
28, 445, 2054156218
28, 260, 1406294294
28, 17, 83162099
28, 220, 14516066
28, 36, 50382053
28, 13, 719181163
28, 251, 122887283
28, 123, 59899695
28, 139, 551142
28, 96, 395945880
28, 330, 89657607
28, 212, 529436398
28, 130, 97163089
28, 281, 453439196
28, 306, 269658826
28, 233, 2302819779
28, 124, 213199
28, 356, 126390548
28, 446, 322154579
28, 333, 32331063
28, 312, 1051693448
28, 115, 27906174
28, 348, 227440447
28, 56, 236791488
28, 316, 89606663
28, 25, 268203479
28, 82, 2865972216
28, 222, 32366840
28, 54, 520781263
28, 202, 2558021990
28, 142, 64890936
28, 269, 26175561
28, 311, 719736694
28, 332, 1896374700
28, 116, 92644
28, 165, 8898377306
28, 94, 1822915590
28, 278, 150254989
28, 258, 5812052249
28, 113, 13101846
28, 177, 529780223
28, 362, 31198
28, 44, 158119264
28, 75, 612914037
28, 354, 94627178
28, 62, 1731413538
28, 77, 27432917
28, 370, 117174831
28, 0, 867568892
28, 169, 359260638
28, 294, 220738191
28, 264, 511367887
28, 297, 421986458
28, 289, 362408907
28, 343, 347257750
28, 91, 274641652
28, 413, 420915880
28, 8, 3437466833
28, 159, 284578418
28, 286, 1104665884
28, 191, 1588904732
28, 18, 120677524
28, 410, 1122379560
28, 51, 267008140
28, 379, 357279967
28, 293, 528830934
28, 340, 322535082
28, 246, 132565126
28, 372, 172870709
28, 181, 110697757
28, 109, 347230610
28, 105, 4012808
28, 367, 3744528486
28, 287, 881119380
28, 188, 4164742271
28, 273, 32481606
28, 447, 3300835
28, 21, 8785530
28, 336, 335184991
28, 85, 110357
28, 104, 24249953
28, 236, 254772887
28, 307, 28794177
28, 398, 77664256
28, 301, 807696170
28, 68, 44377081
28, 444, 4009112
28, 194, 30057895
28, 377, 423876850
28, 64, 220719607
28, 284, 544386458
28, 441, 68763942
28, 327, 499414623
28, 24, 258377329
28, 285, 5697688573
28, 384, 980845109
28, 321, 498870924
28, 207, 1089785393
28, 19, 1310277234
28, 250, 3745657
28, 55, 2830816191
28, 88, 826026832
28, 128, 8869738
28, 418, 377426131
28, 12, 281020614
28, 47, 2833873499
28, 53, 403973670
28, 129, 335346384
28, 45, 1611680
28, 224, 56870388
28, 353, 2541511137
28, 171, 821624253
28, 210, 278993075
28, 357, 72774335
28, 438, 77830158
28, 10, 478907
28, 329, 21139
28, 79, 4940524738
28, 228, 199653919
28, 146, 148679877
28, 257, 360694214
28, 324, 8306492
28, 172, 18169972
28, 4, 96577553
28, 52, 421137416
28, 314, 423214780
28, 102, 79421469
28, 137, 410606968
28, 122, 59265296
28, 72, 99512891
28, 186, 146654093
28, 141, 28827088
28, 81, 529052840
28, 443, 34910717
28, 299, 14306965
28, 339, 34480441
28, 240, 48210
28, 217, 5458507148
28, 401, 334561102
28, 149, 66984487
28, 376, 8261283805
28, 193, 18214976
28, 230, 31218
28, 268, 250921292
28, 387, 227266
28, 148, 2717963727
28, 99, 1739192923
28, 80, 269087756
28, 335, 1153290402
28, 422, 98192988
28, 400, 499142813
28, 304, 80341
28, 426, 122787739
28, 198, 159496983
28, 160, 5111800380
28, 126, 17257673
28, 352, 82531848
28, 397, 2828863321
28, 419, 126105754
28, 242, 5771112536
28, 360, 236803460
28, 57, 1311469847
28, 237, 2804752229
28, 179, 121716560
28, 196, 520021980
28, 434, 28360496
28, 403, 806063119
28, 404, 1573283736
28, 310, 220620131
28, 5, 278671291
28, 190, 542487260
28, 200, 38626509
28, 423, 1606400511
28, 185, 6945354814
28, 205, 120174101
28, 71, 831248976
28, 9, 335730254
28, 100, 3582055706
28, 439, 58813230
28, 402, 1811924657
28, 427, 52531861
28, 291, 4069584810
28, 254, 30032057
28, 189, 29907
28, 67, 5228433697
28, 239, 980880986
28, 351, 28818873
28, 341, 528217245
28, 41, 976951075
28, 111, 1549825056
28, 280, 985725274
28, 432, 405400833
28, 383, 394646225
28, 380, 115447
28, 394, 56818261
28, 204, 160300
28, 65, 42552373
28, 425, 127731579
28, 388, 4114496425
28, 49, 120524968
28, 112, 19723844
28, 358, 3968418972
28, 135, 2921720483
28, 170, 5755985163
28, 213, 1570253759
28, 184, 212878
28, 399, 420704526
28, 93, 119795541
28, 2, 18442743
28, 203, 979292070
28, 119, 7028673163
28, 323, 60160162
28, 226, 52838684
28, 263, 1288608708
28, 182, 124144038
28, 140, 2140854591
28, 249, 68792987
28, 175, 41770398
28, 158, 58845008
28, 38, 2700199626
28, 117, 165747655
28, 31, 68123932
28, 66, 2105286453
28, 405, 499192636
28, 83, 3345992150
28, 95, 129536091
28, 133, 19120323
28, 313, 2793339987
28, 292, 15627329
28, 277, 39915903
28, 392, 116815889
28, 174, 50996
28, 20, 80328969
28, 375, 391741582
28, 317, 26204656
28, 58, 2852870110
28, 215, 172307774
28, 152, 427172424
28, 364, 322203340
28, 229, 449598439
28, 416, 1614672079
28, 89, 2303815204
28, 16, 150388760
28, 274, 1730504555
28, 369, 335078831
28, 61, 446160149
28, 290, 158884477
28, 46, 1715706820
28, 355, 16334104
28, 76, 587914830
28, 442, 25495276
28, 247, 1958147964
28, 161, 159956145
28, 378, 2720180830
28, 322, 1088613709
28, 428, 241302610
28, 245, 1630091988
28, 238, 84907037
28, 244, 5764586579
28, 265, 1146704975
28, 393, 1423898
28, 334, 94707638
28, 14, 2300234476
28, 74, 1110392382
28, 163, 2881756118
28, 365, 8911796
28, 35, 718693570
28, 219, 2296831400
28, 256, 17125765
28, 90, 226885
28, 232, 1429714854
28, 235, 196229734
28, 430, 2922067754
28, 73, 405221328
28, 40, 33001259
28, 309, 477735
28, 134, 122639
28, 345, 89916491
28, 23, 119346110
28, 103, 2222999444
28, 87, 107904963
28, 414, 105306256
28, 363, 119444
28, 29, 57093907
28, 424, 2584244770
28, 396, 451015424
28, 407, 30804924
28, 279, 49606830
28, 320, 18505501
28, 223, 1772216494
28, 231, 75413039
28, 39, 195014396
28, 199, 549580
28, 382, 75464727
28, 69, 393249898
28, 248, 452534911
28, 151, 2350454955
28, 326, 510539005
29, 15, 4125800
29, 30, 47857833
29, 45, 3837330
29, 99, 10736064
29, 11, 15413968
29, 81, 77070254
29, 64, 461565
29, 106, 5073686
29, 70, 11047768
29, 71, 95870
29, 85, 2325969
29, 109, 5540612
29, 79, 61415403
29, 105, 5611645
29, 5, 4854414
29, 9, 1964491
29, 17, 12716233
29, 19, 2341888
29, 54, 13724523
29, 34, 3292158
29, 127, 5413913
29, 111, 12204867
29, 58, 1669819
29, 86, 420087
29, 129, 51382778
29, 73, 33179824
29, 97, 17653865
29, 88, 42041376
29, 76, 4228563
29, 47, 966811
29, 59, 4986121
29, 126, 5447747
29, 122, 478156
29, 23, 481152
29, 112, 1166205
29, 46, 47421797
29, 16, 43382178
29, 67, 2263190
29, 100, 521377
29, 38, 11733053
29, 89, 4520389
29, 39, 41906923
29, 101, 409497
29, 6, 2062785
29, 24, 13269993
29, 80, 4755349
29, 40, 2527766
29, 42, 24525830
29, 12, 85370
29, 41, 28161392
29, 55, 5929599
29, 22, 4234163
29, 13, 31942616
29, 78, 5581989
29, 37, 26517352
29, 103, 13425392
29, 77, 1889661
29, 114, 5395578
29, 21, 2384959
29, 110, 3939581
29, 31, 5390038
29, 18, 3923129
29, 125, 73050494
29, 53, 12841770
29, 74, 11569775
29, 128, 4426964
29, 32, 4400594
29, 60, 880921
29, 120, 15045508
29, 44, 12843904
29, 4, 1451189
29, 66, 17928399
29, 75, 32395203
29, 121, 5619279
29, 119, 5313405
29, 104, 48269464
29, 87, 37682520
29, 92, 4009963
29, 115, 5045653
29, 69, 6616647
29, 43, 64681744
29, 107, 5075238
29, 8, 26436731
29, 29, 29205077
29, 25, 196909
29, 48, 51223740
29, 102, 4609525
29, 72, 54821551
29, 96, 4659720
29, 28, 1232770
29, 63, 3950612
29, 7, 2160518
29, 26, 33843277
29, 33, 5012651
29, 51, 1988876
29, 0, 5351576
29, 61, 32708891
29, 94, 2062184
29, 95, 12923202
29, 10, 42910905
29, 68, 1911823
29, 62, 4251274
29, 36, 27742978
29, 118, 6117321
29, 56, 29495480
29, 108, 18796466
29, 84, 4319594
29, 3, 3900598
29, 35, 3623570
29, 90, 11794406
29, 57, 1102686
29, 1, 13043317
29, 83, 1611108
29, 82, 415438
29, 113, 4065778
29, 52, 8201977
29, 2, 5414263
29, 49, 18916621
29, 91, 5411759
29, 93, 39057726
29, 123, 5018953
29, 50, 90329
29, 14, 8082553
29, 20, 5583491
29, 116, 4655432
29, 27, 51201488
29, 117, 7684327
29, 98, 8382004
29, 124, 24015
29, 65, 10580514
30, 54, 1154683
30, 16, 2631600
30, 26, 1128684
30, 113, 1322418
30, 97, 8524782
30, 63, 2059548
30, 110, 6862327
30, 9, 1128244
30, 50, 2686583
30, 67, 28824
30, 91, 2239676
30, 73, 12358676
30, 15, 927257
30, 48, 4462249
30, 8, 2710158
30, 85, 16375209
30, 1, 2479435
30, 28, 6189877
30, 86, 2995161
30, 68, 6324419
30, 35, 242414
30, 84, 2159445
30, 101, 4088651
30, 41, 1323139
30, 88, 60844
30, 22, 1131019
30, 44, 16090
30, 21, 2059288
30, 108, 6605406
30, 65, 61005
30, 59, 59041
30, 39, 2923898
30, 14, 1094099
30, 43, 1099260
30, 72, 1022987
30, 10, 69487568
30, 58, 2666476
30, 20, 244689
30, 57, 2174233
30, 70, 4667205
30, 78, 171802
30, 34, 35918
30, 55, 35066
30, 80, 9180520
30, 53, 2673328
30, 30, 14650417
30, 77, 9100342
30, 79, 2782423
30, 100, 16366684
30, 61, 2074387
30, 18, 915555
30, 87, 2274632
30, 33, 1066848
30, 46, 16124229
30, 60, 1058353
30, 13, 13616
30, 4, 5989252
30, 24, 4296610
30, 112, 1125298
30, 75, 524532
30, 52, 4436551
30, 107, 2642441
30, 6, 2086720
30, 82, 6512020
30, 3, 2086790
30, 11, 2268821
30, 49, 1299344
30, 102, 5370762
30, 12, 12088958
30, 62, 244168
30, 27, 10020514
30, 25, 5677758
30, 83, 69717739
30, 95, 2726779
30, 96, 12869793
30, 71, 2178591
30, 7, 907480
30, 94, 11373139
30, 89, 520355
30, 64, 1989447
30, 2, 1090373
30, 17, 4385707
30, 74, 8438530
30, 40, 1026073
30, 66, 238337
30, 0, 6755888
30, 31, 5058607
30, 103, 5025246
30, 93, 12787549
30, 76, 41437
30, 5, 2711931
30, 19, 1145616
30, 38, 15079
30, 36, 518973
30, 104, 2072834
30, 69, 2617824
30, 111, 4682463
30, 90, 32530
30, 56, 9094188
30, 45, 1136960
30, 98, 33082
30, 23, 1336864
30, 81, 4700688
30, 109, 6327755
30, 99, 1394352
30, 106, 1853062
30, 42, 1331695
30, 37, 3073278
30, 29, 3018575
30, 32, 2258841
30, 92, 8500466
30, 51, 88984496
30, 47, 1106673
30, 105, 4678946
31, 81, 1160866
31, 68, 1248109
31, 98, 2501016
31, 47, 4510511
31, 50, 637665
31, 91, 1324592
31, 5, 2605370
31, 45, 6866465
31, 79, 1242698
31, 113, 1627139
31, 94, 10315557
31, 59, 2868425
31, 102, 1309273
31, 55, 1806164
31, 10, 50194
31, 84, 1086725
31, 14, 593422
31, 13, 992990
31, 2, 698408
31, 23, 1621408
31, 69, 2271206
31, 18, 1268346
31, 92, 1611539
31, 107, 1545145
31, 112, 968324
31, 6, 3134503
31, 110, 916777
31, 30, 705292
31, 31, 3410119
31, 19, 1330814
31, 77, 1819749
31, 88, 803535
31, 49, 1108757
31, 40, 3714109
31, 90, 54863
31, 82, 10388472
31, 24, 694461
31, 78, 2916133
31, 33, 3087716
31, 52, 2598828
31, 12, 3184456
31, 43, 472966
31, 109, 4857071
31, 9, 2148596
31, 41, 3142617
31, 108, 1462660
31, 4, 5733461
31, 73, 2794937
31, 27, 1462139
31, 46, 3170991
31, 93, 2477823
31, 44, 1954091
31, 87, 3078818
31, 60, 1693553
31, 83, 14628
31, 106, 1796656
31, 61, 2608768
31, 53, 4549723
31, 54, 1815471
31, 28, 1901742
31, 72, 1443424
31, 66, 10408070
31, 96, 1782850
31, 65, 1630946
31, 100, 3873637
31, 62, 10453245
31, 36, 10363747
31, 51, 2250918
31, 95, 1767972
31, 57, 2004314
31, 8, 1216039
31, 105, 278743
31, 76, 937907
31, 15, 8060041
31, 64, 1177376
31, 63, 1061599
31, 111, 2519099
31, 99, 3730760
31, 70, 1233751
31, 48, 2013081
31, 37, 779841
31, 104, 7106705
31, 71, 1070476
31, 0, 1083038
31, 20, 6552538
31, 21, 1919787
31, 58, 2642320
31, 35, 10710367
31, 3, 20949
31, 80, 684122
31, 25, 883145
31, 11, 796242
31, 74, 244318
31, 17, 1138222
31, 89, 285255
31, 75, 503593
31, 101, 1089110
31, 22, 1913135
31, 67, 2491989
31, 97, 648896
31, 1, 4475294
31, 56, 947896
31, 16, 3199424
31, 32, 3179857
31, 29, 682469
31, 39, 1616900
31, 42, 359514
31, 103, 1397057
31, 7, 48541
31, 34, 2788373
31, 26, 1798480
31, 85, 1317118
31, 38, 787666
31, 86, 5898882
32, 51, 6445315
32, 138, 4678486
32, 24, 90527736
32, 199, 8025015
32, 12, 195266
32, 202, 16000
32, 231, 8983240
32, 29, 16740323
32, 89, 28457697
32, 102, 8620370
32, 200, 15512864
32, 241, 15212601
32, 116, 4536670
32, 100, 12693541
32, 157, 12380535
32, 186, 24769437
32, 148, 23151965
32, 109, 5539708
32, 30, 16970043
32, 169, 8032540
32, 48, 36670143
32, 136, 17571842
32, 55, 98966
32, 238, 85263143
32, 166, 797614
32, 139, 12740009
32, 73, 2338200
32, 163, 12788099
32, 82, 12203984
32, 8, 37736702
32, 155, 25123089
32, 68, 3243716
32, 140, 16858885
32, 209, 781374
32, 153, 46330242
32, 62, 36902459
32, 204, 27140177
32, 228, 16258029
32, 33, 12857970
32, 144, 23149421
32, 173, 15955654
32, 208, 41216993
32, 1, 54233608
32, 168, 34642474
32, 56, 19777054
32, 10, 16316930
32, 78, 72350962
32, 182, 8656458
32, 233, 16204018
32, 114, 6332926
32, 242, 2274312
32, 36, 77821622
32, 211, 4691159
32, 112, 9373532
32, 185, 8183011
32, 224, 22722
32, 240, 6683302
32, 125, 88984476
32, 236, 48320
32, 59, 16891687
32, 4, 10399273
32, 38, 15660220
32, 213, 28569647
32, 91, 18165003
32, 234, 5732650
32, 104, 3310072
32, 179, 7366602
32, 20, 23396225
32, 65, 783227
32, 103, 16425664
32, 42, 17160561
32, 53, 1880794
32, 6, 1964852
32, 223, 14956682
32, 80, 1840899
32, 134, 33529168
32, 2, 416571
32, 108, 25259384
32, 37, 6733906
32, 222, 33122
32, 97, 10857693
32, 54, 412973
32, 76, 37613299
32, 110, 36523879
32, 198, 38855256
32, 63, 5524581
32, 184, 6659357
32, 167, 1544203
32, 79, 35292171
32, 98, 51993482
32, 156, 6184596
32, 225, 10503780
32, 72, 49511742
32, 210, 1546839
32, 120, 32471
32, 5, 14979134
32, 121, 16982207
32, 26, 11854911
32, 85, 17263894
32, 226, 33062564
32, 71, 24392991
32, 126, 26356360
32, 172, 2303545
32, 195, 16454019
32, 118, 52564079
32, 46, 36068365
32, 183, 26529263
32, 18, 12154844
32, 3, 21892516
32, 193, 3984225
32, 212, 13005316
32, 70, 40482185
32, 113, 6854893
32, 232, 8998589
32, 49, 23605
32, 215, 4573558
32, 178, 6134142
32, 52, 10577508
32, 40, 6875242
32, 229, 16009263
32, 161, 10514389
32, 107, 12758945
32, 162, 15841479
32, 61, 5408123
32, 43, 10677155
32, 175, 10168742
32, 243, 65929731
32, 31, 993351
32, 124, 24787039
32, 145, 6637004
32, 197, 54178125
32, 177, 54724228
32, 106, 12945083
32, 14, 8850401
32, 117, 2219457
32, 190, 16687226
32, 131, 1579389
32, 239, 11946772
32, 45, 19447436
32, 17, 26300395
32, 160, 50144
32, 84, 16540529
32, 196, 8229959
32, 235, 43274827
32, 21, 12070324
32, 41, 4075075
32, 206, 4234693
32, 171, 16874064
32, 123, 5430094
32, 221, 3363812
32, 25, 14795231
32, 69, 8440493
32, 7, 30388112
32, 13, 51727623
32, 77, 26011514
32, 64, 3342833
32, 142, 100729
32, 159, 36755581
32, 99, 773099
32, 191, 54768762
32, 219, 46356330
32, 96, 17717424
32, 201, 27645766
32, 151, 84615721
32, 32, 44831133
32, 149, 13067192
32, 11, 4816645
32, 105, 6901870
32, 88, 3340658
32, 34, 24659891
32, 27, 22387574
32, 39, 9034076
32, 0, 37649967
32, 127, 4704655
32, 220, 781234
32, 227, 192901
32, 23, 16382503
32, 87, 32869893
32, 146, 5450962
32, 237, 186690
32, 95, 24201995
32, 174, 16716308
32, 44, 16618184
32, 132, 4037825
32, 28, 12536228
32, 74, 10808660
32, 230, 11311632
32, 35, 15888958
32, 158, 4352585
32, 50, 16468864
32, 93, 55769506
32, 176, 5301633
32, 86, 8478456
32, 115, 54472
32, 216, 4843554
32, 75, 12823997
32, 147, 6644349
32, 83, 16775440
32, 16, 971109
32, 150, 7930388
32, 9, 4307199
32, 181, 4172768
32, 188, 7698023
32, 57, 3251552
32, 214, 11095127
32, 94, 16538124
32, 58, 25171920
32, 137, 16861181
32, 217, 42601104
32, 218, 36747158
32, 165, 23084610
32, 130, 10851371
32, 133, 6217068
32, 207, 7197595
32, 19, 30981294
32, 205, 11155199
32, 194, 16841274
32, 203, 16949024
32, 170, 23557014
32, 129, 6156945
32, 164, 33276935
32, 143, 411621
32, 154, 20357681
32, 135, 7724352
32, 60, 11526715
32, 128, 35627
32, 122, 16466151
32, 119, 15801835
32, 47, 12928712
32, 141, 3923130
32, 15, 4951557
32, 81, 50394
32, 90, 3883005
32, 180, 40589827
32, 187, 85862306
32, 66, 993010
32, 152, 15924085
32, 192, 5820956
32, 22, 197921
32, 92, 27316199
32, 101, 5987838
32, 67, 54613651
32, 111, 40692118
32, 189, 2527206
33, 12, 34775
33, 1, 62257
33, 9, 286206
33, 7, 32130
33, 5, 291796
33, 6, 14286
33, 3, 27321
33, 0, 117470
33, 10, 44904
33, 8, 28263
33, 2, 34876
33, 4, 181520
33, 11, 30167
34, 69, 2297113
34, 99, 6106922
34, 90, 4197685
34, 100, 8933627
34, 93, 3217497
34, 79, 470000
34, 54, 129462
34, 26, 1833706
34, 31, 1133033
34, 67, 2761093
34, 102, 2741687
34, 2, 843831
34, 42, 6145303
34, 58, 1042162
34, 32, 2259383
34, 6, 2804455
34, 0, 2021178
34, 82, 4623131
34, 65, 13225
34, 49, 4098068
34, 7, 315090
34, 4, 7192215
34, 80, 5720237
34, 34, 1499670
34, 35, 2143285
34, 101, 2624607
34, 36, 8236301
34, 25, 30058697
34, 3, 5889042
34, 87, 668002
34, 68, 1439066
34, 1, 2257380
34, 16, 1023948
34, 46, 709790
34, 84, 490359
34, 74, 3159439
34, 12, 2216513
34, 77, 40326
34, 44, 1473610
34, 30, 1455717
34, 51, 2584813
34, 94, 2161049
34, 55, 2874806
34, 89, 3123933
34, 24, 3157585
34, 60, 593612
34, 57, 2800557
34, 61, 1253419
34, 5, 1026784
34, 38, 1784323
34, 14, 3253054
34, 83, 12613
34, 23, 12363
34, 17, 10911934
34, 76, 49082
34, 70, 23485982
34, 28, 2703786
34, 10, 15459
34, 75, 3168858
34, 96, 11442958
34, 33, 29838044
34, 40, 13215520
34, 13, 1119417
34, 15, 2191456
34, 97, 98325
34, 95, 2711670
34, 37, 2309577
34, 11, 2622093
34, 71, 11699078
34, 43, 23667141
34, 59, 2790398
34, 8, 2811426
34, 98, 57628
34, 20, 1125659
34, 19, 2952823
34, 47, 24302913
34, 91, 3133320
34, 48, 3429035
34, 21, 930333
34, 85, 124082
34, 27, 317395
34, 88, 10274710
34, 22, 1118275
34, 56, 213230
34, 63, 1985280
34, 62, 3183556
34, 81, 10745132
34, 72, 930333
34, 18, 726782
34, 64, 2910783
34, 45, 90449
34, 52, 16030
34, 92, 2170577
34, 73, 219421
34, 66, 11307995
34, 86, 574877
34, 29, 2829702
34, 41, 1393141
34, 50, 1873450
34, 9, 5672608
34, 78, 3358232
34, 39, 3542477
34, 53, 17260749
