Netid, Fid, LUDB_FF
1, 7, 47785807
1, 12, 5227703
1, 10, 43625694
1, 4, 99716989
1, 15, 129943
1, 1, 5665152
1, 2, 75020
1, 16, 44111764
1, 5, 33684000
1, 11, 56574641
1, 6, 4281130
1, 14, 69600342
1, 9, 450417985
1, 13, 130373434
1, 3, 55243084
1, 8, 23585743
1, 0, 4274007
2, 5, 36339703
2, 14, 163952297
2, 7, 45495184
2, 25, 204917004
2, 4, 454515239
2, 1, 40345417
2, 15, 853698945
2, 32, 698439584
2, 9, 819411083
2, 27, 15685163
2, 19, 55726881
2, 13, 71698911
2, 2, 1769109110
2, 20, 1712141286
2, 3, 276096712
2, 12, 522479403
2, 0, 500563789
2, 29, 155434270
2, 11, 136110551
2, 23, 215968858
2, 6, 383771075
2, 10, 322639851
2, 30, 243338567
2, 16, 109655375
2, 31, 111961253
2, 28, 54298455
2, 26, 306377126
2, 22, 749630808
2, 17, 67244277
2, 21, 569168164
2, 18, 258257704
2, 24, 192551412
2, 8, 87197031
3, 199, 2974549246
3, 82, 20211350078
3, 92, 19511969357
3, 25, 2936362786
3, 46, 4229972380
3, 184, 21384483657
3, 99, 28951569567
3, 32, 3953161340
3, 47, 7702255318
3, 66, 6000687683
3, 91, 4797262475
3, 120, 58777296787
3, 214, 10176925598
3, 43, 5837951845
3, 72, 724227115
3, 208, 57022803394
3, 5, 150322563047
3, 201, 1851300955
3, 149, 125422626217
3, 190, 4060878203
3, 222, 12265806475
3, 126, 3289670425
3, 106, 23333609052
3, 110, 17292172103
3, 96, 73856535379
3, 121, 14222542712
3, 11, 3788852897
3, 104, 15698300858
3, 112, 8445349165
3, 193, 243994003220
3, 52, 146754822723
3, 81, 30062019498
3, 151, 1548723829
3, 209, 6443150106
3, 61, 64814745256
3, 93, 6374077987
3, 215, 16231071873
3, 56, 2204588968
3, 86, 129498394134
3, 41, 13489232159
3, 16, 8690591510
3, 207, 3345475603
3, 160, 2812021419
3, 148, 4503240001
3, 10, 2648046271
3, 157, 1650087901
3, 59, 1134461595
3, 84, 145860996
3, 54, 13237428213
3, 226, 953413422
3, 203, 3221341932
3, 97, 128939672719
3, 102, 19405759241
3, 71, 47170065
3, 26, 43834820985
3, 165, 5016557
3, 75, 13183143329
3, 55, 6319659324
3, 105, 303343181
3, 213, 15947559993
3, 144, 3886890035
3, 18, 95967748310
3, 35, 10055747
3, 171, 10767320
3, 192, 3668130517
3, 125, 531151422
3, 7, 3927257
3, 65, 239533290565
3, 101, 6158577342
3, 70, 17646687439
3, 220, 1313108311
3, 175, 181816526941
3, 100, 205346511
3, 6, 19482021024
3, 191, 61881174385
3, 180, 13962584565
3, 111, 33458731527
3, 89, 2263606968
3, 228, 14298194852
3, 137, 14385333952
3, 95, 99315484664
3, 162, 99449144551
3, 163, 12136886
3, 115, 15978784032
3, 83, 244891850429
3, 119, 21551720045
3, 216, 657614909
3, 76, 236630527
3, 211, 10083219
3, 147, 56880997
3, 204, 128830647222
3, 38, 65549316939
3, 68, 8139765417
3, 168, 19951155994
3, 50, 84747853999
3, 117, 23277093488
3, 3, 13673178839
3, 229, 1310652614
3, 130, 23617039750
3, 12, 1884693783
3, 131, 193905932123
3, 182, 5395879807
3, 13, 2918109979
3, 225, 3194807225
3, 15, 13719029102
3, 48, 148713082903
3, 166, 3298833210
3, 186, 3327642037
3, 227, 123235277463
3, 1, 12839927668
3, 129, 4043878574
3, 79, 13916675811
3, 200, 71111274912
3, 122, 12470101653
3, 164, 6482010487
3, 28, 1224048737
3, 29, 23964406574
3, 8, 1271670016
3, 107, 37121610124
3, 167, 19143801817
3, 135, 195712740884
3, 90, 20966315704
3, 85, 100900349898
3, 69, 2649675494
3, 153, 66596987
3, 141, 9129706984
3, 67, 3868966777
3, 158, 69678782
3, 134, 140260150254
3, 19, 5739537211
3, 94, 86860968847
3, 142, 3425861184
3, 218, 1428731945
3, 108, 5885239139
3, 14, 29347200460
3, 30, 8296228846
3, 113, 86827267079
3, 4, 13055932096
3, 143, 11762200490
3, 159, 1786940858
3, 195, 162113701
3, 139, 128641363284
3, 146, 62001995141
3, 78, 6824119941
3, 45, 39495333601
3, 0, 3676587658
3, 176, 128465328826
3, 174, 23252292502
3, 23, 1522418190
3, 185, 64640388137
3, 205, 6154915882
3, 221, 3716952454
3, 138, 62051770717
3, 57, 105351548893
3, 34, 306691013
3, 172, 47314977
3, 27, 3202582300
3, 21, 8216652
3, 60, 3877922563
3, 212, 32339501412
3, 36, 5966838752
3, 145, 1592072646
3, 37, 619171894
3, 103, 2052462867
3, 24, 8039802555
3, 123, 71086945390
3, 202, 29993704936
3, 124, 5511758375
3, 140, 10163261
3, 196, 4723258
3, 223, 359041182
3, 51, 2228297695
3, 210, 5210795495
3, 217, 24041268112
3, 17, 666724385
3, 181, 194772934880
3, 224, 1837505493
3, 116, 6756620176
3, 132, 105281281153
3, 155, 8652623572
3, 170, 1193264154
3, 161, 120579378702
3, 20, 95618863845
3, 118, 275939188
3, 206, 6012494173
3, 87, 62712361882
3, 33, 20676655917
3, 22, 97012384590
3, 127, 79287468
3, 156, 4408400534
3, 42, 99584420314
3, 63, 93087833634
3, 80, 10500789209
3, 219, 14204915261
3, 44, 5136936943
3, 154, 2069464454
3, 73, 8466536399
3, 183, 2955969844
3, 109, 28556108111
3, 177, 203982938
3, 31, 456952060
3, 152, 76518180
3, 136, 340792711476
3, 189, 6538032770
3, 74, 2217797512
3, 62, 4105405
3, 194, 5670329191
3, 98, 464570969087
3, 40, 3723788
3, 150, 15335167004
3, 9, 20269773273
3, 173, 4672150024
3, 188, 46169906411
3, 77, 764070642
3, 114, 1332134384
3, 197, 121322903625
3, 2, 31190614
3, 58, 3550291964
3, 49, 35667805
3, 39, 15065794853
3, 187, 2365489973
3, 178, 2858559289
3, 88, 7420721130
3, 179, 3177434663
3, 53, 60060753
3, 198, 400435788
3, 128, 4290400288
3, 64, 65052708943
3, 169, 179426575229
3, 133, 46234594043
5, 11, 30130590
5, 16, 24218304
5, 8, 109828374
5, 7, 170959413
5, 12, 25287385
5, 0, 25448879
5, 3, 10071770
5, 9, 22227242
5, 4, 25195424
5, 14, 5310388
5, 2, 71528340
5, 6, 19306761
5, 15, 19653581
5, 10, 21022998
5, 5, 1681451085
5, 1, 29670608
5, 13, 397151860
6, 9, 4851589
6, 10, 1403487810
6, 7, 348128186
6, 11, 108981398
6, 13, 75117034
6, 6, 24580272
6, 5, 156360374
6, 1, 230804879
6, 18, 652482343
6, 16, 2085202864
6, 8, 11605803
6, 24, 61561578
6, 2, 37316713
6, 22, 832141870
6, 14, 591518765
6, 15, 111969319
6, 4, 123116223
6, 12, 1119368407
6, 21, 311402256
6, 17, 94204006
6, 23, 2887646353
6, 25, 436846389
6, 20, 116758665
6, 26, 292218970
6, 19, 163533020
6, 3, 89803313
6, 0, 1207719844
7, 0, 22009446
7, 2, 59849222
7, 3, 5003434
7, 1, 8414004
8, 27, 3413568540
8, 3, 5773438
8, 126, 20141244462
8, 15, 113328890964
8, 32, 40092557323
8, 23, 118989807791
8, 184, 33266682304
8, 135, 901068390
8, 147, 3257297233
8, 241, 13597209355
8, 229, 2785978874
8, 138, 13861780918
8, 272, 18014758112
8, 249, 58497352676
8, 224, 15032831883
8, 245, 20635979989
8, 162, 4359260676
8, 20, 46980407805
8, 205, 14213299201
8, 231, 60290780520
8, 253, 5459953489
8, 5, 10550384094
8, 76, 21898875466
8, 121, 11401238
8, 51, 171099024802
8, 68, 1952447503
8, 87, 15336099703
8, 226, 18488172319
8, 172, 192741121
8, 227, 75525802738
8, 1, 6344110181
8, 217, 5191476105
8, 190, 42219199204
8, 258, 140750834079
8, 88, 11454100649
8, 14, 10344237503
8, 270, 6725412037
8, 192, 12287376321
8, 206, 2841864813
8, 194, 7147770775
8, 57, 4182451336
8, 170, 80470807171
8, 35, 421323634
8, 134, 20097490793
8, 154, 56721580544
8, 216, 58662695651
8, 225, 10578169
8, 260, 1202398444
8, 146, 5260234682
8, 72, 2039263367
8, 54, 28175723004
8, 38, 8109561496
8, 277, 57469818104
8, 43, 79739661502
8, 182, 5403829532
8, 198, 62987261
8, 36, 26961096052
8, 7, 4027100091
8, 90, 3135987129
8, 52, 15746662856
8, 123, 362392534
8, 200, 4182616492
8, 188, 5383806314
8, 142, 3988068660
8, 60, 382737913
8, 39, 2579626069
8, 255, 7429699558
8, 47, 596994012
8, 238, 20044929414
8, 63, 3696084053
8, 156, 125203384361
8, 246, 12255371381
8, 209, 101027966410
8, 168, 2799683106
8, 165, 1681879718
8, 274, 9939964294
8, 19, 24763721986
8, 81, 17015747422
8, 4, 253616042
8, 34, 112444297313
8, 10, 827397749
8, 127, 38092768884
8, 29, 25448271476
8, 163, 56470742350
8, 203, 11362288262
8, 21, 1381039127
8, 33, 28080600371
8, 201, 23971848962
8, 108, 26797789927
8, 18, 223499676155
8, 82, 20304305266
8, 187, 78383550635
8, 86, 50371543143
8, 129, 14021564382
8, 193, 28598333976
8, 111, 19937846404
8, 89, 4469911482
8, 211, 10363720651
8, 24, 59128970971
8, 95, 11005996435
8, 53, 4114014052
8, 136, 3083838460
8, 128, 12252740232
8, 0, 8659441327
8, 55, 120565360984
8, 261, 1184303582
8, 218, 17220703531
8, 148, 3403647417
8, 25, 29743619
8, 84, 2249944748
8, 104, 2715317969
8, 97, 3925017837
8, 79, 12120827
8, 85, 11766488048
8, 31, 129447907586
8, 222, 50470147202
8, 155, 2561834580
8, 158, 214116606336
8, 208, 4835737594
8, 186, 138510454988
8, 242, 79638520933
8, 49, 41241135
8, 119, 10154994434
8, 267, 20413699724
8, 275, 10516494144
8, 212, 28919973381
8, 107, 5392738186
8, 232, 3607640330
8, 204, 97310462328
8, 9, 74780517980
8, 143, 5566498798
8, 124, 18446599155
8, 22, 23440574366
8, 59, 14261215241
8, 183, 28097210094
8, 189, 5055276937
8, 67, 14645435517
8, 268, 2949871990
8, 254, 20125269636
8, 94, 7673641615
8, 45, 13664775941
8, 65, 1199879890
8, 230, 37174625422
8, 71, 22393934205
8, 166, 42107053394
8, 78, 25646744063
8, 44, 13304885861
8, 106, 11850212498
8, 41, 27876527688
8, 74, 470087615
8, 251, 21781858
8, 207, 2715676579
8, 220, 4389890938
8, 210, 217543664111
8, 264, 33670229679
8, 30, 4784266468
8, 276, 959027977
8, 139, 78884258591
8, 109, 125240607844
8, 244, 7979891558
8, 132, 219635580289
8, 145, 19043945798
8, 64, 224771492823
8, 91, 26224434109
8, 240, 7674031121
8, 247, 172561112206
8, 176, 5632838092
8, 6, 11160976226
8, 169, 1012964221
8, 196, 22163520
8, 75, 7879819848
8, 263, 5411510616
8, 239, 103496172335
8, 160, 33393229467
8, 16, 21177304331
8, 73, 4333265426
8, 149, 32486021174
8, 140, 189198602063
8, 37, 17862327926
8, 2, 156378588
8, 266, 6045056698
8, 28, 11279679964
8, 151, 4207764988
8, 195, 12181102687
8, 144, 5298525182
8, 213, 21179881979
8, 177, 71262334427
8, 130, 16463127298
8, 234, 13782403893
8, 214, 6371540837
8, 185, 9423236310
8, 70, 2085844808
8, 118, 2522391854
8, 259, 287059998
8, 110, 78958893836
8, 114, 4893896196
8, 197, 1681053113
8, 237, 11951223115
8, 13, 3732590765
8, 236, 6249166099
8, 256, 4967980056
8, 173, 10587151416
8, 262, 4888150038
8, 250, 5509114499
8, 164, 594065385
8, 8, 76219915879
8, 131, 5459757184
8, 175, 2006898335
8, 150, 11543975052
8, 269, 3755991350
8, 102, 91812735
8, 56, 37543229148
8, 26, 14748743294
8, 248, 37835419975
8, 202, 122927722794
8, 174, 47217804160
8, 48, 9819383231
8, 46, 3029128042
8, 101, 67486723
8, 116, 57534337913
8, 137, 27106407318
8, 265, 3835957203
8, 62, 8848681008
8, 161, 26396618499
8, 191, 51735827
8, 133, 85990117357
8, 228, 14366520413
8, 103, 1641317042
8, 157, 10755374156
8, 50, 10222598963
8, 93, 4410177785
8, 99, 5379178839
8, 153, 18639310244
8, 12, 43522000655
8, 112, 16809694562
8, 96, 12327936783
8, 215, 1905496777
8, 117, 22432244500
8, 115, 1655901553
8, 223, 86147097610
8, 159, 934938359
8, 278, 30046587091
8, 273, 4483691416
8, 66, 25787373056
8, 125, 85945709386
8, 113, 1073190882
8, 271, 6653860832
8, 69, 1050872051
8, 178, 32110673
8, 152, 11771634363
8, 252, 129249159737
8, 11, 102408079069
8, 105, 11356702652
8, 243, 5616747526
8, 80, 24618959924
8, 199, 2957376754
8, 122, 7719572630
8, 42, 2256640248
8, 171, 49689567781
8, 181, 1392168148
8, 58, 9807141668
8, 167, 15308732780
8, 83, 59048465294
8, 219, 171550950354
8, 100, 19716472157
8, 40, 23296146
8, 179, 473402289
8, 233, 2195879270
8, 98, 18170436681
8, 92, 15264503
8, 180, 14714432000
8, 257, 29703725995
8, 221, 57141430
8, 120, 1508981727
8, 77, 4046227
8, 235, 10273541989
8, 17, 6076734
8, 141, 3669804248
8, 61, 3619568045
9, 2, 5137724
9, 16, 71484956
9, 34, 438437735
9, 38, 2731884059
9, 27, 2176569227
9, 25, 777447877
9, 36, 1170777215
9, 17, 28202834
9, 39, 865282342
9, 33, 8101698712
9, 41, 4694605582
9, 6, 53945948
9, 8, 814761165
9, 5, 727582500
9, 30, 1328101745
9, 18, 3589995442
9, 28, 1452850181
9, 19, 4563828
9, 20, 50663543
9, 26, 109003900
9, 7, 53770259
9, 44, 20064053
9, 13, 10478580956
9, 43, 27989862375
9, 35, 1758000498
9, 0, 4410212595
9, 32, 1635597693
9, 31, 77557633
9, 29, 695993156
9, 14, 296492634
9, 1, 37298079
9, 45, 5129151989
9, 24, 1171809842
9, 9, 11749379012
9, 3, 183258521
9, 4, 3528140078
9, 40, 1144393001
9, 23, 473970153
9, 42, 7413222629
9, 21, 280336229
9, 22, 1550447068
9, 11, 178597356
9, 10, 205794418
9, 15, 1157018479
9, 46, 2519855527
9, 12, 20477748489
9, 37, 261278878
10, 185, 173096018869
10, 238, 7783805260
10, 264, 15806744278
10, 368, 71016714134
10, 380, 3449749443
10, 8, 6159739150
10, 90, 3011870405
10, 290, 1638797569
10, 344, 15705348334
10, 181, 17285262452
10, 276, 20419672900
10, 374, 23740292224
10, 60, 4309553082
10, 162, 28558484946
10, 212, 18560818274
10, 137, 3716525251
10, 145, 61976795017
10, 438, 11514800136
10, 21, 4182779697
10, 176, 7530437394
10, 410, 2026781106
10, 409, 9915555875
10, 386, 43819722940
10, 28, 6758443513
10, 286, 15686296327
10, 342, 71867056
10, 395, 6062741357
10, 167, 7479146995
10, 401, 175890545273
10, 24, 21581154821
10, 260, 3536128484
10, 43, 3952819544
10, 396, 47654511777
10, 210, 34896464384
10, 403, 120910216993
10, 277, 21536119571
10, 17, 6070250611
10, 22, 12533467404
10, 249, 9257920054
10, 310, 34866576466
10, 191, 4104048195
10, 322, 23395461781
10, 295, 8967474803
10, 352, 4692154625
10, 343, 11198390601
10, 12, 244308603639
10, 439, 1217004051
10, 379, 12369556
10, 414, 10201696601
10, 132, 203326000418
10, 329, 2919139572
10, 433, 3655276706
10, 435, 112994104
10, 441, 90434231
10, 311, 155058975338
10, 44, 52693152702
10, 319, 158281051353
10, 149, 5835913
10, 30, 853476377
10, 432, 12070286393
10, 82, 33596478716
10, 94, 41500848744
10, 222, 3386425292
10, 150, 21133573291
10, 112, 15112343343
10, 347, 79432418899
10, 326, 28698472587
10, 23, 32426432214
10, 69, 14241955683
10, 91, 16141213376
10, 338, 12116361117
10, 92, 2222126554
10, 15, 62329586065
10, 228, 16686519637
10, 398, 11400807898
10, 114, 16467350882
10, 173, 1122908816
10, 370, 15119969058
10, 317, 4735447277
10, 393, 35180238783
10, 262, 26527545664
10, 78, 48116805181
10, 197, 25375674873
10, 118, 4391529177
10, 189, 3084708058
10, 378, 15978161667
10, 275, 16133684860
10, 40, 36604212618
10, 255, 74249504630
10, 200, 32807064180
10, 73, 77798081389
10, 247, 47279465903
10, 41, 6477944585
10, 309, 116097780266
10, 279, 4245964075
10, 148, 32993434445
10, 174, 1106000087
10, 104, 5107716924
10, 124, 74115961226
10, 337, 1564281376
10, 314, 26410947061
10, 42, 47453605083
10, 364, 5441981690
10, 244, 81020746511
10, 126, 15851258015
10, 157, 5038470934
10, 165, 5082082033
10, 130, 2706581570
10, 254, 21776259453
10, 301, 119788674902
10, 267, 24254406762
10, 442, 11408855302
10, 226, 9339149807
10, 413, 3838135631
10, 25, 14942373880
10, 235, 22734458325
10, 280, 2520243334
10, 387, 12129741816
10, 427, 26112302115
10, 10, 51996404237
10, 198, 22625675206
10, 204, 14555542420
10, 348, 1533633969
10, 390, 5736215297
10, 63, 5836219061
10, 265, 15361127
10, 93, 7096877207
10, 14, 57045991444
10, 355, 1830830020
10, 89, 5643810858
10, 399, 7063182839
10, 9, 7292885647
10, 383, 15945003605
10, 437, 1955272038
10, 183, 7912880359
10, 201, 6654106706
10, 32, 2041529576
10, 146, 16479188219
10, 56, 33451448273
10, 331, 7234503237
10, 257, 24023817786
10, 350, 7136033630
10, 312, 1504038866
10, 332, 120341475785
10, 270, 15221855676
10, 243, 33793036369
10, 402, 34023198122
10, 334, 303309073
10, 195, 3509438905
10, 194, 33480473833
10, 70, 4900200056
10, 341, 48818297952
10, 38, 26023772653
10, 315, 500863476
10, 98, 12997262917
10, 318, 5505900121
10, 68, 3519256737
10, 102, 5100662221
10, 7, 6406073388
10, 391, 11537897539
10, 340, 5158775922
10, 328, 39627398277
10, 308, 2713788248
10, 240, 33917524975
10, 120, 2526200725
10, 372, 34004339658
10, 85, 7443204686
10, 258, 2576907448
10, 208, 11940883920
10, 389, 24201382685
10, 431, 2789597765
10, 306, 187529505647
10, 99, 1972800366
10, 302, 13637764379
10, 271, 5974405010
10, 79, 17317893864
10, 293, 22726996898
10, 385, 75308016
10, 376, 15403955271
10, 263, 32479389242
10, 135, 15496346376
10, 303, 1414049296
10, 4, 7949972051
10, 203, 14882721213
10, 64, 5613385190
10, 46, 591597005
10, 281, 175096211755
10, 371, 13108676517
10, 49, 1642213865
10, 291, 5753416154
10, 87, 5753891264
10, 179, 2270469866
10, 284, 6396113748
10, 415, 79756307073
10, 65, 2449311657
10, 156, 536555167
10, 143, 552279971
10, 232, 5363755086
10, 26, 47125041559
10, 354, 6004132840
10, 61, 7371270946
10, 103, 191796126805
10, 144, 1072927029
10, 417, 42374221551
10, 273, 4037409
10, 152, 6129115394
10, 339, 32027506572
10, 283, 71511231182
10, 83, 23499753918
10, 416, 3292651357
10, 215, 38309549533
10, 349, 48232608074
10, 227, 42237913827
10, 375, 6958079601
10, 362, 4479083479
10, 316, 44679235048
10, 27, 8906816587
10, 3, 54060038875
10, 440, 33208183434
10, 230, 11309122634
10, 299, 5703518864
10, 106, 6134654649
10, 35, 33940082282
10, 88, 3592598006
10, 2, 1963515033
10, 29, 1534100480
10, 18, 4024920676
10, 184, 254241359900
10, 113, 10849372
10, 434, 612636755
10, 67, 26325050966
10, 141, 2650367185
10, 358, 5546996838
10, 47, 299945200514
10, 381, 44953528519
10, 252, 48145891795
10, 411, 204873768108
10, 105, 6822067245
10, 125, 254883788847
10, 282, 70858932497
10, 365, 9304017357
10, 287, 176499996018
10, 177, 4424906112
10, 353, 12864639073
10, 221, 610787714
10, 119, 15145219258
10, 359, 4822703767
10, 139, 5624438
10, 76, 13721548817
10, 192, 5525318564
10, 134, 37831671481
10, 19, 3578174919
10, 436, 14148599203
10, 187, 22888426065
10, 422, 31834706464
10, 129, 24995814137
10, 300, 7226424209
10, 251, 17500062540
10, 351, 16159380805
10, 180, 475036557
10, 123, 3496753984
10, 59, 12276240586
10, 172, 14221881449
10, 1, 62920223338
10, 138, 4211915186
10, 231, 14274008717
10, 357, 4814254532
10, 397, 105706330361
10, 423, 9519068512
10, 363, 7932607118
10, 6, 5269032480
10, 288, 174883531301
10, 133, 65150428595
10, 100, 10109742626
10, 122, 13298228844
10, 360, 7151961
10, 400, 17761047689
10, 335, 167677397135
10, 384, 15721244398
10, 382, 6612944604
10, 159, 63017700279
10, 320, 117321990772
10, 305, 3183446467
10, 175, 13029080327
10, 51, 2884693414
10, 84, 9304365240
10, 246, 36268540746
10, 239, 46035194011
10, 211, 15791155509
10, 169, 123301894870
10, 220, 254709470198
10, 16, 165124942204
10, 34, 30693950911
10, 36, 226016247
10, 278, 40460915087
10, 188, 1421279837
10, 136, 34087643000
10, 225, 14330398792
10, 356, 2829461868
10, 407, 34953027726
10, 367, 21738751699
10, 57, 3147276942
10, 366, 8032518673
10, 147, 1072139670
10, 327, 9381077172
10, 324, 6402910201
10, 107, 3072780471
10, 377, 8687257648
10, 256, 3812502423
10, 217, 13045917564
10, 425, 1721232400
10, 424, 4626400004
10, 388, 502755718
10, 313, 537483008
10, 128, 164535574264
10, 178, 70807833449
10, 154, 24062355481
10, 108, 5367830689
10, 54, 5883658446
10, 166, 7361575131
10, 86, 12009373663
10, 214, 14208850096
10, 266, 76516508049
10, 142, 6465116310
10, 216, 24626763408
10, 241, 15511637975
10, 330, 9575476858
10, 5, 10767805286
10, 268, 5400622836
10, 75, 77514382657
10, 80, 40675237789
10, 153, 15347421285
10, 182, 4557851300
10, 206, 8386685063
10, 406, 666617179
10, 297, 525147221
10, 229, 57854751477
10, 121, 246219878004
10, 223, 38775057554
10, 140, 15983677615
10, 160, 3265594255
10, 115, 175645049728
10, 294, 1824413272
10, 307, 3334560038
10, 74, 79206146418
10, 164, 1733523800
10, 95, 16867251120
10, 213, 11058598205
10, 404, 110243919693
10, 429, 21299495175
10, 109, 12378472245
10, 155, 16741983811
10, 259, 1597981457
10, 190, 6767902108
10, 39, 2907792578
10, 237, 44672230870
10, 55, 120113172985
10, 285, 119150842350
10, 111, 3618495085
10, 373, 121674287562
10, 405, 22351427024
10, 333, 24409378740
10, 419, 6625699668
10, 269, 10546012920
10, 209, 1521111305
10, 33, 6916250633
10, 31, 42371951400
10, 321, 63144741460
10, 420, 5193595399
10, 58, 17060682944
10, 218, 38558333710
10, 233, 6911571
10, 199, 4656736449
10, 248, 5668514511
10, 50, 39121692925
10, 345, 11149242936
10, 168, 7057701621
10, 242, 3221854598
10, 430, 77807096535
10, 418, 3917025
10, 53, 3064389631
10, 428, 48277434799
10, 289, 3894784959
10, 234, 4037771617
10, 127, 15121625794
10, 117, 11282870494
10, 361, 14386397128
10, 193, 3635891919
10, 48, 24906723710
10, 224, 3674626598
10, 66, 24426778506
10, 250, 273489376
10, 163, 313669942870
10, 296, 5792366696
10, 304, 1433712406
10, 161, 36402709872
10, 292, 11045738603
10, 170, 121004329709
10, 20, 3059570839
10, 369, 836294291
10, 101, 3898228982
10, 392, 14729925794
10, 412, 6418448314
10, 426, 76658787851
10, 186, 74118165695
10, 236, 117604206987
10, 196, 9170728543
10, 421, 35518248261
10, 202, 120678357407
10, 158, 59135416
10, 207, 4789397581
10, 13, 5595581
10, 205, 14054480572
10, 408, 1758739418
10, 272, 119951576764
10, 253, 169527114669
10, 325, 176096547890
10, 11, 1685588967
10, 298, 254882668709
10, 219, 2398134899
10, 52, 15468934212
10, 336, 48513734200
10, 81, 6512898001
10, 323, 21881120
10, 37, 47789970148
10, 171, 11360077022
10, 394, 645130095
10, 72, 1402803459
10, 97, 15542252843
10, 245, 35862498785
10, 0, 51868933577
10, 62, 3893205197
10, 77, 3848347127
10, 151, 31089691456
10, 45, 3523469135
10, 274, 62961851613
10, 96, 780116794
10, 110, 110621241227
10, 261, 11679297250
10, 346, 5045360138
10, 116, 21474799466
10, 71, 32668934188
10, 131, 12110091416
11, 7, 45874660
11, 5, 44424010
11, 8, 6583816
11, 1, 45337983
11, 0, 31117548
11, 2, 6438483
11, 3, 45799198
11, 6, 32500681
11, 4, 29111296
12, 166, 1836968696
12, 37, 1648464922
12, 161, 7184721563
12, 100, 4689308959
12, 108, 11979793171
12, 171, 74029794
12, 45, 9274367701
12, 91, 1798693287
12, 106, 2575157939
12, 49, 338689819
12, 40, 3613802015
12, 168, 913329828
12, 92, 8565638525
12, 90, 3385507040
12, 88, 2692031159
12, 71, 157908366
12, 53, 5060693439
12, 125, 11187278
12, 121, 2053990607
12, 103, 367266874
12, 109, 4822354951
12, 112, 6948412431
12, 26, 1701144524
12, 86, 10727195397
12, 162, 137864680
12, 46, 11727572214
12, 131, 6260771217
12, 101, 1252189127
12, 18, 7398679927
12, 98, 132395415
12, 17, 6398325117
12, 33, 822454780
12, 20, 9545503482
12, 107, 2533605219
12, 2, 1728319883
12, 143, 4076357513
12, 35, 2058105146
12, 135, 1133734022
12, 189, 1148507304
12, 79, 13192098780
12, 118, 2784297034
12, 159, 1505822779
12, 177, 845432246
12, 78, 20225962372
12, 141, 7270556122
12, 11, 5066679780
12, 36, 2344362561
12, 8, 1190328644
12, 52, 9523955771
12, 76, 2179944260
12, 181, 787631062
12, 169, 31694878349
12, 186, 777086220
12, 43, 4551690763
12, 47, 561588579
12, 41, 5523950555
12, 14, 4435412911
12, 95, 5924898928
12, 89, 50093380
12, 170, 10924293478
12, 155, 59586131
12, 148, 326716388
12, 192, 3839442784
12, 153, 267843085
12, 183, 2532973111
12, 69, 448403976
12, 68, 3772953089
12, 55, 1017883471
12, 34, 5683679748
12, 116, 7633904
12, 173, 6381837091
12, 16, 17731083559
12, 158, 826609152
12, 77, 6432527624
12, 48, 3134739448
12, 102, 300213664
12, 19, 3641677484
12, 10, 4531009829
12, 66, 1965114035
12, 83, 11000414323
12, 58, 2977668856
12, 12, 22896899506
12, 193, 961032812
12, 160, 5696854911
12, 72, 8144096087
12, 84, 1939204453
12, 139, 465442615
12, 134, 13465756309
12, 96, 14256887131
12, 94, 1677721332
12, 138, 3927263013
12, 179, 1926346564
12, 30, 509471496
12, 111, 14735142344
12, 62, 3647262743
12, 93, 15722092685
12, 67, 1941242897
12, 38, 3109143886
12, 172, 5050470
12, 74, 2201958918
12, 114, 273428130
12, 176, 4579230760
12, 122, 4457834545
12, 180, 937683307
12, 9, 1706041034
12, 99, 42081887161
12, 44, 2600404130
12, 175, 2592825470
12, 22, 965715776
12, 188, 6976521859
12, 70, 1657106290
12, 31, 733414828
12, 190, 1567527042
12, 164, 42468340322
12, 54, 3047980410
12, 136, 1972263658
12, 87, 11800545438
12, 117, 4706134508
12, 126, 2239858221
12, 5, 8043832797
12, 27, 4797143798
12, 97, 2489257687
12, 80, 7925659558
12, 6, 3232205239
12, 165, 19176277629
12, 42, 7233504727
12, 132, 2408583487
12, 1, 1140566638
12, 191, 2500042779
12, 64, 340278310
12, 7, 869070044
12, 184, 6948355615
12, 59, 5638583
12, 23, 8866694824
12, 56, 9204711975
12, 13, 5026736079
12, 3, 2080011561
12, 174, 6734981273
12, 73, 1021937604
12, 142, 3907464902
12, 123, 1431001267
12, 124, 277032682
12, 156, 45403017375
12, 182, 4244298595
12, 50, 309454166
12, 127, 3125029782
12, 120, 5382533
12, 130, 3793429519
12, 105, 29840496
12, 194, 5506856
12, 32, 6251613
12, 63, 1158554759
12, 15, 3738764320
12, 85, 6712676129
12, 82, 6253454229
12, 149, 232256598
12, 133, 1530687656
12, 60, 281603162
12, 110, 109136118
12, 61, 3338005549
12, 129, 1684327256
12, 154, 6860915491
12, 0, 4474366416
12, 137, 2009154777
12, 113, 758089239
12, 152, 15032357300
12, 65, 1309543395
12, 147, 3637049014
12, 29, 1882451425
12, 115, 786731616
12, 187, 9130678037
12, 25, 13568352051
12, 146, 847903552
12, 151, 9170024825
12, 21, 4837210
12, 128, 4968569876
12, 150, 5164907299
12, 119, 76858010
12, 81, 5884866130
12, 144, 842523955
12, 24, 12310451826
12, 75, 1714006358
12, 28, 25673012
12, 39, 2614417036
12, 140, 86472619
12, 57, 856900181
12, 104, 23807284563
12, 167, 8261224499
12, 185, 4670391657
12, 4, 3435102011
12, 51, 1100946080
12, 178, 1700971391
12, 163, 14247932125
12, 145, 265472493
12, 157, 26970786491
13, 39, 43379371870
13, 71, 3189547975
13, 231, 29022786680
13, 163, 238099933
13, 19, 373016880
13, 79, 8821180557
13, 37, 7659936219
13, 206, 10797854001
13, 153, 3518664288
13, 176, 19442269797
13, 220, 2187081194
13, 251, 28192886
13, 82, 4470164184
13, 208, 2034221709
13, 196, 4449943227
13, 200, 79773057093
13, 175, 18848980261
13, 182, 1266817019
13, 186, 5582913088
13, 47, 4468903995
13, 31, 788918695
13, 245, 5577439041
13, 87, 208792605
13, 32, 14536151291
13, 241, 20381842531
13, 192, 12370678195
13, 81, 639634744
13, 60, 17720519163
13, 16, 32585063453
13, 110, 2637785531
13, 122, 991801813
13, 72, 59451829173
13, 145, 8699873498
13, 48, 30467661184
13, 190, 57327528493
13, 198, 6989156
13, 68, 1069291284
13, 136, 139704796
13, 15, 15545510919
13, 131, 14166363911
13, 78, 1987499798
13, 18, 11539222697
13, 118, 4400392734
13, 169, 55017938341
13, 83, 1543771095
13, 108, 6317204747
13, 132, 3014192632
13, 199, 38844386445
13, 73, 11236101684
13, 141, 8137635981
13, 135, 8751381615
13, 243, 2054574968
13, 123, 5502570904
13, 17, 1977063495
13, 167, 12327992677
13, 152, 34109131280
13, 240, 3961509439
13, 4, 21079560463
13, 70, 7485111052
13, 98, 8011877667
13, 150, 13326904878
13, 171, 1220491581
13, 1, 19090048651
13, 40, 1385203174
13, 97, 2979755330
13, 5, 5368394219
13, 80, 15858002448
13, 230, 17019510394
13, 228, 21911656741
13, 213, 3594838839
13, 33, 11468381122
13, 109, 2538307415
13, 138, 14634593238
13, 41, 7580231102
13, 103, 34750144764
13, 233, 13817378909
13, 154, 9683700437
13, 2, 739040166
13, 26, 26865986847
13, 111, 5886873936
13, 134, 11606461117
13, 20, 19038681817
13, 85, 2371901220
13, 156, 15871278226
13, 126, 21228887729
13, 128, 5023501150
13, 207, 8291387515
13, 183, 1622319136
13, 205, 19409370738
13, 157, 3500430805
13, 235, 723509874
13, 194, 2758210789
13, 101, 1568007186
13, 105, 5373386
13, 88, 82797653665
13, 23, 38229937
13, 151, 3525733601
13, 63, 11655398379
13, 236, 743475691
13, 69, 62278613489
13, 116, 34483346045
13, 84, 669706254
13, 222, 103161782
13, 140, 45823856285
13, 212, 5860953242
13, 143, 16114317653
13, 62, 22341986070
13, 12, 3078354455
13, 10, 520256867
13, 173, 82509401289
13, 246, 4771347
13, 107, 345415095
13, 28, 7620142393
13, 209, 21379939772
13, 0, 45345321404
13, 56, 46946683064
13, 215, 2096220840
13, 168, 3277942142
13, 195, 668518988
13, 237, 793639722
13, 14, 12300019164
13, 250, 6748002782
13, 227, 67822764954
13, 93, 38961607
13, 170, 85531690
13, 77, 11434562417
13, 57, 1062406201
13, 149, 8502714668
13, 242, 16730390
13, 181, 560157352
13, 221, 1876891113
13, 184, 11061242
13, 214, 21912895717
13, 67, 2231877090
13, 139, 9687295258
13, 114, 18275300503
13, 133, 726007971
13, 11, 2294857466
13, 211, 7181697050
13, 94, 17267303074
13, 8, 9514202729
13, 102, 28002789494
13, 225, 1101904288
13, 179, 27571719
13, 121, 4833871792
13, 162, 9367971411
13, 155, 5060812672
13, 90, 3566715903
13, 226, 1650179391
13, 7, 2385244869
13, 89, 1466312632
13, 65, 29225527263
13, 146, 132781172388
13, 224, 15460394114
13, 51, 112597974
13, 6, 11664864263
13, 44, 11704816649
13, 197, 4821725541
13, 64, 34943750107
13, 137, 61298876424
13, 247, 643754031
13, 178, 2889304392
13, 53, 4833652583
13, 217, 1411283848
13, 203, 854952160
13, 45, 21629359684
13, 147, 1716290648
13, 96, 37789874974
13, 100, 71932617746
13, 42, 3782111412
13, 165, 8164575695
13, 50, 1461039896
13, 185, 3131453095
13, 204, 3412392235
13, 21, 1477953153
13, 55, 1998301024
13, 174, 38697772624
13, 244, 55036242006
13, 36, 2204906594
13, 201, 1376416811
13, 159, 78353912757
13, 191, 383394551
13, 115, 11798206169
13, 104, 7246741354
13, 120, 2184434217
13, 25, 9896541229
13, 29, 6878465686
13, 160, 1628108583
13, 161, 6961690281
13, 13, 27893714
13, 238, 145539984937
13, 43, 18401873335
13, 129, 5408295000
13, 34, 872766150
13, 216, 28091751982
13, 210, 935772743
13, 223, 1885493222
13, 3, 4997561528
13, 35, 3961294014
13, 9, 4824888428
13, 124, 81484649967
13, 59, 29478228245
13, 142, 37889656
13, 58, 25123408726
13, 164, 22076861430
13, 112, 3145716141
13, 92, 171845250748
13, 22, 3424497239
13, 125, 1940601740
13, 117, 97009650526
13, 54, 6240021183
13, 49, 92021699437
13, 95, 1774603092
13, 106, 7677434998
13, 248, 1902347788
13, 76, 2179943324
13, 38, 576764462
13, 46, 7227511497
13, 249, 104831841433
13, 252, 1262479982
13, 158, 1940901592
13, 229, 390511315
13, 130, 8368115847
13, 187, 7710997992
13, 193, 3387406223
13, 66, 69169033991
13, 148, 15934912688
13, 218, 9257962123
13, 52, 54630107874
13, 189, 7060409674
13, 234, 6161829014
13, 202, 80152305268
13, 75, 8587518815
13, 144, 24230861850
13, 166, 5927568728
13, 219, 30670156
13, 119, 10743758753
13, 91, 8402979596
13, 180, 21670151103
13, 188, 4416471
13, 61, 310086846
13, 127, 9314891372
13, 27, 5469213643
13, 172, 55830323669
13, 232, 1137179671
13, 86, 6133961963
13, 177, 4851426542
13, 24, 3319329273
13, 239, 2806145342
13, 74, 4743267429
13, 30, 46294306359
13, 113, 6328354893
13, 99, 19412187880
14, 22, 21701850
14, 14, 70602078
14, 20, 333359494
14, 15, 39671855
14, 7, 58877405
14, 24, 87618052
14, 25, 39869906
14, 1, 11427186
14, 2, 245570982
14, 0, 74030976
14, 26, 366274670
14, 5, 587680092
14, 21, 58149
14, 3, 144063387
14, 12, 29670882
14, 9, 541708436
14, 11, 292272667
14, 13, 556075645
14, 19, 214841214
14, 16, 220775170
14, 17, 41274320
14, 10, 445995195
14, 8, 53387149
14, 18, 115129888
14, 23, 43127402
14, 6, 41816374
14, 4, 56402194
15, 47, 2279999991
15, 33, 376331807
15, 23, 334474315
15, 18, 3840550744
15, 2, 99058504
15, 65, 5233870987
15, 8, 4316443
15, 67, 686540917
15, 61, 401046087
15, 56, 6220899803
15, 21, 527210426
15, 6, 880048683
15, 28, 955950998
15, 70, 653757009
15, 44, 3995888958
15, 25, 4471314149
15, 32, 119713071
15, 35, 3333652335
15, 43, 2502637991
15, 66, 214192398
15, 17, 5310979
15, 12, 398974304
15, 41, 1181678511
15, 40, 1117474737
15, 14, 1303116406
15, 31, 420384649
15, 53, 13010254
15, 7, 853655309
15, 58, 620828871
15, 13, 1046458459
15, 63, 1346989923
15, 46, 718228226
15, 11, 512487009
15, 4, 469369997
15, 29, 348966651
15, 15, 425586533
15, 68, 937624913
15, 73, 2213764540
15, 10, 5775622955
15, 57, 214151844
15, 39, 1593537770
15, 24, 433915721
15, 16, 720600284
15, 5, 2553805341
15, 42, 537292232
15, 45, 512679734
15, 26, 334395291
15, 62, 1504359783
15, 69, 2613914278
15, 36, 419850099
15, 50, 2913103749
15, 54, 3377309487
15, 3, 226893314
15, 59, 613229146
15, 48, 1521132264
15, 72, 1076242777
15, 19, 415485646
15, 1, 4308981929
15, 30, 994733127
15, 0, 1013459037
15, 51, 1542357664
15, 9, 501114973
15, 49, 922694806
15, 64, 1401396853
15, 22, 3106011933
15, 55, 256048483
15, 27, 447357918
15, 37, 2135474462
15, 20, 2310488306
15, 52, 350435367
15, 60, 5034879134
15, 34, 1723220408
15, 71, 15784997
15, 38, 2195960770
16, 22, 4638537
16, 1, 241377004
16, 25, 63676464
16, 16, 573974846
16, 5, 32071684
16, 11, 101714366
16, 7, 181921974
16, 3, 264131860
16, 8, 453665124
16, 20, 148966784
16, 23, 72920988
16, 21, 268010611
16, 13, 537053860
16, 15, 146544501
16, 19, 403024674
16, 2, 549294240
16, 12, 286220555
16, 0, 289187790
16, 17, 10194574
16, 4, 4943549
16, 24, 13845620
16, 10, 19681954
16, 26, 633203621
16, 18, 117804495
16, 14, 577375884
16, 9, 90770204
16, 6, 291529520
17, 166, 3972627917
17, 237, 9191375128
17, 38, 1876804234
17, 163, 9515180894
17, 221, 5120422471
17, 17, 7784519231
17, 233, 925177711
17, 35, 6870208184
17, 169, 16758704420
17, 68, 3515455079
17, 95, 23621042823
17, 99, 5401532447
17, 34, 12651978600
17, 271, 17039403794
17, 220, 8657160249
17, 167, 20900005479
17, 21, 1031023449
17, 229, 3814714823
17, 49, 77926690086
17, 281, 13546168142
17, 187, 1815664083
17, 219, 11771044394
17, 64, 1563018203
17, 255, 6822998225
17, 211, 79694577856
17, 249, 18438921324
17, 145, 15831005853
17, 32, 6301064654
17, 76, 4448049745
17, 231, 9629129197
17, 131, 5033143571
17, 177, 2410099116
17, 8, 3912959130
17, 53, 22528858101
17, 80, 4897261469
17, 73, 14815910059
17, 206, 14719296926
17, 81, 10567878639
17, 150, 5043488527
17, 196, 5138835481
17, 200, 1884739438
17, 222, 10707874734
17, 114, 24999931081
17, 57, 9902014108
17, 174, 8731714979
17, 27, 3611597962
17, 133, 984439547
17, 275, 5637882
17, 2, 26484855276
17, 136, 5526406608
17, 9, 10189121874
17, 60, 4220674
17, 127, 614071715
17, 210, 3059512595
17, 270, 8211477979
17, 45, 21235720051
17, 185, 38411356307
17, 151, 6542518260
17, 42, 423368024
17, 209, 7991000817
17, 1, 20868894960
17, 202, 5324683514
17, 251, 12014189042
17, 273, 833944594
17, 126, 5349988859
17, 69, 906168259
17, 128, 1256685535
17, 265, 4443395301
17, 44, 7484088690
17, 285, 3984408051
17, 155, 73491504835
17, 118, 25312118342
17, 144, 1539306525
17, 179, 15971968925
17, 142, 6678305880
17, 256, 2480191817
17, 14, 51525477822
17, 101, 1808104386
17, 16, 9306451
17, 71, 5098063453
17, 109, 6445059418
17, 243, 8636283
17, 40, 51904275
17, 123, 1915892777
17, 140, 4811091
17, 46, 736577589
17, 146, 15843232287
17, 52, 5896744466
17, 277, 12783577851
17, 268, 9712245375
17, 203, 18838667351
17, 110, 9447833338
17, 184, 5196593827
17, 135, 2852463557
17, 97, 1747250604
17, 65, 19431241793
17, 59, 22420074923
17, 18, 1260473208
17, 77, 3127708757
17, 55, 8345051686
17, 130, 18646421473
17, 180, 3850965302
17, 26, 412726746
17, 208, 1808031537
17, 31, 9396412509
17, 193, 5196654732
17, 156, 11587031701
17, 108, 4872619260
17, 143, 5202889365
17, 276, 38826499681
17, 272, 1222144220
17, 83, 5748515463
17, 259, 23297675
17, 67, 6887484805
17, 87, 11924629340
17, 119, 2021829600
17, 72, 1172314647
17, 226, 9832098473
17, 164, 2810104631
17, 253, 788536962
17, 283, 263387633
17, 248, 11970628427
17, 23, 3099434009
17, 41, 3953974
17, 102, 3358168546
17, 223, 25640495629
17, 195, 479135941
17, 105, 408413498
17, 199, 897458881
17, 94, 2234078626
17, 137, 27185172697
17, 267, 18855460313
17, 13, 1118601312
17, 261, 7022602204
17, 48, 990756383
17, 138, 2408552379
17, 238, 694833763
17, 112, 8525188763
17, 132, 6558532414
17, 263, 969688718
17, 116, 3562941
17, 79, 3161748978
17, 37, 2334124954
17, 216, 4747123030
17, 232, 5482541631
17, 82, 378041550
17, 217, 20807776326
17, 252, 28710198445
17, 190, 22956240331
17, 204, 1503218163
17, 225, 1696275643
17, 182, 8326139568
17, 159, 2534076111
17, 258, 37611215695
17, 63, 5045576091
17, 43, 4337693491
17, 264, 4116166630
17, 212, 2662470041
17, 242, 13550759
17, 4, 7697087826
17, 254, 9645826701
17, 197, 2225731489
17, 12, 3762993661
17, 11, 43483205
17, 198, 4896821
17, 172, 2643234886
17, 28, 5028021016
17, 129, 7235586572
17, 148, 38242077
17, 58, 35960807824
17, 147, 15517018684
17, 74, 782743853
17, 91, 3481786969
17, 117, 2679592567
17, 104, 5487710
17, 47, 1621111546
17, 153, 2054638129
17, 61, 610694001
17, 10, 2564309285
17, 266, 4687148483
17, 111, 73288210580
17, 54, 1713654591
17, 86, 592170013
17, 96, 15765869753
17, 134, 2994138697
17, 228, 5158791071
17, 192, 27269513680
17, 158, 9744496013
17, 240, 9053994705
17, 78, 20339810350
17, 244, 1765942865
17, 239, 6066206
17, 280, 21292211633
17, 227, 9055781020
17, 20, 9889818611
17, 260, 13853219002
17, 207, 16806091352
17, 15, 14683881882
17, 88, 1819671628
17, 120, 15824804136
17, 157, 7002530199
17, 168, 5422532508
17, 241, 4238145596
17, 201, 21227937551
17, 51, 2054941199
17, 56, 33808608944
17, 103, 3878970257
17, 84, 11092751
17, 170, 3922046
17, 282, 3605824334
17, 89, 3639873881
17, 25, 2408842984
17, 50, 17624468629
17, 245, 502083155
17, 162, 10886685605
17, 66, 28070627482
17, 113, 662327864
17, 115, 14596021
17, 215, 23905633078
17, 236, 3228350943
17, 214, 1895341726
17, 29, 57343541449
17, 106, 5023539031
17, 250, 2347384046
17, 6, 50552509670
17, 85, 1226744128
17, 284, 948126635
17, 93, 10003397738
17, 274, 22443082512
17, 213, 927824752
17, 7, 5616816673
17, 181, 456365147
17, 75, 11585160379
17, 262, 9009887323
17, 92, 2216898345
17, 218, 37600747265
17, 121, 3192251062
17, 188, 10829373124
17, 98, 21383726739
17, 161, 20347383985
17, 171, 4575860388
17, 24, 39711267204
17, 125, 9567049676
17, 224, 7035422
17, 19, 3724044800
17, 247, 27487545567
17, 22, 7963193272
17, 178, 7755712706
17, 230, 1748934817
17, 124, 5521126723
17, 183, 8505469
17, 173, 2541549635
17, 5, 10448383184
17, 189, 17911393707
17, 3, 9932374535
17, 234, 12214231678
17, 257, 3643174626
17, 205, 325729644
17, 191, 18988033557
17, 141, 541312344
17, 246, 22699735
17, 100, 1493944638
17, 30, 14722338456
17, 176, 13045615297
17, 154, 517011765
17, 165, 4440079049
17, 194, 11895651374
17, 175, 87956056098
17, 90, 16734727404
17, 107, 2086267067
17, 36, 62050904
17, 269, 2597457854
17, 235, 2115506514
17, 122, 28154908893
17, 160, 3429688612
17, 39, 14655550000
17, 278, 15576483534
17, 186, 6387174838
17, 149, 1676387636
17, 279, 1494825211
17, 70, 1942080279
17, 152, 3195889550
17, 0, 699781800
17, 62, 27994984
17, 33, 1933162226
17, 139, 1907726508
18, 165, 5606921085
18, 179, 18057980815
18, 148, 5006142764
18, 58, 589830738
18, 194, 5482902
18, 129, 17801983798
18, 107, 361772654
18, 55, 3172237211
18, 112, 8732776090
18, 72, 806250211
18, 157, 45343024835
18, 67, 6424245048
18, 92, 31010274383
18, 178, 63877858434
18, 181, 12294247605
18, 119, 7214554633
18, 103, 12281410849
18, 82, 1474223707
18, 98, 27871774881
18, 166, 1121761363
18, 191, 65855949471
18, 80, 44301537700
18, 36, 146224373833
18, 49, 104671520842
18, 18, 14909433863
18, 38, 8214025399
18, 99, 52169417788
18, 116, 4671818519
18, 26, 12363640094
18, 121, 2121531549
18, 33, 14779318073
18, 15, 11770923461
18, 174, 4302543632
18, 65, 40484287198
18, 94, 14795685714
18, 75, 2289267904
18, 57, 9301021339
18, 40, 837714649
18, 163, 5185680392
18, 138, 7788782307
18, 159, 5034481926
18, 180, 16197162209
18, 20, 20586213700
18, 137, 22396926667
18, 89, 51412967676
18, 172, 1908720043
18, 97, 4810566
18, 142, 28988716971
18, 183, 7528969690
18, 151, 30524596848
18, 90, 1133705761
18, 5, 2982104057
18, 47, 44264100869
18, 133, 43117318564
18, 1, 105320273978
18, 126, 7773622164
18, 74, 60343323314
18, 22, 28868123587
18, 197, 1142903069
18, 68, 10841375880
18, 147, 148165766040
18, 188, 16120461
18, 187, 20220965765
18, 118, 7267961337
18, 184, 3447597276
18, 30, 4591239155
18, 2, 5282628950
18, 87, 7005233
18, 6, 15970081065
18, 167, 288408582
18, 62, 4277359
18, 158, 9831429694
18, 77, 21668877644
18, 9, 11563697273
18, 141, 55421566821
18, 78, 578565367
18, 14, 823437241
18, 17, 983204272
18, 66, 4848137551
18, 54, 15625401529
18, 53, 4438624426
18, 45, 43836926760
18, 160, 33283735184
18, 86, 3467707452
18, 110, 281759883
18, 100, 2822317451
18, 83, 5050244669
18, 25, 6370162032
18, 48, 22028318899
18, 134, 14698621270
18, 196, 29762149166
18, 0, 8583437682
18, 85, 18154081084
18, 11, 7221915727
18, 170, 17352683352
18, 51, 8795014225
18, 91, 1447521574
18, 21, 18141744822
18, 88, 2331407204
18, 176, 2788760153
18, 32, 2601908443
18, 60, 27455774175
18, 185, 1838988085
18, 109, 52509748570
18, 59, 1795172336
18, 56, 3146810495
18, 71, 56563921041
18, 8, 29017304475
18, 114, 25570823
18, 76, 32294868
18, 155, 44805065376
18, 145, 34013794727
18, 150, 7013472586
18, 140, 7446684534
18, 4, 4869468666
18, 193, 6214850409
18, 24, 1855165188
18, 41, 5835830581
18, 122, 53440785950
18, 156, 854984760
18, 39, 95525439932
18, 73, 1293309655
18, 63, 1240782328
18, 3, 5963856682
18, 44, 6131617
18, 195, 2659639257
18, 108, 17699264389
18, 132, 29303059847
18, 37, 3722090173
18, 182, 2125254145
18, 115, 19851242100
18, 50, 22478551567
18, 31, 59240336652
18, 120, 728320180
18, 171, 12253581484
18, 111, 3225170795
18, 131, 7256112359
18, 190, 2454220657
18, 52, 37852051
18, 28, 43254898466
18, 164, 13692074893
18, 79, 18091858315
18, 16, 1859421390
18, 186, 2421713581
18, 81, 4962228057
18, 161, 5444805825
18, 125, 4042796036
18, 104, 18410443481
18, 106, 19907759992
18, 7, 7703647858
18, 162, 1934253666
18, 93, 33665688261
18, 139, 5001748011
18, 135, 19956004428
18, 102, 1598773265
18, 169, 6855208415
18, 46, 8230753277
18, 34, 30502394957
18, 124, 1797943146
18, 27, 2288854684
18, 152, 10459698116
18, 123, 17853317400
18, 95, 42832175760
18, 13, 1141464280
18, 175, 2753884300
18, 198, 2983662058
18, 29, 9061132639
18, 84, 2680910688
18, 96, 14728726356
18, 177, 4454008048
18, 149, 13621172954
18, 189, 69130178979
18, 154, 11519879463
18, 101, 12690196894
18, 127, 5875440651
18, 12, 527745483
18, 64, 369986297
18, 19, 47816893573
18, 168, 882050358
18, 173, 1989120041
18, 10, 30331299672
18, 70, 5916958
18, 144, 7296725487
18, 43, 8644564823
18, 153, 6188682625
18, 128, 192952478413
18, 105, 4014868715
18, 146, 12769102398
18, 192, 5067111219
18, 113, 6489951188
18, 42, 5594060073
18, 69, 3355317875
18, 130, 137874505
18, 136, 44560724691
18, 117, 26966081
18, 61, 43861177183
18, 143, 18161009247
18, 23, 30643417296
18, 35, 21652102857
19, 62, 608201569
19, 17, 2339543689
19, 76, 940275075
19, 36, 1598723940
19, 82, 10741481382
19, 124, 1687762607
19, 135, 2338480431
19, 28, 10728533294
19, 38, 7516000886
19, 94, 1812479103
19, 50, 306754512
19, 3, 374501356
19, 126, 5828449317
19, 120, 4203319716
19, 112, 292973828
19, 119, 1551387875
19, 0, 24174064
19, 89, 9071303402
19, 35, 3653022734
19, 84, 1621060172
19, 109, 311867808
19, 29, 1620894309
19, 40, 13601006731
19, 12, 7295151947
19, 55, 1826370893
19, 93, 13673702097
19, 5, 1991546872
19, 58, 498023614
19, 117, 6992504228
19, 52, 208638542
19, 31, 721964231
19, 108, 27620145453
19, 25, 999048838
19, 37, 567183220
19, 59, 1722767501
19, 75, 1555546338
19, 86, 759577577
19, 1, 27212255486
19, 67, 4066499019
19, 138, 1145211789
19, 131, 296526248
19, 130, 316370991
19, 136, 1812247962
19, 33, 586646121
19, 123, 1636645653
19, 41, 8567089298
19, 132, 2380115111
19, 34, 406546861
19, 116, 6275272949
19, 127, 6302212999
19, 47, 2172853989
19, 85, 2832525947
19, 6, 15831764280
19, 23, 5001995272
19, 16, 42627827
19, 7, 358431622
19, 45, 2117007089
19, 91, 11512037
19, 128, 811730479
19, 99, 36180106
19, 60, 942732738
19, 103, 81624955
19, 53, 744918871
19, 107, 308569638
19, 121, 14121214542
19, 96, 2557170966
19, 133, 4821586915
19, 57, 15377927405
19, 71, 11255624358
19, 79, 309785825
19, 63, 247538759
19, 48, 646859571
19, 20, 821496623
19, 113, 14376800
19, 46, 4582923
19, 54, 355801023
19, 15, 84852186
19, 115, 1450751672
19, 65, 801460460
19, 78, 1802957594
19, 9, 280958997
19, 18, 4582050805
19, 95, 955654968
19, 118, 1334204869
19, 97, 546537904
19, 77, 722821986
19, 134, 1917436169
19, 22, 2154291394
19, 13, 432118464
19, 81, 1590438449
19, 10, 1233746075
19, 139, 911048788
19, 98, 5762340630
19, 92, 3659729811
19, 72, 1564089724
19, 2, 11544703468
19, 32, 5449323273
19, 61, 1027791691
19, 122, 1886386491
19, 66, 492200877
19, 44, 932071255
19, 137, 444808556
19, 26, 474996767
19, 74, 4953244554
19, 39, 1990659172
19, 8, 8576543234
19, 140, 1820315189
19, 56, 1071522761
19, 111, 1574633534
19, 110, 1023249990
19, 30, 1567758822
19, 87, 5483539884
19, 73, 2516220103
19, 100, 1578851261
19, 106, 19216293998
19, 83, 2123196176
19, 43, 343823497
19, 102, 12506121
19, 125, 866320841
19, 14, 2290024300
19, 68, 1565649428
19, 4, 807820709
19, 90, 28442778293
19, 129, 1727327456
19, 88, 27191444072
19, 69, 1555830028
19, 19, 2403304370
19, 11, 1723317617
19, 104, 1835664458
19, 70, 1516558207
19, 114, 1415297402
19, 21, 462157881
19, 24, 346434798
19, 64, 8621871233
19, 101, 8881198499
19, 42, 370375140
19, 80, 18477391464
19, 27, 7784231737
19, 51, 958688189
19, 49, 740927851
19, 105, 409323072
20, 7, 5167149
20, 1, 32076780
20, 0, 18324070
20, 10, 22326385
20, 8, 15916528
20, 12, 17825125
20, 4, 39339860
20, 9, 68721875
20, 6, 14008558
20, 5, 100224039
20, 3, 70048794
20, 11, 18466458
20, 2, 41771550
21, 5, 13642060
21, 3, 4616607
21, 4, 13848760
21, 2, 4414688
21, 1, 4318929
21, 0, 4684123
23, 8, 23385160
23, 6, 14029188
23, 10, 12587673
23, 1, 21696915
23, 4, 63713955
23, 5, 9149328
23, 12, 61670153
23, 7, 9443538
23, 9, 4727996
23, 3, 4612509
23, 2, 8469702
23, 0, 4982964
23, 11, 4873369
24, 285, 3906397264
24, 344, 1253340514
24, 99, 7201547977
24, 220, 3442555343
24, 348, 3484280193
24, 386, 11711514815
24, 291, 4034319726
24, 111, 2678042109
24, 408, 3664469929
24, 92, 3071718949
24, 93, 10609945
24, 125, 15481485268
24, 48, 9096040018
24, 65, 1993283272
24, 36, 39893315520
24, 106, 5765886026
24, 51, 5258372984
24, 17, 5379634666
24, 165, 4314111946
24, 353, 44936046877
24, 5, 798429381
24, 423, 7985898567
24, 207, 10162178033
24, 208, 7825010424
24, 404, 21843688804
24, 178, 65226586860
24, 367, 7774490140
24, 299, 16880877708
24, 406, 1203362550
24, 268, 3626222662
24, 370, 7732066864
24, 88, 13053331143
24, 264, 5020881471
24, 24, 2376530936
24, 233, 891693762
24, 206, 29661752684
24, 21, 73435116598
24, 182, 34155317011
24, 342, 38870538067
24, 422, 3519702098
24, 250, 600127760
24, 12, 2289035504
24, 164, 1483454906
24, 252, 7693940908
24, 129, 2301177091
24, 176, 6939629849
24, 245, 25897296145
24, 339, 5631252482
24, 32, 39231605686
24, 23, 5999481150
24, 185, 2247923746
24, 312, 9702472499
24, 194, 1483594619
24, 94, 2413883990
24, 217, 8460591289
24, 174, 4681916290
24, 384, 1778488551
24, 259, 2723037311
24, 155, 178468983
24, 80, 1737020824
24, 156, 2087169366
24, 407, 5248883855
24, 357, 12291379641
24, 19, 7533115241
24, 161, 4313709
24, 168, 53144576632
24, 280, 432643381
24, 53, 8171413385
24, 213, 3224163927
24, 89, 3683125666
24, 113, 5987584524
24, 159, 5090747921
24, 84, 3873803931
24, 270, 10510460708
24, 390, 5485473509
24, 302, 2641913042
24, 157, 9905768841
24, 345, 61452865934
24, 275, 11829014862
24, 230, 11233332372
24, 131, 3607784358
24, 179, 3507875749
24, 241, 8523644938
24, 197, 15964907013
24, 40, 4414308035
24, 219, 40694181085
24, 398, 81237768322
24, 269, 24085465602
24, 293, 2796041921
24, 58, 4906893028
24, 100, 61281727525
24, 20, 31973905022
24, 321, 6927572082
24, 375, 7433343737
24, 282, 13450241766
24, 66, 2696064272
24, 358, 1310110214
24, 211, 37374252388
24, 114, 10481702033
24, 412, 2746541338
24, 169, 874110909
24, 146, 17150748854
24, 95, 2250462886
24, 180, 2258043703
24, 314, 16770996316
24, 195, 32646381279
24, 232, 10726875072
24, 83, 60299174567
24, 281, 5416662642
24, 325, 5464795266
24, 333, 18204416999
24, 39, 15934164150
24, 196, 4506626977
24, 378, 11649878854
24, 332, 8995699768
24, 186, 21947428414
24, 242, 22258863497
24, 187, 1424516780
24, 132, 2633851227
24, 343, 9910351559
24, 340, 13649285506
24, 193, 6345355374
24, 248, 5128008383
24, 59, 7035339903
24, 383, 13399523056
24, 364, 10787069414
24, 240, 5596029525
24, 104, 9940546448
24, 28, 23100362038
24, 122, 30327332
24, 209, 10871907764
24, 419, 7684065913
24, 225, 2883560064
24, 16, 39792544505
24, 34, 52835303941
24, 349, 2167992798
24, 237, 53699314
24, 254, 1494041594
24, 413, 6469707315
24, 0, 6292593875
24, 394, 1273477900
24, 296, 2836371295
24, 324, 7010056356
24, 87, 20112347303
24, 421, 3011607259
24, 317, 13041509433
24, 366, 4165159594
24, 190, 25134672563
24, 86, 1663186779
24, 199, 250242196
24, 128, 12977392350
24, 286, 830135499
24, 172, 8243073461
24, 71, 11216837004
24, 60, 19913710956
24, 304, 8512623340
24, 401, 5797291835
24, 238, 42397311942
24, 134, 3290436711
24, 305, 1109375731
24, 13, 3674625000
24, 38, 4511582304
24, 403, 511254996
24, 347, 2801866276
24, 356, 6046886761
24, 243, 31484348167
24, 234, 18291178381
24, 359, 1928258931
24, 389, 17112207419
24, 277, 2194767866
24, 263, 2165037582
24, 418, 12910164559
24, 369, 6451983020
24, 377, 111124083476
24, 272, 4508411672
24, 78, 21486162368
24, 292, 19814451680
24, 105, 1132350248
24, 320, 6194944025
24, 382, 3641070534
24, 313, 29601734419
24, 224, 7415320464
24, 35, 16956999985
24, 362, 32154991
24, 405, 7153537601
24, 221, 47824536757
24, 360, 3821408450
24, 265, 32382161601
24, 29, 356893993
24, 14, 520608482
24, 61, 7889900267
24, 2, 7156214050
24, 223, 3718882635
24, 18, 607161640
24, 368, 36401486494
24, 54, 2151945840
24, 117, 12000800877
24, 101, 817619505
24, 346, 12445427802
24, 68, 1373545882
24, 308, 1295218898
24, 33, 3155304906
24, 267, 1507749147
24, 328, 16756009941
24, 393, 22654395028
24, 326, 9380890463
24, 31, 978213739
24, 336, 8703660021
24, 278, 958450712
24, 148, 22215652194
24, 244, 25884767474
24, 97, 8951092636
24, 391, 23667358798
24, 46, 15864911362
24, 297, 57771434
24, 6, 4305281868
24, 98, 10102967656
24, 3, 6056584388
24, 115, 4252503391
24, 74, 17886659459
24, 319, 15277283552
24, 409, 60315270089
24, 50, 10146902741
24, 311, 29932513113
24, 79, 15066233616
24, 135, 1234427967
24, 167, 37552493
24, 331, 29251574744
24, 177, 49287446548
24, 139, 66056855645
24, 57, 2345290042
24, 212, 56344076
24, 352, 21101397702
24, 189, 5723635256
24, 149, 3072745681
24, 365, 24063536986
24, 130, 17088643689
24, 276, 525224690
24, 417, 847102424
24, 415, 6368598615
24, 273, 99864169
24, 327, 5935462439
24, 30, 12231670669
24, 214, 16389986109
24, 171, 46118274971
24, 162, 6101737721
24, 402, 1047218449
24, 205, 1787147853
24, 247, 28982355765
24, 260, 10847373382
24, 376, 6917705430
24, 266, 2185535735
24, 283, 63275439541
24, 138, 1627372688
24, 239, 12380555271
24, 306, 20884465471
24, 107, 12016217026
24, 110, 3088676377
24, 41, 4012269642
24, 284, 11924131423
24, 141, 12947129429
24, 309, 21932136171
24, 218, 9694861035
24, 7, 11097672254
24, 303, 2401341804
24, 255, 7834045793
24, 103, 8660170991
24, 90, 15962868191
24, 70, 15914725544
24, 112, 16099613865
24, 380, 6554164662
24, 173, 10142950677
24, 420, 24216389044
24, 427, 2307767626
24, 1, 8091534048
24, 145, 4101188886
24, 411, 37241153972
24, 85, 1660611016
24, 251, 22647844675
24, 4, 21872695190
24, 72, 40450630830
24, 11, 2109534647
24, 274, 14867143936
24, 37, 6635945112
24, 43, 5797944953
24, 300, 22681995918
24, 397, 7915679897
24, 127, 2713593570
24, 188, 3208768619
24, 262, 4034065488
24, 45, 5055121752
24, 62, 3085046497
24, 109, 10306092297
24, 396, 10331648550
24, 235, 18537820958
24, 363, 40258241798
24, 229, 10770427657
24, 170, 5244767794
24, 143, 41436181
24, 200, 3592112020
24, 15, 41544558431
24, 334, 13259058846
24, 374, 3384284268
24, 379, 2699806347
24, 381, 5029333636
24, 82, 10865274361
24, 203, 675203557
24, 322, 7722637418
24, 184, 1581251003
24, 181, 6400741832
24, 126, 15660410600
24, 73, 22931461557
24, 63, 2618463850
24, 152, 11234504681
24, 337, 41917172446
24, 294, 3011605594
24, 96, 32384821416
24, 354, 2676681661
24, 49, 4727372256
24, 392, 32540278
24, 341, 3861156352
24, 295, 6496194991
24, 204, 6181841690
24, 22, 4564482785
24, 426, 2435846552
24, 231, 3284796976
24, 256, 47498761517
24, 335, 2976126631
24, 315, 2306410551
24, 385, 15552309940
24, 192, 9743056709
24, 142, 5240206863
24, 246, 12636724325
24, 202, 604261892
24, 56, 8969291561
24, 118, 5023291478
24, 351, 31498510296
24, 77, 2901404206
24, 399, 2226880915
24, 153, 35249816837
24, 183, 3072138225
24, 64, 1487360352
24, 226, 5365153352
24, 47, 42578512951
24, 10, 1342738023
24, 361, 7984218320
24, 424, 6738106000
24, 227, 679346499
24, 163, 6039388376
24, 160, 9629364684
24, 416, 15336707380
24, 81, 7154492140
24, 414, 4843779661
24, 158, 12625053886
24, 9, 8372468977
24, 395, 24954475001
24, 258, 1390260994
24, 388, 42984077718
24, 290, 3512066668
24, 279, 5394188658
24, 287, 16838535156
24, 26, 2576498035
24, 124, 5573262978
24, 210, 5543772266
24, 191, 138999992
24, 154, 9062492686
24, 133, 9655573538
24, 371, 31507776259
24, 425, 1870377973
24, 198, 3196218755
24, 215, 1997167538
24, 137, 6852658755
24, 102, 916211902
24, 119, 11848375708
24, 144, 11534164062
24, 42, 7243176171
24, 201, 15790750601
24, 288, 61835927554
24, 216, 19762164638
24, 330, 10796444555
24, 271, 58203548
24, 150, 18680030312
24, 316, 1058892930
24, 257, 665111957
24, 91, 5041939855
24, 166, 2310927068
24, 123, 42478129218
24, 249, 12004650619
24, 175, 1424358584
24, 136, 2765871115
24, 307, 2439942263
24, 400, 321221886
24, 298, 23637934119
24, 25, 83729952
24, 228, 2651173533
24, 121, 5734252
24, 301, 140309114
24, 147, 13867089465
24, 108, 23896835134
24, 236, 9148535771
24, 410, 33956840543
24, 75, 9676235843
24, 8, 12555287515
24, 329, 6008577399
24, 52, 22526983477
24, 69, 3364366627
24, 261, 11053385444
24, 338, 9227138621
24, 323, 32991482
24, 44, 8029901154
24, 372, 315070990
24, 116, 3303758929
24, 222, 12376290337
24, 373, 4731729090
24, 350, 61492383842
24, 355, 10884658333
24, 76, 1599159387
24, 289, 11959307549
24, 151, 17986778019
24, 27, 2562587248
24, 55, 6287062901
24, 140, 2710830488
24, 318, 1125072965
24, 253, 3917288985
24, 67, 4386151609
24, 120, 1296747529
24, 310, 1512367440
24, 387, 2124709508
26, 76, 1022075084
26, 102, 841698731
26, 12, 627732016
26, 33, 1358888785
26, 94, 1015577368
26, 5, 129654474
26, 59, 115211407
26, 13, 1420155461
26, 1, 241556915
26, 64, 2998891428
26, 26, 1993761292
26, 50, 3047385689
26, 52, 5745543376
26, 71, 337747503
26, 72, 769631722
26, 85, 4836639
26, 19, 4826837524
26, 35, 810170455
26, 20, 774143983
26, 42, 999162855
26, 30, 4518174
26, 67, 3366451117
26, 16, 162661682
26, 87, 121270370
26, 60, 118212075
26, 27, 16216646442
26, 100, 5551832465
26, 32, 971469070
26, 96, 3432395351
26, 99, 383069016
26, 11, 2229767636
26, 22, 2168403860
26, 29, 363704619
26, 70, 4387191846
26, 14, 2769246720
26, 79, 4435062768
26, 4, 42528012
26, 93, 805137707
26, 39, 244631491
26, 81, 390371419
26, 74, 566160338
26, 77, 1614560098
26, 54, 1691318996
26, 88, 3533389804
26, 40, 53059333
26, 57, 5979988648
26, 28, 6388173092
26, 62, 758325268
26, 18, 1907098659
26, 92, 601454747
26, 78, 1123168374
26, 46, 493146355
26, 86, 766130716
26, 83, 480966062
26, 38, 2421669461
26, 75, 1276428845
26, 37, 585686314
26, 48, 805624027
26, 15, 4980826675
26, 8, 3032907414
26, 80, 428256265
26, 43, 494870427
26, 56, 237925255
26, 84, 3770495782
26, 36, 1246559680
26, 53, 614758695
26, 97, 1102637541
26, 63, 1152340070
26, 51, 13925905
26, 21, 974173241
26, 24, 926252253
26, 90, 222411492
26, 91, 627832513
26, 6, 943570881
26, 7, 5346329915
26, 47, 283804032
26, 49, 33939106
26, 69, 271766748
26, 2, 6473875526
26, 45, 282253554
26, 66, 703307372
26, 101, 972677626
26, 0, 6740223029
26, 41, 195377224
26, 68, 1687518615
26, 61, 2853282419
26, 98, 7986977
26, 10, 1145697612
26, 95, 718895424
26, 82, 5120344820
26, 3, 44781579
26, 23, 5380809
26, 9, 3189678957
26, 17, 1747733957
26, 73, 40165293
26, 34, 1177078912
26, 65, 1379462664
26, 31, 760186578
26, 58, 2424764372
26, 44, 1105008908
26, 55, 1003872245
26, 25, 621908412
26, 89, 915031251
27, 132, 72936300626
27, 114, 1259829114820
27, 340, 2270110713
27, 265, 424962489137
27, 80, 117045079341
27, 264, 937865964874
27, 336, 197943401855
27, 5, 1197123616
27, 180, 100381893117
27, 435, 3665717279081
27, 34, 2325594603369
27, 17, 253160498982
27, 404, 101302322681
27, 364, 121766887249
27, 131, 73592438447
27, 196, 97171580317
27, 147, 84877685426
27, 175, 147579661385
27, 103, 47271976411
27, 41, 73915189778
27, 168, 240054708618
27, 268, 6479146551
27, 174, 8567155150834
27, 22, 388976549511
27, 177, 13063628472
27, 202, 5126598396549
27, 50, 389062990429
27, 310, 1137393013
27, 77, 684507040925
27, 296, 274385987451
27, 28, 3374661194
27, 219, 208381865508
27, 87, 656272892451
27, 61, 42315781211
27, 24, 26020636854
27, 246, 35872974625
27, 420, 87734738018
27, 348, 30996762030
27, 347, 101595343160
27, 292, 67515786104
27, 276, 1734971036556
27, 228, 22018931098
27, 425, 2634878676528
27, 422, 6038515892019
27, 85, 77398015651
27, 244, 65605067494
27, 211, 33423461
27, 52, 71082197019
27, 272, 119328755455
27, 314, 113565033598
27, 317, 624380732402
27, 139, 68079600159
27, 291, 14389683983
27, 318, 120576404933
27, 6, 92936816398
27, 37, 4345018247
27, 102, 11928602863
27, 116, 323539022257
27, 238, 98677926
27, 181, 2446531763250
27, 235, 22035902337
27, 188, 229269376
27, 382, 41132086285
27, 427, 275952645186
27, 383, 16489038996
27, 222, 18921735055
27, 391, 496938216981
27, 303, 27577265848
27, 295, 448560526701
27, 216, 37540884544
27, 23, 243892205571
27, 302, 2322371575766
27, 308, 239524854341
27, 98, 2778764686979
27, 290, 9194677446
27, 387, 39549961548
27, 12, 25082858613
27, 35, 228808367
27, 379, 97577952175
27, 178, 384413858107
27, 157, 5207553383975
27, 151, 210657933170
27, 326, 116377903735
27, 371, 38428671737
27, 400, 45448127828
27, 141, 15886510734
27, 8, 40179437429
27, 83, 78206142578
27, 258, 4823184894
27, 158, 73790304599
27, 127, 141790385521
27, 60, 751122267998
27, 354, 899619448672
27, 144, 3667710518074
27, 374, 5115456551761
27, 421, 377185950837
27, 381, 819444147
27, 407, 42705969557
27, 240, 33719063905
27, 18, 1010349728181
27, 53, 769227247
27, 46, 3006726150
27, 209, 240144776027
27, 73, 155592259816
27, 252, 182920896626
27, 436, 21684597573
27, 96, 193848706132
27, 169, 91631878985
27, 48, 3225079713143
27, 294, 509196308699
27, 283, 184534882118
27, 403, 17472943821
27, 231, 13336227398
27, 430, 2400771528374
27, 413, 38984071572
27, 361, 2101214273239
27, 362, 515563016563
27, 360, 879238797234
27, 346, 24650999887
27, 199, 49095809762
27, 148, 101007924444
27, 57, 526969284230
27, 269, 435202475167
27, 385, 55605066675
27, 136, 65558100528
27, 10, 752245366991
27, 370, 20338110555
27, 428, 1908982855
27, 299, 6049487033168
27, 274, 1710751981849
27, 189, 177624962957
27, 424, 185703458980
27, 286, 239907185133
27, 377, 2783989000
27, 190, 88650558111
27, 155, 11345718254
27, 279, 3671314765649
27, 414, 251718466883
27, 434, 116471045
27, 152, 17233094594
27, 307, 722436851671
27, 232, 654302793
27, 378, 1250815036224
27, 405, 28102845281
27, 410, 527481431344
27, 3, 1332984904980
27, 82, 302524497968
27, 47, 42844286081
27, 208, 80101529381
27, 55, 448290207
27, 207, 389723352266
27, 0, 35208453283
27, 36, 8555046302
27, 243, 16261703857
27, 94, 519120615101
27, 237, 12793401674
27, 259, 717323375003
27, 184, 6172232339
27, 419, 13526881216
27, 288, 57942429414
27, 110, 436609301
27, 162, 8378908
27, 99, 5502449793
27, 363, 238446932006
27, 182, 1725829981600
27, 200, 173555134646
27, 248, 5663208753
27, 138, 35697422413
27, 49, 12564559246
27, 214, 35890787713
27, 373, 6880751802
27, 150, 9855136139
27, 111, 12092465598
27, 86, 384018695932
27, 107, 139463582106
27, 367, 44426723
27, 319, 13542695911
27, 38, 464131640172
27, 91, 2114818702779
27, 345, 2103562362840
27, 417, 39677989464
27, 255, 1093306772143
27, 198, 13372688175
27, 224, 100881037789
27, 163, 7184767488387
27, 227, 71948216783
27, 313, 8463594369
27, 119, 132511907274
27, 62, 62579299745
27, 351, 166305734120
27, 161, 257781344559
27, 411, 355898469194
27, 289, 18511003188
27, 129, 175694447432
27, 40, 5198528469450
27, 16, 445254976
27, 7, 289902316340
27, 331, 150516328129
27, 393, 15788368130
27, 280, 6316465
27, 100, 899727042615
27, 281, 88830142363
27, 126, 30252785006
27, 2, 4729601644
27, 212, 42727936055
27, 105, 23016386543
27, 375, 3058456543915
27, 300, 2125782165099
27, 380, 5116656204023
27, 134, 35089868857
27, 104, 36982204889
27, 43, 252955605346
27, 329, 244526231637
27, 54, 276601743082
27, 220, 14872209335
27, 13, 45807159123
27, 249, 86430804313
27, 210, 40235425212
27, 233, 759621959
27, 311, 8684494625
27, 117, 2135142708943
27, 1, 4826374571608
27, 389, 651852046253
27, 223, 13001154762
27, 166, 235891441857
27, 406, 1561281093692
27, 241, 2188926454
27, 335, 16413117917
27, 19, 730034958576
27, 204, 71431406338
27, 412, 151502357502
27, 349, 179320951195
27, 298, 2104584086
27, 39, 79692693682
27, 257, 36219972748
27, 171, 167969274769
27, 156, 1244870592670
27, 194, 35546958676
27, 66, 6637050616
27, 343, 51270059646
27, 225, 16951630166
27, 143, 386385317525
27, 142, 50700032364
27, 229, 93257817089
27, 372, 73502055055
27, 173, 1045234864
27, 172, 167534193171
27, 217, 43307640306
27, 42, 98694791753
27, 416, 98422868174
27, 64, 14400540551
27, 115, 4357153140
27, 59, 16545722297
27, 334, 28467627049
27, 146, 627359336781
27, 9, 3677544022221
27, 63, 2034408026
27, 242, 7066443095
27, 176, 16105082381
27, 415, 3695565430303
27, 92, 5940588392
27, 250, 86295207483
27, 409, 356885548857
27, 339, 43132523548
27, 165, 331847669288
27, 341, 93116535394
27, 89, 75249127038
27, 160, 4607138
27, 357, 276610274623
27, 79, 112013437686
27, 271, 16354652343
27, 20, 1729843168750
27, 306, 272090696925
27, 128, 68926374761
27, 365, 2222815436529
27, 206, 259587203952
27, 70, 137159877804
27, 195, 6071440641
27, 301, 4459942712
27, 324, 392426078655
27, 438, 85947795190
27, 368, 297540847435
27, 21, 7214532030906
27, 263, 146955255986
27, 441, 245527546198
27, 153, 54865098219
27, 65, 1511627813272
27, 113, 96905142021
27, 309, 8493748652
27, 193, 89564899530
27, 185, 18382872764
27, 323, 20020745
27, 337, 12836451994
27, 297, 326648493336
27, 11, 494750175222
27, 125, 3649902442851
27, 97, 12828000933
27, 332, 461825975153
27, 88, 6295383234
27, 408, 25811109504
27, 325, 41033889007
27, 201, 14321073475
27, 262, 1530221368030
27, 14, 1166641781724
27, 236, 67153334678
27, 205, 37341117589
27, 122, 3001273063193
27, 327, 6718390784580
27, 159, 2115980727966
27, 78, 8940451717
27, 44, 188797493460
27, 68, 41956524149
27, 101, 13500493784
27, 120, 2304862324091
27, 369, 211589353405
27, 330, 2114107400446
27, 390, 73284382932
27, 253, 6987946687
27, 203, 141534835398
27, 154, 17026307180
27, 15, 43506190146
27, 402, 120106648711
27, 437, 118382248406
27, 322, 11578449046
27, 75, 73924131481
27, 358, 16545288874
27, 187, 11435667543
27, 260, 14898999
27, 350, 16537980546
27, 392, 2840391654003
27, 90, 1365284909
27, 366, 123194000282
27, 121, 52561735
27, 396, 102606782525
27, 254, 732443658000
27, 51, 86252769600
27, 399, 30577706870
27, 170, 957626704588
27, 328, 7053845626
27, 29, 154692149764
27, 56, 5184861606068
27, 394, 99460147070
27, 215, 896859468565
27, 32, 352201761858
27, 287, 42392132930
27, 277, 930730319322
27, 4, 634097060077
27, 164, 48655319
27, 109, 10904652908
27, 432, 119763934767
27, 239, 54425058
27, 183, 56952580233
27, 137, 166485851674
27, 429, 433520674421
27, 395, 3604742349
27, 123, 16642158165
27, 226, 5182632683979
27, 418, 4552174526
27, 338, 102176969971
27, 186, 2108113318052
27, 305, 159337188355
27, 130, 70628426125
27, 270, 9549087887
27, 25, 173530151529
27, 356, 256410726263
27, 124, 12340149170
27, 192, 130080324
27, 221, 1714396731481
27, 388, 907196659823
27, 352, 603976369
27, 234, 164262322513
27, 149, 149848339881
27, 353, 4931784133307
27, 293, 97489250176
27, 261, 3826936
27, 95, 5947179561
27, 118, 353505899782
27, 431, 494439033206
27, 359, 25452679470
27, 71, 398689110
27, 251, 5114323928585
27, 278, 224716933240
27, 133, 35972917157
27, 426, 7022187171
27, 320, 114940231459
27, 45, 142209143040
27, 273, 109772785741
27, 342, 99128826424
27, 58, 2111815505395
27, 213, 3490958242
27, 140, 6017994946232
27, 344, 66442572692
27, 266, 139713460784
27, 81, 184408938022
27, 386, 143509972425
27, 267, 123937039236
27, 247, 187190434992
27, 84, 18870899125
27, 69, 433948326563
27, 30, 929659084715
27, 316, 5180698878130
27, 275, 85339941580
27, 355, 11880516582
27, 76, 655664011749
27, 285, 67894626431
27, 197, 45162949617
27, 179, 94294344703
27, 312, 31205093
27, 376, 191954127970
27, 191, 2036712337
27, 321, 6007028538984
27, 112, 23787596707
27, 230, 274417221143
27, 106, 42964228148
27, 304, 5101865195539
27, 145, 86789389093
27, 67, 16523958773
27, 384, 13905425064
27, 135, 337335474160
27, 26, 12975864485
27, 167, 384268898133
27, 218, 119790758889
27, 72, 274259210021
27, 284, 110144330666
27, 433, 1546891644560
27, 33, 349741388403
27, 93, 112897562264
27, 74, 905998231295
27, 397, 9358364556
27, 31, 13775674762
27, 282, 171328427153
27, 315, 39912448856
27, 401, 16837853604
27, 440, 370248468709
27, 245, 705138651598
27, 256, 210917391930
27, 333, 10952593384
27, 439, 189682853435
27, 423, 10635161861
27, 27, 30256461607
27, 108, 929345413323
27, 398, 35066093316
28, 267, 283764687482
28, 64, 60865519365
28, 69, 108305448585
28, 43, 12407307874
28, 345, 26243834112
28, 71, 230669023745
28, 147, 162968957259
28, 402, 498465454889
28, 248, 125428199077
28, 178, 479727318550
28, 311, 199577694355
28, 4, 31310907232
28, 354, 26787361968
28, 224, 17703773205
28, 15, 14848297226
28, 444, 1297760632
28, 263, 356644626883
28, 132, 8738359216
28, 148, 757328361005
28, 403, 223273461006
28, 326, 140449259379
28, 367, 1044096479970
28, 312, 292545960577
28, 36, 15429592276
28, 330, 26154247660
28, 175, 11550626072
28, 266, 26214797216
28, 84, 3811615173
28, 164, 293618844931
28, 161, 47200729036
28, 122, 17367371319
28, 428, 72608549164
28, 200, 9452308626
28, 120, 6973568
28, 72, 26394328786
28, 288, 56534524
28, 335, 326497232175
28, 199, 94207239
28, 424, 716421994483
28, 107, 4401233717
28, 246, 38549714182
28, 217, 1510279584231
28, 232, 394646010836
28, 62, 482575764121
28, 342, 75490873751
28, 160, 1409389122091
28, 78, 63039319608
28, 146, 41490333165
28, 387, 234118333
28, 252, 144031278083
28, 218, 9276060639
28, 339, 9152353131
28, 193, 8069145202
28, 368, 564885462277
28, 115, 7845535472
28, 408, 18634290955
28, 153, 321155809461
28, 74, 312169090018
28, 151, 662569184885
28, 373, 1968025302333
28, 80, 74373707741
28, 275, 230827575655
28, 54, 144955107455
28, 318, 87578104357
28, 73, 113717391619
28, 60, 802961631703
28, 371, 305885518593
28, 340, 89612006914
28, 235, 55646738784
28, 211, 289680070953
28, 197, 145521269826
28, 244, 1612608980464
28, 90, 43470755
28, 440, 109851140687
28, 430, 828846952716
28, 10, 233088637
28, 157, 664656415892
28, 34, 62447615407
28, 239, 275446468011
28, 186, 41863070006
28, 341, 149178008774
28, 171, 230681104106
28, 169, 101170965497
28, 139, 85616098
28, 46, 486311788361
28, 203, 277361415420
28, 31, 20800970312
28, 419, 34664221007
28, 44, 44531964267
28, 287, 249965287614
28, 336, 92462408391
28, 38, 759190529432
28, 35, 202688983935
28, 37, 298643989998
28, 350, 11951651024
28, 265, 324219920505
28, 111, 437728973024
28, 305, 11755946424
28, 425, 35024083798
28, 247, 553139585897
28, 433, 152858451194
28, 168, 49252258420
28, 16, 43928789178
28, 389, 89542115482
28, 295, 7398481168
28, 226, 14118345274
28, 282, 2312477911010
28, 272, 328855765553
28, 174, 17394437
28, 362, 8186994
28, 114, 16465795134
28, 240, 12981314
28, 292, 3374729913
28, 206, 33216456705
28, 242, 1656865739905
28, 393, 568795165
28, 33, 9670822007
28, 446, 91677828229
28, 281, 128760400919
28, 380, 51299924
28, 131, 294781372055
28, 152, 123193015291
28, 129, 95967651405
28, 298, 14516207127
28, 347, 220970650419
28, 124, 206846019
28, 28, 52646957347
28, 18, 33142650518
28, 85, 22730930
28, 183, 93819644464
28, 352, 22710409799
28, 187, 9287073383
28, 13, 200773943451
28, 133, 5491758796
28, 112, 4906886425
28, 104, 10003235946
28, 420, 2005361236
28, 438, 23309049399
28, 254, 8016714391
28, 45, 527502886
28, 417, 126974484096
28, 310, 62728662849
28, 351, 7614280559
28, 75, 175177554820
28, 283, 7983277051
28, 190, 151952156916
28, 323, 17821799447
28, 427, 14610432736
28, 401, 94516621208
28, 215, 53148886272
28, 144, 1835166423827
28, 303, 11984781336
28, 223, 499994867896
28, 399, 120270386674
28, 344, 111778496959
28, 234, 1623522581171
28, 256, 5955502451
28, 65, 12625314460
28, 173, 23016314
28, 411, 397062670273
28, 119, 1992649819206
28, 329, 4088126
28, 170, 1618295274312
28, 92, 132013079142
28, 299, 3972258701
28, 442, 9767323544
28, 14, 678942899582
28, 231, 19325364879
28, 96, 111967378739
28, 23, 34199481615
28, 358, 1125771655861
28, 277, 10771818072
28, 289, 101411171018
28, 317, 9126644729
28, 423, 456634451441
28, 249, 19874967538
28, 106, 1627227885386
28, 40, 8841177474
28, 396, 127918345600
28, 116, 48564859
28, 1, 31346625026
28, 324, 1940564909
28, 105, 1461826521
28, 327, 140301932940
28, 95, 39560861160
28, 202, 738419464019
28, 194, 7337130368
28, 79, 1401696459950
28, 261, 1276259225573
28, 63, 19317542684
28, 394, 15760794595
28, 319, 31174465713
28, 172, 8419824792
28, 3, 16365233091
28, 162, 44199560913
28, 297, 120014467650
28, 322, 310384391652
28, 257, 107034344738
28, 376, 2333766428627
28, 381, 73619732216
28, 123, 17116856676
28, 154, 109496266880
28, 306, 85461109310
28, 66, 599790708372
28, 50, 680218934152
28, 375, 112937050880
28, 355, 3747284450
28, 296, 76152281768
28, 334, 27208673696
28, 314, 126789147873
28, 274, 495309700897
28, 55, 802566035761
28, 236, 79306328721
28, 208, 490025323441
28, 12, 79087594469
28, 77, 9553486513
28, 82, 814660691511
28, 98, 11217253943
28, 293, 150552045045
28, 238, 26956583478
28, 422, 27102626313
28, 108, 54190262303
28, 363, 64226224
28, 364, 91323802924
28, 285, 1626078455746
28, 127, 949709330169
28, 221, 26715261039
28, 189, 7652874
28, 220, 3593389893
28, 156, 703674715341
28, 52, 124157283409
28, 370, 33642701440
28, 94, 520266433451
28, 437, 97801694001
28, 349, 28555866533
28, 412, 19251145937
28, 241, 1184579623156
28, 379, 100041499563
28, 158, 18661107268
28, 188, 1182166127971
28, 404, 453367168012
28, 447, 671938118
28, 307, 7943570647
28, 196, 147393709483
28, 313, 798910885892
28, 222, 8525141597
28, 2, 5442597016
28, 192, 777930904782
28, 331, 280061449807
28, 410, 320457060138
28, 407, 10043938605
28, 207, 313344815191
28, 279, 15669395238
28, 333, 13370576482
28, 251, 34867703177
28, 300, 77224059110
28, 369, 95532097915
28, 205, 34029766656
28, 88, 236376029490
28, 41, 277131501428
28, 294, 62906939967
28, 418, 108710924484
28, 400, 141344497498
28, 416, 457697733029
28, 89, 686556186915
28, 365, 2073609213
28, 126, 4048240664
28, 385, 25426674331
28, 213, 447279633901
28, 377, 128425885459
28, 359, 7168022
28, 269, 7758795963
28, 159, 83352120019
28, 237, 797600337719
28, 356, 36867562805
28, 155, 100936650440
28, 110, 46840675122
28, 357, 21576274124
28, 198, 48559113573
28, 321, 142195231982
28, 184, 140008071
28, 61, 133074200526
28, 258, 1662582851837
28, 138, 32471886620
28, 102, 24479521979
28, 230, 4344319
28, 57, 381794645180
28, 390, 12024434293
28, 291, 1166842566108
28, 180, 168898725626
28, 406, 19694870549
28, 346, 27474129231
28, 166, 40477979961
28, 309, 202570689
28, 378, 783782805805
28, 374, 123157337611
28, 441, 19928660109
28, 165, 2563171716690
28, 130, 31925256512
28, 366, 108204478573
28, 21, 3713446477
28, 315, 270830011945
28, 58, 825325814628
28, 421, 4652437704
28, 109, 98706416195
28, 320, 6863468670
28, 278, 41917147644
28, 47, 811922201808
28, 8, 999681880379
28, 227, 1652447354756
28, 286, 318754624864
28, 436, 95619285814
28, 181, 32384834745
28, 245, 465949804218
28, 398, 23947544713
28, 118, 25197326444
28, 445, 590765843503
28, 201, 71800003
28, 270, 9350746401
28, 409, 26351051367
28, 225, 51167521701
28, 29, 18668828731
28, 135, 845808174448
28, 0, 247970768795
28, 134, 73216281
28, 210, 79136004528
28, 316, 27384828127
28, 429, 18696107290
28, 83, 955562250745
28, 7, 1468055325744
28, 262, 1678961900624
28, 212, 153403377150
28, 20, 22288625003
28, 253, 12138310382
28, 42, 4555994
28, 271, 52987047350
28, 48, 69906791
28, 233, 694547583150
28, 290, 43848091424
28, 25, 85360887453
28, 176, 364683889489
28, 343, 99094448463
28, 103, 637136351176
28, 434, 8791441317
28, 117, 52228588345
28, 121, 20262428761
28, 302, 790042353717
28, 167, 148199546866
28, 435, 1812750379847
28, 268, 79236184185
28, 91, 77579311422
28, 86, 1096929618
28, 191, 462523659464
28, 204, 46242605
28, 353, 747372906725
28, 260, 408040103239
28, 259, 113553034136
28, 87, 30780291072
28, 49, 35080540438
28, 195, 204952367
28, 384, 284569860610
28, 372, 50027807678
28, 19, 386501590883
28, 216, 14413502558
28, 68, 13163674029
28, 9, 97165150024
28, 337, 1208090041569
28, 361, 6518386366
28, 30, 382346238422
28, 11, 1924319826
28, 415, 60968429248
28, 22, 24177686354
28, 140, 619555113277
28, 209, 31170856367
28, 276, 8874452384
28, 51, 77950162495
28, 308, 248216716
28, 255, 739713257277
28, 431, 12452746038
28, 143, 221247332
28, 141, 8686028727
28, 26, 110877927969
28, 280, 297743142139
28, 142, 16832288591
28, 70, 790291593904
28, 219, 673287289155
28, 328, 122229022386
28, 59, 7973986492
28, 81, 154118510086
28, 76, 171320512276
28, 100, 1041647168235
28, 128, 3774885201
28, 338, 9265358803
28, 24, 76174135875
28, 163, 840475103781
28, 6, 4446315501
28, 250, 1164561981
28, 439, 17562599315
28, 179, 36694762298
28, 332, 546166061853
28, 27, 45266624937
28, 405, 146376221062
28, 53, 116876242896
28, 413, 130373987497
28, 383, 114385216255
28, 397, 819309015670
28, 388, 1211086800954
28, 301, 231863933930
28, 56, 70230339780
28, 214, 528756546904
28, 414, 32964242142
28, 392, 35384560674
28, 360, 71520717693
28, 99, 504860004863
28, 177, 153742574061
28, 325, 49976635956
28, 229, 131002610168
28, 426, 36312330472
28, 5, 84018457259
28, 32, 45045360298
28, 395, 24332452944
28, 432, 123078755786
28, 243, 136327197286
28, 17, 26679507933
28, 386, 10781571983
28, 382, 21847492560
28, 284, 164672733429
28, 182, 34877263211
28, 273, 13790798253
28, 443, 10156534296
28, 391, 16286884201
28, 97, 36531692517
28, 136, 26443851526
28, 185, 2018594811372
28, 145, 1308943327218
28, 125, 32590724061
28, 150, 156921108345
28, 264, 147484258433
28, 39, 55560435139
28, 149, 20827302420
28, 304, 94234937
28, 348, 66019156802
28, 113, 3251534446
28, 228, 58893188307
28, 101, 25448672811
28, 137, 119518688061
28, 67, 1533981130998
28, 93, 36803040635
29, 123, 1594917928
29, 3, 1589837960
29, 126, 2775132496
29, 18, 1935853130
29, 35, 2120814077
29, 89, 2579112220
29, 102, 2615221335
29, 124, 8051480
29, 0, 2061110186
29, 74, 3953848143
29, 72, 25773528996
29, 64, 445646713
29, 52, 4975759942
29, 77, 1072335084
29, 41, 12129647428
29, 71, 56213247
29, 49, 9636742791
29, 14, 3350885479
29, 37, 13517249931
29, 22, 1570394093
29, 48, 22307491309
29, 58, 1387018039
29, 105, 3045182789
29, 26, 14789765322
29, 5, 2428293829
29, 122, 363205198
29, 29, 13322882006
29, 80, 2229918479
29, 61, 16353767302
29, 15, 1579038466
29, 23, 258216453
29, 69, 2460048412
29, 1, 5850565040
29, 68, 933686290
29, 63, 2267850515
29, 92, 3302862419
29, 125, 32310143210
29, 95, 7207173632
29, 2, 2605249300
29, 106, 1833394532
29, 10, 18564715611
29, 81, 37153443221
29, 62, 1362312674
29, 47, 280125911
29, 67, 857827263
29, 79, 28828387983
29, 45, 3832068039
29, 101, 110654771
29, 114, 2201285141
29, 75, 14733988248
29, 70, 6813268067
29, 7, 835614248
29, 96, 2158470642
29, 16, 17542168999
29, 11, 8728747000
29, 40, 1094462838
29, 24, 4801910640
29, 94, 1339465893
29, 100, 234641144
29, 83, 744094812
29, 86, 188769039
29, 78, 3113500293
29, 115, 2768346113
29, 112, 1240425933
29, 4, 822590284
29, 43, 28605702269
29, 99, 8003231316
29, 50, 32913193
29, 88, 17608040780
29, 98, 3731690208
29, 107, 3522694368
29, 57, 1037706724
29, 110, 2031025247
29, 128, 2312690644
29, 27, 23058202844
29, 54, 5586216758
29, 55, 4900356464
29, 76, 2646591701
29, 32, 1320868860
29, 73, 17082085401
29, 6, 657819810
29, 84, 1394190039
29, 66, 9157541399
29, 9, 853232659
29, 65, 4933234303
29, 21, 1141941817
29, 104, 20058518947
29, 118, 3352104875
29, 113, 2203362224
29, 109, 3758524957
29, 31, 3140125490
29, 13, 13603898587
29, 33, 3454067116
29, 103, 4582469924
29, 51, 803906089
29, 36, 14965776745
29, 82, 255081426
29, 8, 10500811127
29, 42, 12655978305
29, 12, 21192511
29, 87, 18270385812
29, 120, 6073506136
29, 60, 535993580
29, 127, 3423558877
29, 93, 17204105214
29, 46, 22696345706
29, 119, 3459746421
29, 116, 2031123648
29, 91, 2451884010
29, 28, 611980831
29, 38, 4709066067
29, 117, 4963187754
29, 59, 2754112181
29, 85, 790143760
29, 20, 2292636354
29, 129, 22337232256
29, 121, 3327656724
29, 53, 7272046792
29, 90, 4278342160
29, 56, 15018880035
29, 39, 19092642298
29, 19, 1533578568
29, 44, 4166585367
29, 25, 73466968
29, 30, 22569128722
29, 111, 5412629097
29, 108, 9471782561
29, 34, 1238508746
29, 97, 8914441225
29, 17, 6807264696
30, 27, 4790440578
30, 28, 3028537991
30, 106, 757427320
30, 93, 8509698869
30, 79, 995468252
30, 62, 71417527
30, 111, 2788255323
30, 101, 2116531832
30, 112, 578124546
30, 81, 3549843331
30, 21, 1618982391
30, 40, 471901788
30, 78, 189166594
30, 29, 1342882832
30, 34, 12993664
30, 102, 1884419730
30, 46, 10704837051
30, 75, 169628182
30, 42, 508377414
30, 91, 879826646
30, 24, 2106581151
30, 109, 4523111327
30, 52, 2462110725
30, 3, 772622914
30, 100, 9398985933
30, 39, 1885104430
30, 89, 271701858
30, 113, 550746039
30, 61, 913746384
30, 53, 1042307740
30, 15, 395618490
30, 83, 40223793806
30, 51, 51918660357
30, 57, 951264123
30, 88, 51609756
30, 104, 988389772
30, 36, 283667051
30, 84, 837293454
30, 0, 4919788489
30, 10, 39066419399
30, 64, 987374375
30, 19, 480634003
30, 70, 2124755496
30, 54, 502494928
30, 63, 2232435187
30, 7, 345580914
30, 98, 4075805
30, 45, 413690326
30, 8, 1022051907
30, 32, 910100910
30, 11, 978091328
30, 23, 673947527
30, 2, 438194247
30, 33, 414965086
30, 66, 96774769
30, 25, 2805383119
30, 13, 6668860
30, 37, 2191950156
30, 48, 5128229208
30, 73, 5671219390
30, 59, 60420760
30, 99, 979418686
30, 44, 6130930
30, 17, 2723282125
30, 87, 1149067412
30, 14, 407901420
30, 49, 589729323
30, 74, 6201334624
30, 72, 429520151
30, 18, 550470603
30, 22, 604417709
30, 4, 2252173020
30, 71, 961106600
30, 26, 524700966
30, 108, 4641708593
30, 85, 9738715356
30, 77, 5886241316
30, 86, 1095049019
30, 41, 477948047
30, 38, 4646837
30, 94, 11420646382
30, 65, 52833267
30, 107, 1071130740
30, 1, 934812021
30, 12, 5900502379
30, 92, 5952563657
30, 5, 1540234064
30, 69, 1716142683
30, 31, 2881899766
30, 55, 5161631
30, 103, 2759437034
30, 97, 5344368259
30, 47, 689279137
30, 30, 12392058756
30, 68, 3426611026
30, 82, 2675056355
30, 56, 4519345969
30, 50, 1103419083
30, 58, 1476100651
30, 60, 417171998
30, 95, 1582715941
30, 96, 8523059069
30, 20, 85880458
30, 35, 76488695
30, 110, 4630913850
30, 9, 440805223
30, 80, 5428596806
30, 43, 378610857
30, 105, 1614386899
30, 16, 1645796850
30, 90, 5943047
30, 6, 1155527131
30, 67, 5612266
30, 76, 16137177
31, 52, 1386772398
31, 24, 291662376
31, 98, 1453506595
31, 91, 797527051
31, 71, 650625049
31, 8, 844907859
31, 14, 341799702
31, 12, 2039212096
31, 29, 375253207
31, 15, 6941915579
31, 49, 506165698
31, 19, 617030545
31, 64, 468791919
31, 89, 139235722
31, 7, 20422635
31, 84, 469899445
31, 65, 772012571
31, 48, 963536765
31, 111, 1437306417
31, 61, 1343386592
31, 2, 384638449
31, 104, 3718646041
31, 5, 1420608264
31, 6, 1570567977
31, 76, 390523237
31, 3, 6535849
31, 77, 1318117459
31, 68, 676693596
31, 56, 445828285
31, 17, 662212525
31, 33, 2036162552
31, 22, 786699532
31, 90, 25124544
31, 69, 2604890503
31, 66, 6406355549
31, 21, 1927329685
31, 58, 989099307
31, 79, 641710788
31, 81, 515182022
31, 63, 436267379
31, 37, 291870902
31, 108, 809283986
31, 99, 2650082860
31, 109, 3074241897
31, 45, 5369422853
31, 96, 1321474619
31, 0, 587280695
31, 113, 796084836
31, 80, 302152665
31, 62, 5875509503
31, 51, 601786891
31, 107, 795109032
31, 18, 507171493
31, 26, 973227286
31, 95, 1528982863
31, 4, 3786755396
31, 67, 1308793536
31, 103, 575690474
31, 102, 517086527
31, 11, 257524477
31, 112, 310392465
31, 35, 6993662946
31, 87, 1798620356
31, 31, 2237613370
31, 43, 148631982
31, 101, 410028357
31, 97, 281806419
31, 50, 392138465
31, 100, 2434517988
31, 57, 1223128386
31, 74, 142129585
31, 1, 3352723795
31, 82, 6363785004
31, 34, 1218597703
31, 41, 1455529085
31, 46, 1733019235
31, 59, 2017450804
31, 30, 585749311
31, 106, 1022039863
31, 47, 3233411425
31, 38, 234699284
31, 110, 248508182
31, 40, 2126598040
31, 92, 727996333
31, 105, 135643047
31, 85, 611507001
31, 55, 731947563
31, 83, 5369431
31, 86, 3765317598
31, 9, 1146729882
31, 73, 1591340838
31, 78, 2309870451
31, 23, 1054002003
31, 88, 445407779
31, 16, 3138491654
31, 42, 193400533
31, 70, 579434965
31, 28, 2176240585
31, 27, 613949326
31, 13, 392302044
31, 75, 242960167
31, 93, 1272477583
31, 60, 828595868
31, 53, 2564875388
31, 32, 1453321855
31, 10, 26702011
31, 94, 6832069723
31, 20, 7278333516
31, 72, 634979084
31, 39, 1013534064
31, 36, 5751671718
31, 25, 324522817
31, 44, 957874489
31, 54, 1499031775
32, 85, 9917831008
32, 99, 310103573
32, 186, 8458766140
32, 34, 11521418837
32, 212, 5862288323
32, 223, 4922258726
32, 105, 5863250117
32, 123, 1617477180
32, 39, 2706143046
32, 110, 17117367473
32, 216, 2463481282
32, 97, 3570637738
32, 57, 889714450
32, 171, 6262255764
32, 144, 11246974890
32, 113, 5020909406
32, 76, 13429185207
32, 125, 34416193846
32, 217, 19339649967
32, 40, 5115231635
32, 232, 2521033679
32, 3, 9253793467
32, 222, 5483294
32, 22, 49387506
32, 179, 1776564401
32, 41, 1629351653
32, 72, 17278927620
32, 121, 8299627887
32, 118, 20443433950
32, 180, 17483416116
32, 119, 5947025806
32, 78, 28441469794
32, 7, 9878822720
32, 195, 7998265931
32, 80, 1028368276
32, 21, 4820686329
32, 25, 4977477523
32, 74, 4841767198
32, 148, 8329105906
32, 139, 8832848186
32, 153, 19158733178
32, 235, 19619738315
32, 95, 8996809089
32, 132, 1613962910
32, 66, 220308950
32, 19, 9893308029
32, 54, 368867285
32, 107, 7469947297
32, 176, 1377429558
32, 165, 8383018622
32, 130, 5156018766
32, 129, 2801696561
32, 70, 17467436288
32, 239, 3919617779
32, 206, 1612502157
32, 18, 5688109862
32, 162, 5767433825
32, 136, 7868198454
32, 181, 1404208688
32, 151, 30944117949
32, 198, 15645320852
32, 203, 6190671227
32, 26, 3429559352
32, 210, 542376795
32, 226, 14261958764
32, 177, 21170236834
32, 183, 10625652182
32, 149, 4484829924
32, 208, 19046181339
32, 241, 6383751861
32, 94, 5934149209
32, 173, 5976156035
32, 158, 1649360761
32, 193, 1950775935
32, 49, 8296729
32, 77, 10527883081
32, 188, 3877108129
32, 170, 9326076065
32, 184, 2553346786
32, 199, 3350597992
32, 194, 5188028558
32, 146, 2291561324
32, 182, 3745540866
32, 8, 22127699453
32, 167, 358750963
32, 5, 4785187695
32, 43, 3060921824
32, 104, 933305002
32, 108, 14702089481
32, 58, 9221753245
32, 68, 1221908354
32, 161, 4476351423
32, 233, 5551871644
32, 61, 2178301571
32, 102, 3658477090
32, 178, 2481413823
32, 174, 5998297143
32, 36, 30033893364
32, 228, 5391250362
32, 71, 10243354011
32, 207, 3063946723
32, 63, 1534427439
32, 124, 9724100615
32, 152, 5957940357
32, 53, 563457416
32, 62, 17626125007
32, 231, 2748768627
32, 143, 187296699
32, 44, 5288592474
32, 60, 5918692589
32, 92, 9606199271
32, 240, 2524477053
32, 29, 7164882940
32, 234, 2572106908
32, 154, 10806926684
32, 141, 1260544789
32, 112, 6030986341
32, 6, 574606161
32, 140, 6038081736
32, 4, 3686205674
32, 133, 1499316792
32, 47, 4510941298
32, 114, 2140781631
32, 69, 3952912345
32, 111, 19040521292
32, 204, 8747138676
32, 101, 2537846124
32, 201, 10248582002
32, 89, 9524193138
32, 100, 4687812369
32, 87, 14129416900
32, 169, 2937185592
32, 79, 16794979414
32, 46, 16316973586
32, 145, 2577512414
32, 9, 1193917486
32, 218, 16458928465
32, 155, 8134745377
32, 84, 8596472978
32, 27, 9097402639
32, 230, 4928250035
32, 35, 6006783606
32, 175, 3752456669
32, 120, 4595367
32, 86, 3301682567
32, 237, 63685946
32, 16, 268854409
32, 221, 1118908932
32, 106, 5843691739
32, 200, 5600191749
32, 134, 18790440198
32, 187, 31486394241
32, 10, 6316671591
32, 50, 5766114125
32, 82, 6552759897
32, 213, 10015845366
32, 98, 19663044653
32, 20, 10322244060
32, 137, 6721202014
32, 24, 33956946516
32, 227, 46488864
32, 202, 4635835
32, 205, 3985420555
32, 23, 7343396504
32, 192, 2793643654
32, 197, 23178976877
32, 73, 536113564
32, 219, 23931298682
32, 157, 3782084584
32, 14, 2891125676
32, 164, 13280251111
32, 45, 7906399359
32, 56, 8784864875
32, 15, 3032808163
32, 236, 7607668
32, 115, 19283976
32, 33, 4016409550
32, 103, 6401611087
32, 75, 6170224597
32, 142, 26642695
32, 159, 15686411668
32, 1, 22981673917
32, 172, 1113613802
32, 37, 1881831799
32, 55, 30974098
32, 238, 40292883865
32, 38, 4333884922
32, 59, 7172939529
32, 13, 23853412863
32, 116, 1705534216
32, 96, 6923799519
32, 30, 6208500125
32, 135, 5796980366
32, 191, 35288987480
32, 229, 5319842854
32, 190, 5509848804
32, 185, 3267614506
32, 11, 2051220512
32, 166, 518355947
32, 128, 7737580
32, 243, 25325639960
32, 131, 595435662
32, 196, 4026663393
32, 0, 17112137568
32, 122, 5062267358
32, 67, 36712554655
32, 91, 7471660118
32, 211, 1344757799
32, 189, 1127770778
32, 214, 3693826938
32, 88, 1349435211
32, 138, 1968737560
32, 31, 401723138
32, 209, 750907122
32, 52, 3153673085
32, 12, 57026909
32, 117, 822496662
32, 127, 3505768659
32, 220, 263678888
32, 225, 4383634681
32, 51, 1602803018
32, 81, 15561784
32, 109, 2183179545
32, 17, 15679624727
32, 224, 4079190
32, 42, 5447093760
32, 65, 262584013
32, 83, 7219732597
32, 28, 4340168054
32, 215, 3275974100
32, 147, 2371000633
32, 32, 20312312035
32, 64, 1121432617
32, 48, 14463487210
32, 160, 21685460
32, 150, 3754267139
32, 156, 1560440695
32, 2, 237227709
32, 163, 8597457221
32, 126, 9256289979
32, 93, 21887466434
32, 168, 12013235330
32, 242, 833754830
32, 90, 2697518787
33, 7, 37297728
33, 12, 82164
33, 2, 37032461
33, 5, 1012625757
33, 1, 100192311
33, 8, 14671747
33, 10, 103425154
33, 3, 22176912
33, 0, 97110772
33, 11, 43157569
33, 4, 269410675
33, 6, 7997388
33, 9, 539581684
34, 1, 3037486162
34, 48, 1949604331
34, 81, 4438089513
34, 49, 1437849453
34, 18, 294372858
34, 87, 397357047
34, 34, 1322648192
34, 37, 1341863300
34, 64, 1525277845
34, 19, 1769046110
34, 21, 450917092
34, 38, 821356397
34, 2, 482983920
34, 92, 1508384965
34, 28, 2025999030
34, 17, 6632956845
34, 53, 9540517128
34, 77, 5505123
34, 8, 1532070964
34, 84, 197267307
34, 65, 5917207
34, 5, 462277718
34, 29, 1679461321
34, 86, 713562169
34, 98, 39213812
34, 4, 3282098624
34, 22, 466530273
34, 36, 4645256087
34, 10, 6806395
34, 11, 1732730180
34, 27, 245790747
34, 41, 924879303
34, 45, 49906635
34, 0, 3113896115
34, 14, 1516174641
34, 99, 3302789045
34, 20, 423952482
34, 30, 1565704920
34, 67, 1517023892
34, 15, 1333554343
34, 43, 11329445167
34, 40, 16551063271
34, 32, 12164412474
34, 23, 4352692
34, 85, 88168172
34, 55, 1182478914
34, 9, 2875704314
34, 6, 1526433758
34, 58, 492459830
34, 102, 1410129400
34, 101, 1728634605
34, 60, 293717039
34, 76, 20717994
34, 56, 191954132
34, 52, 7101288
34, 97, 106397909
34, 57, 1104141180
34, 68, 1240596366
34, 42, 5191208264
34, 63, 2356378276
34, 73, 114573411
34, 79, 368294720
34, 62, 2709588578
34, 78, 1646371487
34, 82, 3850493460
34, 100, 4686432853
34, 94, 1230878993
34, 93, 2117637570
34, 51, 1886755174
34, 75, 2486503773
34, 72, 490080577
34, 39, 2407333457
34, 66, 6885556720
34, 91, 1424673084
34, 59, 1278114256
34, 16, 414601864
34, 12, 1538667760
34, 3, 3654118597
34, 71, 13366201130
34, 26, 509214792
34, 89, 2628208073
34, 83, 5065610
34, 33, 16367272513
34, 70, 11316502605
34, 54, 157838509
34, 69, 2573576274
34, 74, 1757836125
34, 25, 16475679675
34, 35, 829156137
34, 80, 2970956710
34, 47, 15929178458
34, 88, 5638000366
34, 96, 9339077357
34, 31, 367131488
34, 61, 522521246
34, 46, 235966801
34, 50, 840913207
34, 95, 2331741703
34, 13, 466986526
34, 44, 1000888023
34, 90, 3595800147
34, 24, 1538408236
34, 7, 151540169