Netid, Fid, SFA_FIFO
1, 7, 5350206
1, 12, 1204445
1, 10, 5484951
1, 4, 3388390
1, 15, 71175
1, 1, 463225
1, 2, 64512
1, 16, 3711691
1, 5, 2088815
1, 11, 3448835
1, 6, 232610
1, 14, 4471888
1, 9, 4116376
1, 13, 628718
1, 3, 2097933
1, 8, 343298
1, 0, 93366
2, 23, 3617313
2, 15, 10449679
2, 2, 3704137
2, 24, 2091491
2, 8, 1029124
2, 29, 1612206
2, 25, 2200718
2, 30, 907585
2, 32, 2943310
2, 3, 4095447
2, 1, 467573
2, 9, 1771085
2, 10, 965665
2, 14, 2726300
2, 18, 925999
2, 6, 1134463
2, 27, 150334
2, 7, 745788
2, 21, 1539689
2, 28, 540260
2, 20, 3921959
2, 11, 570648
2, 19, 811643
2, 22, 2210065
2, 26, 1901422
2, 12, 1987174
2, 4, 1783910
2, 31, 961817
2, 5, 307330
2, 13, 636622
2, 16, 545661
2, 0, 2417978
2, 17, 771187
3, 6, 67664190
3, 82, 128459019
3, 64, 247659616
3, 201, 9981113
3, 206, 41363454
3, 13, 9085983
3, 61, 127284097
3, 123, 290583098
3, 63, 129856988
3, 127, 432387
3, 133, 95446086
3, 43, 13778378
3, 103, 5197759
3, 227, 149807414
3, 56, 5223727
3, 172, 244662
3, 174, 42186901
3, 187, 8022685
3, 159, 13292770
3, 76, 1739586
3, 178, 13996478
3, 101, 6245568
3, 119, 40308803
3, 31, 1233961
3, 54, 60097484
3, 165, 42861
3, 91, 20990382
3, 167, 42822151
3, 9, 37164714
3, 205, 5988713
3, 152, 537806
3, 32, 11577969
3, 217, 41423769
3, 5, 306353128
3, 14, 35308667
3, 49, 178598
3, 7, 27482
3, 60, 11737673
3, 153, 389375
3, 45, 50283756
3, 166, 10647952
3, 24, 23380757
3, 138, 192478988
3, 139, 190391033
3, 75, 34613848
3, 134, 287912001
3, 53, 223742
3, 112, 24987622
3, 86, 188139018
3, 196, 29426
3, 145, 10280439
3, 17, 549426
3, 105, 532234
3, 218, 1759146
3, 175, 96610273
3, 113, 63674660
3, 19, 13116556
3, 99, 37790967
3, 120, 180896046
3, 38, 130806610
3, 192, 11810236
3, 16, 45534989
3, 157, 12650033
3, 169, 142436771
3, 78, 13355761
3, 170, 6805508
3, 213, 12816870
3, 148, 10863651
3, 222, 37301777
3, 15, 24669545
3, 117, 38645448
3, 179, 20794110
3, 203, 10016641
3, 220, 7351899
3, 212, 38539491
3, 77, 950081
3, 97, 189454871
3, 2, 224105
3, 68, 50836638
3, 72, 1650350
3, 225, 10876545
3, 151, 7599569
3, 10, 10875091
3, 198, 1086394
3, 194, 13182893
3, 37, 625690
3, 229, 7710135
3, 71, 302621
3, 87, 188662546
3, 27, 7738538
3, 176, 189406325
3, 214, 10024285
3, 208, 189023115
3, 41, 24507790
3, 108, 5749269
3, 94, 188889166
3, 23, 4976626
3, 128, 11738875
3, 161, 63834874
3, 1, 36612463
3, 95, 288973950
3, 100, 461405
3, 149, 189015272
3, 107, 123993971
3, 146, 188791558
3, 211, 81000
3, 90, 34466678
3, 228, 24725446
3, 73, 51848677
3, 40, 29434
3, 39, 41083628
3, 215, 36439025
3, 163, 104163
3, 109, 23513430
3, 81, 40156689
3, 20, 96833882
3, 207, 4276751
3, 224, 6044548
3, 18, 90721437
3, 219, 40078339
3, 50, 293082390
3, 28, 10722082
3, 137, 38462483
3, 8, 7635999
3, 121, 39921316
3, 84, 683448
3, 183, 19822138
3, 88, 23311045
3, 11, 14022573
3, 106, 39644775
3, 74, 6313598
3, 102, 34577237
3, 171, 198327
3, 57, 297468250
3, 193, 145118335
3, 98, 303093051
3, 136, 290319975
3, 144, 4622211
3, 110, 46979712
3, 216, 3437284
3, 21, 43631
3, 25, 4241195
3, 58, 11472384
3, 209, 11643012
3, 44, 13815852
3, 226, 1211006
3, 35, 43010
3, 12, 1733584
3, 189, 5890673
3, 51, 5042152
3, 177, 449003
3, 26, 137355483
3, 0, 4262574
3, 143, 11782992
3, 122, 41523258
3, 190, 7625662
3, 158, 338538
3, 3, 34200076
3, 34, 1174668
3, 92, 35344079
3, 89, 5955895
3, 150, 34483582
3, 185, 298379718
3, 160, 12700804
3, 22, 95414714
3, 48, 286887644
3, 47, 13884189
3, 59, 5930570
3, 42, 287246024
3, 126, 10754527
3, 141, 24598973
3, 129, 11751907
3, 33, 24096902
3, 184, 99019199
3, 52, 289198034
3, 70, 45939333
3, 67, 4508593
3, 29, 40341201
3, 199, 7773357
3, 125, 3969592
3, 118, 1286366
3, 104, 14644853
3, 132, 180407851
3, 131, 307103389
3, 168, 61113283
3, 79, 24297458
3, 4, 24097677
3, 69, 10348574
3, 195, 985458
3, 36, 12205108
3, 173, 13127491
3, 30, 46793012
3, 130, 41240193
3, 164, 13123373
3, 115, 37768103
3, 156, 11525296
3, 197, 96392030
3, 66, 34058111
3, 186, 7673242
3, 80, 12678195
3, 85, 90831106
3, 116, 12617643
3, 154, 5939135
3, 202, 12816383
3, 180, 35097078
3, 204, 190968961
3, 142, 11951269
3, 55, 14222622
3, 210, 34518811
3, 135, 290131846
3, 111, 240198103
3, 83, 144838917
3, 191, 192150246
3, 114, 1201529
3, 62, 19867
3, 200, 284867205
3, 147, 294045
3, 46, 4616684
3, 96, 137614903
3, 124, 13238318
3, 140, 95297
3, 182, 4131445
3, 188, 129328231
3, 181, 291199522
3, 223, 495890
3, 162, 289419819
3, 93, 4242481
3, 155, 28007819
3, 221, 10267949
3, 65, 287366435
5, 12, 102390
5, 11, 127146
5, 1, 77614
5, 5, 492454
5, 9, 50384
5, 7, 71793
5, 6, 60072
5, 14, 8976
5, 3, 45845
5, 8, 468068
5, 4, 81110
5, 2, 96078
5, 10, 41757
5, 0, 34905
5, 15, 57447
5, 13, 271344
5, 16, 86862
6, 18, 387228
6, 15, 189742
6, 12, 379504
6, 16, 1442526
6, 2, 142935
6, 23, 883649
6, 19, 665685
6, 1, 222223
6, 9, 23274
6, 17, 310305
6, 21, 468830
6, 7, 1230423
6, 5, 600394
6, 11, 367773
6, 13, 228965
6, 6, 90268
6, 24, 461717
6, 26, 309865
6, 20, 358936
6, 22, 753278
6, 8, 66704
6, 4, 146903
6, 3, 308943
6, 14, 1467302
6, 25, 891834
6, 0, 1486548
6, 10, 1488872
7, 1, 43721
7, 0, 58759
7, 3, 22532
7, 2, 49783
8, 192, 13941203
8, 177, 54755983
8, 155, 4968677
8, 140, 225952833
8, 29, 25562412
8, 229, 6406355
8, 169, 1854891
8, 160, 82597223
8, 143, 17024372
8, 207, 18189696
8, 99, 19619831
8, 70, 9437581
8, 14, 17075889
8, 28, 34044974
8, 147, 4893089
8, 175, 13963616
8, 9, 221430649
8, 118, 7519382
8, 247, 224795532
8, 75, 20562721
8, 36, 52157808
8, 25, 88975
8, 179, 1873756
8, 56, 19540573
8, 172, 637994
8, 107, 14152547
8, 144, 14192742
8, 235, 29775693
8, 114, 7284023
8, 127, 36379614
8, 83, 36600606
8, 66, 66733740
8, 58, 17289708
8, 103, 2538630
8, 245, 37527274
8, 60, 868331
8, 150, 16577026
8, 174, 53885824
8, 24, 36591430
8, 194, 12034970
8, 270, 25612952
8, 162, 6203240
8, 267, 35059610
8, 110, 223006200
8, 224, 62314910
8, 168, 9870283
8, 228, 45215603
8, 163, 36748093
8, 238, 35898936
8, 240, 7816854
8, 275, 16097258
8, 139, 222452703
8, 145, 35274408
8, 182, 15424379
8, 116, 101452065
8, 151, 18363812
8, 237, 34190848
8, 54, 45527754
8, 217, 15090801
8, 278, 66554243
8, 183, 45314533
8, 252, 228924646
8, 187, 224810924
8, 37, 16498703
8, 123, 302852
8, 124, 16676384
8, 92, 96329
8, 166, 72613467
8, 19, 50155124
8, 102, 529372
8, 115, 5018072
8, 31, 225275677
8, 81, 39058154
8, 272, 41770541
8, 128, 84018058
8, 157, 17234081
8, 246, 18553881
8, 62, 32503695
8, 52, 41875065
8, 264, 87276745
8, 234, 33440153
8, 27, 8311233
8, 233, 5040093
8, 63, 7743369
8, 276, 3304121
8, 129, 32411293
8, 196, 82553
8, 134, 26708402
8, 40, 95547
8, 211, 17221767
8, 16, 17202262
8, 149, 36204332
8, 82, 34862552
8, 46, 3621972
8, 104, 9905461
8, 206, 33655162
8, 78, 26669090
8, 242, 108901872
8, 195, 16719316
8, 142, 5918713
8, 130, 41806869
8, 91, 68867535
8, 231, 215826038
8, 199, 5778985
8, 219, 225980336
8, 268, 9876158
8, 173, 12898456
8, 13, 9477117
8, 88, 12803871
8, 262, 6328524
8, 86, 211941354
8, 120, 6561065
8, 274, 69432571
8, 105, 34276711
8, 44, 16554039
8, 51, 227853293
8, 190, 36175093
8, 167, 19123018
8, 159, 5226930
8, 255, 21042062
8, 161, 26620113
8, 277, 101592624
8, 239, 223451991
8, 21, 4730890
8, 126, 36987084
8, 273, 41773817
8, 48, 32197856
8, 39, 4851142
8, 59, 32419789
8, 49, 118821
8, 57, 19044274
8, 53, 27776720
8, 261, 2558318
8, 181, 6990052
8, 26, 17473699
8, 125, 107342686
8, 50, 32197946
8, 210, 223214461
8, 203, 33260939
8, 106, 12786171
8, 38, 14845543
8, 109, 70607929
8, 108, 67597230
8, 79, 55904
8, 260, 4686609
8, 152, 35146421
8, 47, 862420
8, 4, 1233169
8, 8, 72651341
8, 250, 14757028
8, 5, 48697723
8, 198, 203207
8, 135, 4073821
8, 201, 78960312
8, 32, 35091219
8, 165, 3380805
8, 67, 74353510
8, 132, 224600299
8, 223, 106340337
8, 113, 4096884
8, 77, 15860
8, 197, 9508337
8, 191, 232422
8, 30, 28620029
8, 222, 211832967
8, 202, 223021405
8, 42, 9549994
8, 0, 12031853
8, 220, 19329539
8, 6, 16673647
8, 111, 10195865
8, 209, 106003796
8, 215, 5231611
8, 122, 12832570
8, 214, 18422112
8, 136, 6797226
8, 74, 1884488
8, 84, 5050986
8, 263, 18421613
8, 137, 45046291
8, 271, 12011626
8, 117, 33512693
8, 23, 218792726
8, 43, 87191337
8, 34, 36849922
8, 12, 80036145
8, 253, 19029473
8, 213, 17655923
8, 148, 5165129
8, 131, 18419431
8, 89, 7449447
8, 15, 36604496
8, 221, 168904
8, 256, 15873034
8, 180, 73421878
8, 257, 183362574
8, 184, 83808699
8, 101, 214408
8, 188, 6777681
8, 241, 18601620
8, 133, 106231489
8, 90, 5229017
8, 218, 40893097
8, 93, 6399701
8, 171, 45451859
8, 1, 16896092
8, 55, 219126964
8, 269, 5798655
8, 45, 9091226
8, 189, 19072866
8, 121, 75330
8, 251, 96559
8, 18, 230060382
8, 20, 54602231
8, 193, 33606825
8, 3, 24496
8, 72, 4500936
8, 205, 65519117
8, 208, 27747969
8, 119, 17345319
8, 227, 82994817
8, 87, 17037077
8, 158, 227913156
8, 41, 26339555
8, 138, 74289235
8, 176, 12022599
8, 68, 14851628
8, 212, 26328896
8, 141, 3370928
8, 153, 45392357
8, 204, 106836357
8, 244, 32420148
8, 154, 104284800
8, 98, 25735066
8, 236, 3765621
8, 265, 3360748
8, 100, 34536316
8, 69, 5225932
8, 258, 110539422
8, 17, 15148
8, 80, 39181649
8, 156, 70721211
8, 65, 2530237
8, 200, 6298934
8, 248, 69325149
8, 22, 53583467
8, 73, 9539660
8, 185, 32597586
8, 230, 70393753
8, 95, 12727679
8, 249, 101815187
8, 61, 5724877
8, 94, 18732677
8, 146, 14785409
8, 33, 53339705
8, 232, 7644322
8, 71, 35260182
8, 64, 230123242
8, 7, 7744909
8, 85, 69572076
8, 10, 6443572
8, 112, 28662565
8, 186, 100743909
8, 243, 15756843
8, 96, 12693807
8, 216, 35305978
8, 266, 14227205
8, 76, 34313666
8, 170, 109705097
8, 178, 84146
8, 164, 293054
8, 2, 259682
8, 11, 104839192
8, 35, 1882624
8, 226, 25867866
8, 259, 1068934
8, 254, 36434483
8, 97, 19288882
8, 225, 52698
9, 33, 9530362
9, 39, 975831
9, 9, 6125963
9, 21, 414059
9, 17, 109403
9, 19, 13375
9, 11, 728403
9, 18, 4308569
9, 8, 3563295
9, 42, 11641895
9, 5, 1943629
9, 29, 1104881
9, 35, 5543783
9, 7, 267216
9, 38, 1266662
9, 13, 11664965
9, 36, 528611
9, 37, 327948
9, 3, 237320
9, 31, 411134
9, 15, 1248889
9, 20, 225348
9, 43, 8555344
9, 28, 1843512
9, 32, 3493035
9, 12, 9620884
9, 46, 1048717
9, 6, 155428
9, 40, 3535615
9, 16, 108712
9, 44, 40625
9, 1, 107139
9, 41, 4508851
9, 14, 1883427
9, 27, 2230822
9, 45, 9253732
9, 23, 222433
9, 24, 1815009
9, 30, 943422
9, 4, 2738264
9, 25, 552035
9, 26, 231620
9, 2, 8405
9, 34, 507342
9, 0, 4539178
9, 22, 2740528
9, 10, 1230765
10, 2, 5592724
10, 269, 24631684
10, 408, 10512848
10, 180, 1162840
10, 117, 20023968
10, 293, 49413005
10, 141, 8208342
10, 125, 556538079
10, 288, 554417724
10, 259, 6669064
10, 18, 10801165
10, 49, 9128550
10, 171, 27048863
10, 360, 19136
10, 236, 530678045
10, 427, 55027665
10, 38, 52503039
10, 97, 49195759
10, 307, 7205971
10, 52, 49013895
10, 300, 24222430
10, 96, 1733439
10, 57, 10150147
10, 29, 7428354
10, 201, 9728846
10, 424, 12033285
10, 261, 28007898
10, 93, 37956192
10, 243, 49295787
10, 330, 14566880
10, 385, 298324
10, 77, 8476760
10, 122, 36996940
10, 392, 42746386
10, 378, 46620200
10, 381, 174597253
10, 17, 9440420
10, 253, 269506471
10, 152, 9514147
10, 404, 233430933
10, 398, 38248709
10, 66, 47369607
10, 5, 21641408
10, 14, 114709309
10, 53, 11153393
10, 186, 240003503
10, 310, 88595886
10, 225, 41298092
10, 359, 47311498
10, 138, 12193153
10, 229, 112886143
10, 247, 73110418
10, 262, 57806201
10, 202, 551636597
10, 415, 111170279
10, 374, 49726109
10, 55, 530272990
10, 436, 45956672
10, 237, 114980458
10, 302, 39391729
10, 148, 48129539
10, 34, 103316375
10, 81, 45824998
10, 156, 832997
10, 442, 38461863
10, 441, 364187
10, 60, 6987598
10, 263, 47489441
10, 391, 21798174
10, 56, 51751075
10, 189, 11962096
10, 211, 108439229
10, 28, 20649120
10, 218, 48516548
10, 99, 11352596
10, 411, 261032913
10, 292, 27300707
10, 203, 43771500
10, 409, 23702293
10, 150, 41732331
10, 166, 21560867
10, 143, 2831710
10, 331, 22773699
10, 256, 11794066
10, 115, 547913257
10, 127, 50347208
10, 301, 261180528
10, 210, 53264287
10, 375, 24792091
10, 316, 102166441
10, 382, 43737500
10, 342, 276233
10, 144, 1700348
10, 335, 262004849
10, 377, 10217298
10, 15, 105967271
10, 207, 28150860
10, 320, 538009177
10, 196, 27692770
10, 1, 110215606
10, 329, 9419207
10, 345, 24159499
10, 396, 178642153
10, 131, 24576111
10, 254, 63593842
10, 425, 11771426
10, 400, 24278660
10, 333, 49823094
10, 406, 1227771
10, 3, 109840700
10, 321, 107461941
10, 258, 7497428
10, 173, 1280719
10, 23, 73675256
10, 135, 49285158
10, 215, 105259160
10, 289, 7562379
10, 217, 41323928
10, 328, 114857862
10, 277, 41932026
10, 158, 379405
10, 133, 75091607
10, 129, 45845007
10, 168, 18753438
10, 160, 7233328
10, 275, 50417871
10, 164, 3566355
10, 48, 52545343
10, 87, 28268274
10, 352, 9945496
10, 419, 20417380
10, 327, 19110783
10, 336, 76768892
10, 192, 39519319
10, 287, 567319750
10, 226, 27757027
10, 356, 7526753
10, 264, 50494639
10, 312, 10607107
10, 249, 18194521
10, 343, 24061191
10, 372, 50238604
10, 174, 7706116
10, 82, 95265524
10, 407, 100682179
10, 9, 22578539
10, 36, 347165
10, 393, 51944999
10, 337, 6958980
10, 432, 23669456
10, 62, 8777607
10, 306, 233630556
10, 338, 24637233
10, 228, 21789753
10, 255, 117957706
10, 0, 99289461
10, 295, 22324235
10, 311, 238868919
10, 213, 42437028
10, 137, 7676804
10, 169, 123057663
10, 44, 98099011
10, 268, 9195796
10, 349, 171916916
10, 110, 241972730
10, 79, 22621310
10, 250, 460195
10, 232, 10668943
10, 70, 11510666
10, 130, 11828527
10, 40, 106869226
10, 421, 98050771
10, 13, 21660
10, 270, 47741366
10, 76, 26750202
10, 118, 9362456
10, 188, 6975822
10, 223, 117354009
10, 107, 4473142
10, 157, 12092059
10, 151, 103411733
10, 395, 40959488
10, 177, 10921753
10, 325, 555555365
10, 69, 41055225
10, 194, 103130151
10, 305, 14654621
10, 318, 31926186
10, 108, 11890886
10, 209, 8171545
10, 420, 39641313
10, 281, 555924009
10, 126, 47580386
10, 24, 43356597
10, 358, 40599093
10, 22, 41620801
10, 423, 22607260
10, 308, 7202674
10, 50, 57153775
10, 120, 13826202
10, 90, 8764918
10, 401, 562042804
10, 389, 48605847
10, 440, 90438366
10, 429, 39710505
10, 313, 3667135
10, 199, 12649116
10, 20, 6872261
10, 354, 14137422
10, 284, 21337141
10, 273, 16160
10, 220, 566825784
10, 439, 3869932
10, 78, 126889629
10, 416, 9425706
10, 431, 15221488
10, 248, 28301758
10, 260, 6887891
10, 165, 12601730
10, 155, 39685745
10, 167, 23227936
10, 147, 11230882
10, 405, 44122270
10, 140, 59614720
10, 283, 128566275
10, 113, 77293
10, 6, 13818230
10, 350, 23979004
10, 280, 12280513
10, 112, 23194715
10, 170, 268701630
10, 197, 55054511
10, 369, 3148091
10, 238, 23376067
10, 363, 19117120
10, 326, 225502609
10, 355, 12144662
10, 351, 42000451
10, 45, 9982643
10, 315, 3294664
10, 267, 53351967
10, 114, 49183391
10, 298, 558207295
10, 51, 10289704
10, 361, 70220477
10, 195, 7822830
10, 418, 14618
10, 95, 22445067
10, 271, 27061298
10, 434, 1901434
10, 154, 48136700
10, 183, 24768948
10, 191, 9411733
10, 32, 4472683
10, 88, 8885706
10, 204, 40715617
10, 332, 560052396
10, 290, 4431527
10, 121, 546162300
10, 178, 126378840
10, 252, 125030382
10, 30, 1244113
10, 296, 19428193
10, 27, 55318925
10, 184, 555484710
10, 412, 35960646
10, 46, 3660244
10, 200, 49595722
10, 92, 10670937
10, 246, 54932863
10, 172, 40871686
10, 104, 41198484
10, 10, 103425054
10, 205, 40573309
10, 233, 15108
10, 198, 42625807
10, 309, 253307076
10, 146, 40632925
10, 367, 42578061
10, 394, 837276
10, 63, 18399014
10, 366, 21405051
10, 379, 70110
10, 149, 16731
10, 26, 121386024
10, 182, 38367274
10, 142, 20247600
10, 251, 22475202
10, 282, 121380133
10, 334, 343328
10, 402, 52266271
10, 227, 49682779
10, 102, 13332566
10, 304, 4232308
10, 65, 13750641
10, 231, 54563404
10, 25, 43123054
10, 101, 11574887
10, 303, 3709575
10, 376, 46781466
10, 297, 3660685
10, 98, 47358420
10, 162, 143436115
10, 73, 262376620
10, 323, 116687
10, 368, 125797809
10, 437, 4444544
10, 397, 122687917
10, 74, 118873877
10, 31, 297569310
10, 370, 57686469
10, 347, 118913683
10, 161, 109742703
10, 75, 253345457
10, 339, 48385798
10, 314, 42487613
10, 35, 90103419
10, 124, 239015165
10, 47, 532979184
10, 106, 20132432
10, 206, 21069215
10, 274, 107899016
10, 317, 12205584
10, 41, 35856378
10, 64, 10089629
10, 85, 23493561
10, 89, 18402616
10, 235, 48662517
10, 67, 43516030
10, 54, 8626189
10, 422, 72665466
10, 80, 113644606
10, 12, 529679685
10, 324, 47771195
10, 43, 10258955
10, 216, 52081961
10, 123, 11386743
10, 59, 25243577
10, 286, 50467669
10, 319, 244015287
10, 357, 9213704
10, 187, 43648964
10, 91, 48370576
10, 257, 48728782
10, 417, 50399706
10, 384, 47726899
10, 294, 4885955
10, 362, 21943334
10, 176, 21519376
10, 386, 104145598
10, 179, 4773576
10, 219, 15225262
10, 159, 106026465
10, 42, 122611666
10, 4, 20994479
10, 380, 7246706
10, 132, 261409069
10, 153, 43705604
10, 193, 14111933
10, 413, 10054868
10, 8, 40811162
10, 234, 11479516
10, 103, 241442577
10, 19, 9915509
10, 222, 7276021
10, 86, 25782695
10, 245, 99421795
10, 190, 36440635
10, 221, 2138316
10, 341, 172881231
10, 371, 18061528
10, 214, 40870201
10, 230, 22420082
10, 353, 24980693
10, 37, 72779101
10, 139, 22061
10, 278, 48556296
10, 68, 8279686
10, 105, 21464767
10, 365, 21936172
10, 291, 42786007
10, 348, 8376028
10, 373, 549666926
10, 208, 23585492
10, 241, 108039422
10, 390, 8167720
10, 435, 460757
10, 299, 13047374
10, 16, 531498727
10, 185, 554840083
10, 175, 22447698
10, 272, 262906688
10, 100, 19268667
10, 428, 73474085
10, 430, 253528369
10, 426, 119294746
10, 279, 14094315
10, 128, 523056627
10, 58, 22702646
10, 84, 82635644
10, 383, 47671841
10, 111, 9206054
10, 276, 22747792
10, 414, 48043761
10, 433, 8979864
10, 244, 117709480
10, 344, 47812132
10, 116, 21902829
10, 163, 559710696
10, 83, 47899988
10, 212, 39414886
10, 21, 9189783
10, 136, 52000277
10, 403, 122985367
10, 346, 11193943
10, 239, 123968044
10, 72, 6643718
10, 33, 48559526
10, 410, 10275664
10, 265, 52307
10, 388, 984251
10, 242, 6880279
10, 119, 45671945
10, 181, 22987799
10, 94, 48770468
10, 109, 41877176
10, 11, 4325507
10, 240, 51954551
10, 134, 108600618
10, 322, 48153832
10, 266, 118960816
10, 387, 38621955
10, 224, 11812393
10, 438, 25753027
10, 399, 11594298
10, 340, 10969485
10, 61, 22610181
10, 71, 48829493
10, 145, 105613722
10, 7, 43950887
10, 39, 8153748
10, 364, 12682883
10, 285, 262116562
11, 4, 53510
11, 8, 15639
11, 5, 51085
11, 1, 48801
11, 2, 9949
11, 3, 47087
11, 0, 35196
11, 6, 17573
11, 7, 46336
12, 41, 3227905
12, 104, 27015775
12, 71, 747260
12, 35, 11808858
12, 60, 2155870
12, 158, 5245156
12, 91, 7954438
12, 113, 1249585
12, 54, 15256640
12, 47, 655920
12, 193, 2839892
12, 191, 6017694
12, 73, 3940441
12, 169, 30783683
12, 10, 3078277
12, 152, 26532024
12, 117, 14656043
12, 5, 11977941
12, 121, 5951651
12, 78, 14359512
12, 17, 29779376
12, 22, 2442905
12, 24, 13339664
12, 101, 10011364
12, 112, 6313042
12, 28, 68908
12, 153, 968862
12, 16, 26686142
12, 190, 2299917
12, 141, 6481508
12, 23, 12628120
12, 70, 3343399
12, 156, 26273105
12, 58, 6798347
12, 125, 38582
12, 19, 20364104
12, 90, 6992619
12, 109, 20197975
12, 92, 7516133
12, 18, 16091884
12, 159, 3434319
12, 165, 30435510
12, 94, 2664226
12, 26, 5950570
12, 1, 3768030
12, 96, 14950032
12, 178, 2986186
12, 4, 15486680
12, 135, 5089147
12, 59, 13505
12, 180, 3915454
12, 130, 14519792
12, 34, 3171370
12, 57, 3476366
12, 116, 78055
12, 114, 992716
12, 184, 12652677
12, 174, 15125448
12, 182, 28192096
12, 40, 13642109
12, 154, 30014787
12, 69, 3355913
12, 108, 16658959
12, 74, 3262649
12, 107, 2792886
12, 119, 188481
12, 123, 3298225
12, 84, 2642385
12, 30, 682800
12, 21, 15088
12, 80, 7334785
12, 42, 12754187
12, 103, 1395756
12, 62, 3654448
12, 176, 6219992
12, 0, 11973554
12, 86, 20256553
12, 100, 20256584
12, 138, 13593779
12, 168, 3382392
12, 118, 20304531
12, 127, 2557929
12, 185, 30007163
12, 129, 2730229
12, 132, 3254454
12, 145, 970205
12, 38, 11890570
12, 166, 5814848
12, 140, 446561
12, 95, 3490504
12, 111, 14994685
12, 151, 24936327
12, 85, 3297093
12, 131, 3628860
12, 150, 12731234
12, 124, 1379707
12, 167, 25498316
12, 189, 1610786
12, 64, 2304427
12, 6, 3988180
12, 63, 6001515
12, 81, 26213736
12, 65, 3371482
12, 157, 15014582
12, 56, 23734732
12, 52, 7704974
12, 68, 3687881
12, 115, 3493669
12, 39, 3307292
12, 2, 2437264
12, 192, 15535572
12, 15, 7902622
12, 76, 3119413
12, 172, 13575
12, 106, 3315969
12, 45, 12936557
12, 89, 216182
12, 187, 14577238
12, 25, 14464619
12, 173, 23721758
12, 33, 3479042
12, 66, 5943637
12, 144, 5207968
12, 93, 13232707
12, 53, 20184299
12, 160, 3146413
12, 9, 2498118
12, 27, 29570361
12, 37, 5993891
12, 11, 3991486
12, 163, 23690700
12, 82, 29675015
12, 32, 14107
12, 43, 20188838
12, 146, 3928368
12, 31, 3476868
12, 44, 6966470
12, 99, 27925332
12, 162, 443635
12, 67, 3575381
12, 3, 28367827
12, 8, 2576524
12, 137, 5979934
12, 105, 72094
12, 20, 7686129
12, 12, 26781234
12, 164, 26674044
12, 61, 2957652
12, 136, 6794420
12, 161, 30419123
12, 87, 13148581
12, 181, 2376591
12, 97, 6277520
12, 77, 23760273
12, 110, 481205
12, 102, 508586
12, 55, 4088866
12, 75, 29683252
12, 188, 6389467
12, 48, 20321616
12, 186, 5992369
12, 142, 20315946
12, 171, 248382
12, 88, 4007215
12, 98, 417778
12, 72, 6468584
12, 13, 12576528
12, 148, 1366813
12, 175, 6949969
12, 50, 1645942
12, 14, 20163983
12, 36, 3591341
12, 120, 12132
12, 126, 2894414
12, 122, 7308908
12, 170, 15278332
12, 7, 3511134
12, 155, 231751
12, 134, 6474996
12, 139, 1920623
12, 147, 3038733
12, 179, 3929580
12, 133, 2875760
12, 29, 5194254
12, 177, 2427756
12, 49, 1656131
12, 143, 11859693
12, 149, 987076
12, 83, 30016404
12, 194, 14006
12, 51, 2337759
12, 128, 14624778
12, 46, 15239421
12, 79, 7425124
12, 183, 3310710
13, 96, 89756614
13, 78, 5319205
13, 168, 3555464
13, 34, 5217728
13, 196, 12711948
13, 69, 44948122
13, 42, 11331261
13, 225, 2786884
13, 88, 91270200
13, 189, 13568643
13, 151, 7777740
13, 95, 11535600
13, 56, 89125629
13, 246, 15879
13, 38, 3095008
13, 215, 11993703
13, 126, 51982810
13, 226, 15157289
13, 182, 3343089
13, 103, 47194152
13, 70, 21042750
13, 197, 26786527
13, 44, 25336118
13, 209, 101570473
13, 139, 20986085
13, 115, 49116701
13, 172, 87033507
13, 93, 281444
13, 220, 12705920
13, 48, 87777280
13, 64, 86375501
13, 23, 183291
13, 207, 21100548
13, 16, 41605438
13, 63, 24777188
13, 67, 6634463
13, 107, 520479
13, 150, 30545491
13, 165, 17628197
13, 180, 42636636
13, 181, 843439
13, 205, 42910655
13, 127, 21227785
13, 26, 86915315
13, 112, 21682311
13, 13, 75961
13, 191, 2167292
13, 184, 41768
13, 33, 49594691
13, 116, 39477829
13, 198, 14597
13, 243, 3216875
13, 12, 7808578
13, 8, 36350825
13, 86, 18559822
13, 2, 2206606
13, 174, 39377416
13, 201, 3220782
13, 176, 39281407
13, 140, 89079511
13, 9, 11670554
13, 244, 87490715
13, 187, 7191390
13, 128, 26786369
13, 51, 504990
13, 183, 3682832
13, 45, 146794056
13, 157, 3530980
13, 62, 100475214
13, 131, 26888309
13, 11, 7668187
13, 85, 5348822
13, 216, 53413020
13, 47, 7529831
13, 25, 42627292
13, 188, 14927
13, 43, 46940297
13, 227, 100327379
13, 132, 8934944
13, 250, 12783155
13, 74, 11242077
13, 222, 421615
13, 230, 40630236
13, 167, 49020529
13, 152, 90109527
13, 203, 3173355
13, 65, 53558778
13, 122, 3794630
13, 247, 4556909
13, 185, 2531601
13, 35, 11538320
13, 171, 2858348
13, 186, 12407968
13, 177, 12620021
13, 14, 30513808
13, 212, 15776485
13, 134, 12714519
13, 19, 1356173
13, 169, 87331488
13, 143, 38254149
13, 97, 7204866
13, 166, 11236157
13, 81, 4524770
13, 113, 15730690
13, 245, 15550444
13, 195, 1046838
13, 41, 15678945
13, 124, 89641766
13, 231, 74817161
13, 118, 11492404
13, 202, 90430734
13, 31, 4425433
13, 175, 27417255
13, 170, 503938
13, 37, 20998432
13, 52, 93646870
13, 77, 47289772
13, 90, 3508848
13, 92, 91381339
13, 101, 3593517
13, 39, 102053372
13, 234, 15172913
13, 223, 3598956
13, 242, 61825
13, 162, 42846911
13, 5, 15730651
13, 54, 12393011
13, 146, 93860915
13, 218, 21831957
13, 160, 6680621
13, 100, 90226492
13, 219, 83596
13, 158, 4423511
13, 7, 12215611
13, 89, 6761973
13, 71, 4669238
13, 190, 90208711
13, 221, 1182741
13, 29, 12352265
13, 108, 12276644
13, 129, 12355411
13, 84, 5345937
13, 61, 527632
13, 102, 39466159
13, 141, 13725400
13, 60, 41787257
13, 142, 144068
13, 49, 169596876
13, 211, 21083622
13, 117, 90291505
13, 155, 20110542
13, 138, 36488022
13, 94, 35364901
13, 46, 12618240
13, 27, 20128919
13, 21, 7820842
13, 192, 50266220
13, 40, 2874459
13, 206, 25281968
13, 229, 2768101
13, 236, 3144782
13, 194, 7740154
13, 55, 3642518
13, 135, 16791998
13, 208, 4657337
13, 252, 7796459
13, 91, 17725886
13, 238, 93961231
13, 149, 24247803
13, 20, 27170832
13, 110, 4511406
13, 228, 42486502
13, 136, 804717
13, 87, 794528
13, 36, 2522355
13, 145, 12255677
13, 217, 2537512
13, 0, 101747813
13, 59, 89699352
13, 125, 4415356
13, 109, 2901549
13, 173, 89495863
13, 179, 79638
13, 50, 2824787
13, 148, 25283900
13, 57, 3839595
13, 161, 12368707
13, 235, 1412939
13, 251, 57177
13, 154, 16719643
13, 106, 21618321
13, 133, 465376
13, 178, 16477693
13, 239, 7513872
13, 82, 5011446
13, 76, 5193294
13, 164, 25951682
13, 6, 19744052
13, 210, 2394026
13, 99, 25851336
13, 104, 12271557
13, 15, 36284381
13, 241, 27386396
13, 144, 39310288
13, 32, 51179634
13, 75, 21797125
13, 83, 6687234
13, 232, 6642782
13, 4, 50734968
13, 137, 44855807
13, 66, 94806844
13, 156, 43074371
13, 3, 24439302
13, 80, 36303110
13, 79, 23122310
13, 53, 14444442
13, 163, 865000
13, 119, 21158846
13, 237, 7135409
13, 98, 23046629
13, 28, 12283771
13, 123, 24265086
13, 22, 47198317
13, 68, 2754235
13, 153, 6736086
13, 18, 49431512
13, 111, 36085414
13, 240, 7800325
13, 214, 25971994
13, 72, 44764316
13, 224, 35394759
13, 204, 47370826
13, 147, 3663629
13, 30, 90333109
13, 105, 14628
13, 120, 4973496
13, 199, 42585132
13, 130, 21658298
13, 121, 7658944
13, 17, 4505766
13, 248, 3644813
13, 193, 11503549
13, 233, 38366293
13, 114, 25238551
13, 1, 43945917
13, 73, 26796019
13, 249, 89497383
13, 24, 4976322
13, 10, 1181259
13, 58, 40613255
13, 213, 3716175
13, 200, 90070459
13, 159, 171320283
14, 15, 125344
14, 26, 546467
14, 4, 134661
14, 6, 138708
14, 10, 283789
14, 18, 271495
14, 14, 243594
14, 12, 43611
14, 20, 275052
14, 16, 180476
14, 8, 130723
14, 1, 52188
14, 3, 482357
14, 2, 136874
14, 24, 278969
14, 7, 161651
14, 25, 137827
14, 5, 523424
14, 17, 141844
14, 11, 179314
14, 9, 617730
14, 13, 617970
14, 23, 135543
14, 22, 98273
14, 0, 244485
14, 21, 13955
14, 19, 179304
15, 26, 2700947
15, 16, 611969
15, 17, 11521
15, 32, 657664
15, 18, 2123291
15, 40, 2193071
15, 14, 1310870
15, 20, 3646307
15, 5, 1708440
15, 69, 3630275
15, 42, 558139
15, 2, 193991
15, 50, 2849613
15, 59, 2165360
15, 58, 1292035
15, 60, 3649242
15, 6, 1208208
15, 64, 4403105
15, 70, 1256790
15, 38, 2572378
15, 46, 1292465
15, 21, 535767
15, 56, 5127041
15, 15, 460828
15, 68, 657875
15, 48, 2797427
15, 61, 572466
15, 71, 69018
15, 3, 805299
15, 11, 524506
15, 36, 544533
15, 19, 566304
15, 7, 2569952
15, 55, 1172553
15, 53, 48310
15, 52, 557197
15, 31, 532481
15, 29, 1435281
15, 49, 2748876
15, 28, 5167317
15, 62, 1687441
15, 10, 5131911
15, 41, 5157800
15, 23, 1419031
15, 25, 3628313
15, 39, 2641886
15, 45, 1285462
15, 72, 1283119
15, 73, 1419973
15, 65, 5050480
15, 54, 3646997
15, 67, 1257791
15, 22, 5167859
15, 0, 3509952
15, 27, 475595
15, 57, 767969
15, 34, 1683312
15, 47, 2796555
15, 8, 11792
15, 37, 1421105
15, 12, 2184456
15, 51, 1689204
15, 63, 1339242
15, 4, 671710
15, 9, 2960059
15, 24, 2645394
15, 66, 769933
15, 43, 2627650
15, 35, 2879919
15, 30, 1586432
15, 44, 2893846
15, 13, 1586993
15, 33, 650371
15, 1, 3637830
16, 26, 630974
16, 18, 90178
16, 24, 26489
16, 4, 8957
16, 10, 64620
16, 21, 251228
16, 25, 165148
16, 13, 539915
16, 6, 256177
16, 19, 327079
16, 2, 528754
16, 5, 75350
16, 8, 462490
16, 22, 9487
16, 20, 155740
16, 7, 183531
16, 1, 197527
16, 3, 238293
16, 15, 330214
16, 17, 24796
16, 12, 389965
16, 14, 488238
16, 11, 286974
16, 23, 173213
16, 9, 155089
16, 16, 576493
16, 0, 387241
17, 40, 313694
17, 178, 10009710
17, 82, 2581243
17, 131, 17402628
17, 48, 8580288
17, 251, 23070607
17, 49, 45057826
17, 53, 41975090
17, 68, 6046513
17, 31, 21398665
17, 187, 10602111
17, 204, 2964638
17, 67, 10139060
17, 25, 4002790
17, 46, 5478214
17, 148, 210422
17, 81, 41491672
17, 38, 5680824
17, 161, 40176767
17, 205, 610827
17, 123, 10608273
17, 200, 4725425
17, 269, 8734708
17, 151, 10502957
17, 157, 18603435
17, 45, 40767625
17, 235, 5609079
17, 259, 57828
17, 11, 164907
17, 51, 5672468
17, 74, 5819161
17, 104, 12483
17, 120, 21613817
17, 185, 22236095
17, 211, 46401002
17, 26, 2738527
17, 55, 40231687
17, 103, 10138360
17, 29, 39425338
17, 34, 38373970
17, 195, 4070627
17, 281, 20214753
17, 99, 17360672
17, 166, 34265335
17, 145, 21433221
17, 88, 4404768
17, 121, 4382387
17, 28, 19611329
17, 241, 20992230
17, 262, 10658869
17, 174, 9778169
17, 135, 9867875
17, 70, 4086436
17, 122, 44597195
17, 90, 21570486
17, 239, 11331
17, 223, 40747959
17, 102, 10279642
17, 61, 1596151
17, 111, 42625094
17, 196, 34310608
17, 117, 8903621
17, 176, 20903455
17, 249, 21555630
17, 134, 5363781
17, 266, 8195023
17, 277, 10637840
17, 263, 8147845
17, 15, 18590370
17, 127, 5430798
17, 170, 61855
17, 279, 4348744
17, 64, 3000283
17, 257, 16602721
17, 169, 21636148
17, 171, 8221993
17, 69, 4977885
17, 282, 35552390
17, 246, 47659
17, 22, 9734888
17, 267, 37625053
17, 152, 4850678
17, 21, 2979305
17, 186, 15625413
17, 80, 17404323
17, 17, 21034402
17, 108, 10202038
17, 283, 1412008
17, 141, 1689054
17, 150, 4979959
17, 255, 30835635
17, 95, 40479683
17, 19, 10123082
17, 188, 40441422
17, 219, 42834307
17, 210, 5103389
17, 8, 21003102
17, 218, 39322621
17, 0, 4839638
17, 275, 13315
17, 226, 21358886
17, 56, 42218279
17, 244, 10960953
17, 24, 44770919
17, 268, 20090294
17, 12, 10150994
17, 37, 9947524
17, 58, 20155384
17, 264, 10155504
17, 36, 257749
17, 6, 44883330
17, 229, 16685017
17, 168, 11048585
17, 258, 23212805
17, 92, 5056140
17, 202, 9558923
17, 214, 5571400
17, 164, 4371146
17, 265, 9764674
17, 261, 9345594
17, 63, 19975119
17, 118, 20380765
17, 247, 44309242
17, 225, 5111214
17, 71, 10152727
17, 183, 65091
17, 100, 10815731
17, 130, 21904770
17, 272, 5917356
17, 105, 777988
17, 245, 3394808
17, 16, 41227
17, 175, 46063175
17, 125, 21150188
17, 191, 21027648
17, 160, 5421631
17, 238, 1771016
17, 2, 40610578
17, 167, 41950242
17, 252, 39151395
17, 236, 5521698
17, 66, 46183475
17, 126, 9616010
17, 240, 9974456
17, 159, 15602813
17, 115, 40936
17, 144, 4109680
17, 93, 18640106
17, 116, 16921
17, 97, 4376887
17, 248, 9429993
17, 3, 18589351
17, 203, 21070531
17, 113, 805589
17, 87, 40287149
17, 84, 81833
17, 140, 16291
17, 60, 11090
17, 201, 38863890
17, 59, 20937103
17, 129, 10503110
17, 233, 6042317
17, 62, 47588
17, 253, 5043046
17, 153, 5045291
17, 217, 40727169
17, 197, 4146980
17, 119, 5079665
17, 228, 34416592
17, 284, 5814904
17, 162, 39448999
17, 10, 5426511
17, 112, 10680901
17, 114, 20101486
17, 101, 10610019
17, 106, 10002960
17, 133, 1695055
17, 42, 4071177
17, 139, 11427551
17, 209, 11965070
17, 234, 42889363
17, 14, 44786075
17, 208, 4873441
17, 79, 5387818
17, 13, 5833449
17, 207, 21922905
17, 4, 40445244
17, 50, 22002244
17, 107, 10461853
17, 280, 41848546
17, 54, 16855715
17, 7, 4170303
17, 1, 21944357
17, 91, 9742616
17, 57, 11020282
17, 192, 41248279
17, 23, 9777540
17, 76, 9740762
17, 154, 2757833
17, 224, 61474
17, 77, 36749324
17, 285, 5426351
17, 270, 10233739
17, 243, 40746
17, 190, 45681270
17, 231, 11370636
17, 198, 13184
17, 89, 5131752
17, 137, 41274532
17, 163, 9768604
17, 96, 21613342
17, 142, 18258026
17, 232, 10269025
17, 75, 38421491
17, 138, 3224413
17, 109, 5104592
17, 86, 3405349
17, 27, 34406347
17, 220, 12073495
17, 180, 10077658
17, 179, 21646315
17, 194, 9437959
17, 273, 2869632
17, 39, 18623588
17, 35, 41118210
17, 9, 11142742
17, 146, 21663035
17, 274, 19799537
17, 237, 10243789
17, 177, 5624130
17, 230, 10363832
17, 41, 11501
17, 78, 39695211
17, 206, 10702192
17, 18, 3914868
17, 94, 4938442
17, 44, 19265222
17, 213, 6118249
17, 136, 5508273
17, 216, 22892053
17, 215, 20095417
17, 65, 40981936
17, 73, 21148499
17, 184, 4516627
17, 33, 4092619
17, 156, 18618939
17, 158, 40159165
17, 193, 11226968
17, 254, 10313027
17, 242, 82674
17, 143, 17256994
17, 222, 17095012
17, 124, 11252215
17, 181, 731691
17, 20, 18700791
17, 256, 4069986
17, 221, 15796576
17, 43, 5083864
17, 110, 20783237
17, 227, 10977063
17, 98, 44448931
17, 72, 8549655
17, 5, 21805560
17, 276, 40367382
17, 147, 21728488
17, 189, 21900466
17, 52, 17150436
17, 172, 5393109
17, 30, 19825365
17, 128, 5891929
17, 182, 10157488
17, 83, 10956225
17, 278, 21661776
17, 155, 41092666
17, 149, 16674412
17, 199, 6707046
17, 212, 9030441
17, 132, 18697606
17, 165, 8226605
17, 47, 2978423
17, 260, 20735091
17, 85, 3239972
17, 173, 10010335
17, 271, 40696257
17, 250, 10440476
17, 32, 18668894
18, 180, 18837417
18, 107, 370019
18, 2, 8498281
18, 161, 41518830
18, 96, 17701392
18, 118, 17497082
18, 90, 5125070
18, 22, 39848000
18, 33, 45065182
18, 190, 14674567
18, 142, 93520695
18, 194, 12955
18, 119, 59896531
18, 149, 41853964
18, 116, 16959562
18, 153, 13535908
18, 172, 5175102
18, 156, 4845942
18, 85, 60895490
18, 45, 46377806
18, 195, 4831624
18, 186, 5171438
18, 188, 84417
18, 26, 16922391
18, 35, 47406341
18, 127, 41237075
18, 25, 17458299
18, 143, 17671257
18, 67, 56729158
18, 75, 5189211
18, 54, 47193409
18, 47, 80003209
18, 175, 5614701
18, 137, 47595787
18, 77, 104103906
18, 182, 8702040
18, 73, 4264759
18, 56, 7360483
18, 169, 14982701
18, 139, 71995111
18, 29, 17401166
18, 53, 15860275
18, 20, 38308637
18, 32, 10113728
18, 16, 4829912
18, 133, 67127468
18, 105, 5781484
18, 70, 12363
18, 128, 45320933
18, 52, 135462
18, 28, 18140801
18, 100, 7919674
18, 64, 1269754
18, 80, 82722532
18, 159, 14409094
18, 138, 15275939
18, 112, 5282164
18, 71, 80936626
18, 98, 62476601
18, 5, 3485158
18, 8, 66820017
18, 121, 5185415
18, 92, 66895051
18, 110, 1518617
18, 181, 43755933
18, 183, 40371212
18, 168, 2229921
18, 145, 44691846
18, 6, 43884943
18, 86, 30952236
18, 68, 17550556
18, 124, 12271776
18, 141, 82415067
18, 13, 3340740
18, 150, 17502654
18, 23, 79747561
18, 82, 4173400
18, 59, 1853451
18, 51, 102005420
18, 15, 5434828
18, 89, 60973156
18, 38, 16336446
18, 0, 9800325
18, 34, 38575869
18, 113, 73492824
18, 21, 44617197
18, 108, 19519121
18, 109, 45295600
18, 173, 7173144
18, 55, 7621559
18, 14, 4260742
18, 176, 8654674
18, 18, 8838425
18, 46, 14572560
18, 144, 15008241
18, 9, 7910870
18, 167, 361854
18, 154, 5929269
18, 61, 67771649
18, 114, 102681
18, 132, 71975208
18, 131, 38565844
18, 43, 14791370
18, 179, 19391844
18, 40, 4564498
18, 146, 20122946
18, 130, 567266
18, 44, 12313
18, 140, 55448637
18, 129, 19513040
18, 106, 44619756
18, 41, 8518641
18, 83, 8046942
18, 166, 3300294
18, 1, 166945086
18, 76, 112970
18, 158, 38115134
18, 165, 27301593
18, 50, 48320225
18, 157, 82522985
18, 192, 14508282
18, 12, 1168025
18, 66, 14344608
18, 191, 81112900
18, 184, 6991898
18, 11, 40073751
18, 39, 161334535
18, 151, 38461733
18, 78, 1378507
18, 99, 20060342
18, 60, 91933434
18, 48, 103255856
18, 74, 41229357
18, 171, 43557230
18, 104, 45081199
18, 162, 10216061
18, 58, 405796
18, 152, 3836454
18, 10, 39785388
18, 197, 1811101
18, 178, 82546316
18, 87, 34604
18, 115, 16703210
18, 123, 44780148
18, 37, 20941813
18, 185, 2770318
18, 163, 14515277
18, 36, 170535747
18, 95, 45058205
18, 170, 59981162
18, 72, 4870148
18, 189, 49522639
18, 3, 17193185
18, 57, 16388767
18, 65, 17853503
18, 122, 18756897
18, 120, 606910
18, 91, 4253039
18, 198, 7545731
18, 196, 67205759
18, 125, 7455241
18, 17, 1586695
18, 102, 8759871
18, 84, 14491233
18, 177, 8848527
18, 24, 10713429
18, 79, 79477350
18, 135, 16737747
18, 88, 1866014
18, 30, 8459723
18, 193, 9830555
18, 164, 8483236
18, 42, 9062395
18, 126, 14589165
18, 93, 17971453
18, 4, 13593150
18, 111, 14661321
18, 174, 12616122
18, 69, 8705120
18, 81, 13693507
18, 101, 61508121
18, 63, 5204151
18, 7, 5450479
18, 147, 170870446
18, 62, 13686
18, 187, 80775707
18, 160, 45314226
18, 117, 116577
18, 49, 167045376
18, 136, 80012280
18, 31, 41240194
18, 155, 81486067
18, 27, 14503749
18, 19, 79766185
18, 134, 18638747
18, 103, 18385096
18, 148, 14843862
18, 94, 41852744
18, 97, 36098
19, 51, 2723522
19, 98, 12360237
19, 140, 1908143
19, 95, 1887445
19, 22, 2903818
19, 134, 6110419
19, 100, 5171750
19, 110, 2034348
19, 43, 1856156
19, 20, 1898536
19, 28, 12311196
19, 116, 6282319
19, 94, 3005356
19, 121, 13351651
19, 104, 5956141
19, 54, 2516225
19, 63, 601320
19, 85, 13444385
19, 61, 7021075
19, 34, 1824237
19, 109, 1884429
19, 80, 13582391
19, 48, 1315269
19, 82, 13565992
19, 129, 3086478
19, 114, 1872988
19, 66, 2096304
19, 83, 14234124
19, 46, 13936
19, 59, 5204472
19, 12, 12145618
19, 115, 2967947
19, 81, 6978064
19, 23, 12863692
19, 21, 1258393
19, 5, 1863770
19, 38, 6418292
19, 18, 13316598
19, 99, 195915
19, 92, 12536934
19, 103, 427887
19, 106, 13575931
19, 1, 27377149
19, 31, 1678025
19, 122, 5222395
19, 41, 6651567
19, 127, 6485847
19, 56, 6857349
19, 70, 3335871
19, 57, 13518614
19, 97, 2041402
19, 137, 1818055
19, 74, 6572860
19, 102, 52377
19, 124, 6981100
19, 125, 2866187
19, 27, 13276291
19, 62, 2017868
19, 7, 1451062
19, 128, 2947368
19, 119, 3000427
19, 29, 3102818
19, 45, 2921731
19, 3, 1768954
19, 131, 1630126
19, 2, 14392900
19, 72, 3037516
19, 58, 2091885
19, 42, 1737846
19, 32, 12966707
19, 101, 25983143
19, 111, 4238733
19, 36, 2717060
19, 89, 13397879
19, 13, 834655
19, 133, 12985159
19, 79, 1903454
19, 49, 1331479
19, 4, 5230681
19, 40, 26943561
19, 90, 27517533
19, 132, 24168955
19, 123, 6042783
19, 64, 26018068
19, 84, 2987854
19, 96, 3966035
19, 52, 1295973
19, 16, 195634
19, 139, 1961543
19, 26, 1828104
19, 69, 4225849
19, 91, 51136
19, 65, 2482633
19, 24, 1984606
19, 136, 10420483
19, 15, 430382
19, 76, 1482100
19, 47, 3065369
19, 37, 1198903
19, 86, 5164588
19, 87, 13003626
19, 78, 2015764
19, 19, 12997986
19, 50, 1726775
19, 135, 3058745
19, 105, 3005938
19, 8, 6529409
19, 11, 2034359
19, 117, 6532515
19, 14, 3236707
19, 9, 920985
19, 112, 1620337
19, 73, 6050967
19, 44, 1334045
19, 77, 1300483
19, 130, 592574
19, 120, 13013013
19, 35, 11959802
19, 53, 5297716
19, 138, 1331259
19, 75, 4019535
19, 67, 13007744
19, 55, 7005165
19, 118, 12131010
19, 113, 158124
19, 30, 5730060
19, 39, 6848854
19, 71, 13418269
19, 68, 1523958
19, 6, 13485032
19, 0, 44994
19, 25, 1961412
19, 60, 2492031
19, 126, 6457826
19, 17, 1677594
19, 88, 28721807
19, 93, 26920984
19, 108, 27556525
19, 33, 3968930
19, 107, 1338814
19, 10, 2023309
20, 6, 63809
20, 9, 134130
20, 4, 102961
20, 7, 7313
20, 12, 46888
20, 1, 109274
20, 3, 124312
20, 10, 34685
20, 2, 100998
20, 5, 96159
20, 8, 42880
20, 11, 58799
20, 0, 36017
21, 4, 17673
21, 1, 24686
21, 5, 12654
21, 2, 7945
21, 3, 20669
21, 0, 7064
23, 10, 22753
23, 4, 95578
23, 6, 37250
23, 8, 35306
23, 2, 61895
23, 11, 31228
23, 5, 58128
23, 9, 30366
23, 0, 9298
23, 3, 7845
23, 12, 93614
23, 7, 23354
23, 1, 55253
24, 407, 14442094
24, 338, 34356079
24, 418, 18878655
24, 37, 29233881
24, 36, 57528189
24, 357, 15919166
24, 82, 49841105
24, 308, 5119754
24, 114, 75423696
24, 25, 696858
24, 72, 85496743
24, 196, 14446983
24, 86, 13875650
24, 233, 3822268
24, 130, 17797261
24, 411, 56377619
24, 146, 47470891
24, 108, 56325179
24, 375, 15279122
24, 91, 16403808
24, 339, 16004724
24, 58, 7536384
24, 132, 6317625
24, 39, 50836870
24, 229, 16271052
24, 166, 5423519
24, 304, 15742487
24, 104, 26949449
24, 12, 7894643
24, 137, 19113544
24, 358, 4881061
24, 53, 10436265
24, 156, 9311251
24, 159, 14103445
24, 265, 84749579
24, 144, 34719479
24, 378, 30958184
24, 379, 18111489
24, 90, 28979611
24, 268, 18839174
24, 139, 55970064
24, 324, 16361901
24, 73, 50824792
24, 129, 6278442
24, 197, 29729686
24, 218, 13037962
24, 55, 10987000
24, 78, 34606018
24, 322, 21907809
24, 64, 4591431
24, 67, 5998250
24, 22, 15900502
24, 117, 15366839
24, 369, 12945667
24, 376, 16743432
24, 306, 29577191
24, 61, 19406681
24, 120, 2572963
24, 318, 7443943
24, 363, 49492942
24, 257, 1892554
24, 10, 6094559
24, 372, 763332
24, 371, 72889404
24, 87, 33882218
24, 248, 14473454
24, 309, 33097770
24, 225, 7917634
24, 180, 6029509
24, 237, 322972
24, 274, 68363264
24, 60, 27381447
24, 92, 8145330
24, 292, 27365605
24, 23, 14432639
24, 167, 96179
24, 157, 24597651
24, 373, 7542648
24, 162, 13285873
24, 7, 14669311
24, 48, 15801198
24, 27, 8169595
24, 293, 6474308
24, 2, 43710997
24, 141, 33395727
24, 17, 14232807
24, 113, 12486675
24, 62, 9355835
24, 332, 12899784
24, 205, 14287459
24, 392, 84127
24, 81, 14801106
24, 172, 14938471
24, 359, 6351428
24, 244, 47563803
24, 263, 5958588
24, 40, 44277272
24, 176, 14076926
24, 121, 19396
24, 207, 29301841
24, 212, 279230
24, 88, 34412550
24, 271, 289820
24, 239, 16898040
24, 390, 18604699
24, 227, 4827751
24, 280, 767710
24, 231, 7968009
24, 184, 7582602
24, 173, 50017663
24, 389, 19310325
24, 219, 55659218
24, 75, 16830085
24, 266, 14488724
24, 44, 14759128
24, 6, 13188221
24, 296, 7942642
24, 345, 83594176
24, 0, 14529771
24, 400, 511022
24, 41, 14308969
24, 282, 33184691
24, 123, 83478632
24, 303, 5722148
24, 416, 34499364
24, 341, 13234279
24, 147, 36013685
24, 395, 46945906
24, 116, 17502569
24, 367, 25389638
24, 249, 26019110
24, 128, 33504351
24, 179, 6632905
24, 115, 14802158
24, 11, 6876156
24, 397, 16672734
24, 122, 91741
24, 346, 16665489
24, 300, 35803143
24, 203, 3762778
24, 79, 95343747
24, 143, 205563
24, 38, 19081759
24, 232, 17509301
24, 333, 23307350
24, 217, 16051025
24, 364, 32454898
24, 135, 3364566
24, 24, 5685230
24, 150, 27556814
24, 15, 80998499
24, 252, 12934510
24, 221, 76569250
24, 136, 8321460
24, 362, 71794
24, 213, 8568318
24, 65, 5383787
24, 45, 14351251
24, 133, 24671330
24, 14, 817162
24, 337, 81091783
24, 56, 23786372
24, 77, 5933792
24, 382, 24887152
24, 264, 14416220
24, 28, 82354540
24, 208, 15012863
24, 240, 14770551
24, 106, 13119217
24, 54, 7081771
24, 26, 14185180
24, 302, 5701470
24, 368, 48171764
24, 334, 35661532
24, 185, 6121663
24, 393, 33950736
24, 97, 16964329
24, 321, 16503919
24, 405, 15685918
24, 342, 80887699
24, 298, 86463987
24, 3, 12540368
24, 80, 3132023
24, 214, 40307515
24, 290, 5638833
24, 66, 5593349
24, 142, 8279552
24, 320, 16809539
24, 158, 18663604
24, 30, 34823411
24, 223, 5679379
24, 291, 11388461
24, 329, 19765336
24, 195, 74961180
24, 190, 31947094
24, 295, 33596356
24, 351, 72972988
24, 20, 74261950
24, 175, 9326472
24, 85, 5671894
24, 181, 22047054
24, 210, 14305556
24, 415, 13375594
24, 220, 12804222
24, 155, 801452
24, 194, 5456634
24, 193, 12564974
24, 323, 82013
24, 52, 33237741
24, 344, 7315947
24, 192, 16748928
24, 255, 17203214
24, 226, 43398989
24, 328, 31953059
24, 33, 12762772
24, 374, 18191826
24, 276, 3776045
24, 269, 48301649
24, 272, 17048005
24, 398, 85600695
24, 356, 16492351
24, 385, 34079918
24, 259, 5993786
24, 246, 33825164
24, 168, 111641691
24, 314, 48691486
24, 74, 54913125
24, 16, 54960604
24, 275, 34369679
24, 29, 2545611
24, 262, 11503878
24, 70, 48660098
24, 277, 21640139
24, 145, 6589584
24, 399, 7957723
24, 409, 83861046
24, 330, 29968380
24, 134, 15469165
24, 101, 7770644
24, 234, 26090290
24, 396, 25504919
24, 417, 5984619
24, 370, 27354986
24, 84, 7582173
24, 256, 73194594
24, 69, 8092164
24, 245, 48607435
24, 5, 1688886
24, 386, 26029026
24, 42, 15527424
24, 247, 84972354
24, 1, 8690107
24, 204, 19254688
24, 112, 27686323
24, 4, 34926079
24, 254, 9483154
24, 126, 26818937
24, 325, 11066325
24, 103, 18462300
24, 215, 9463660
24, 21, 83752101
24, 354, 5645917
24, 18, 1696119
24, 35, 48302005
24, 93, 67506
24, 100, 85546483
24, 301, 471378
24, 251, 27662509
24, 124, 14740989
24, 380, 18384487
24, 43, 13162508
24, 384, 14174394
24, 151, 34609751
24, 260, 17176566
24, 102, 3087511
24, 388, 83218477
24, 59, 14839051
24, 76, 4054142
24, 312, 19450513
24, 327, 14333852
24, 340, 33531895
24, 9, 26825883
24, 183, 6144215
24, 109, 24494691
24, 206, 84992188
24, 224, 32486798
24, 420, 55074136
24, 326, 55368974
24, 49, 14740881
24, 238, 83754623
24, 95, 14540867
24, 288, 83505699
24, 119, 17160508
24, 406, 5566980
24, 401, 14203619
24, 188, 9392237
24, 426, 9262205
24, 394, 7629433
24, 313, 84830455
24, 284, 14257309
24, 98, 13162010
24, 125, 52091529
24, 107, 15776680
24, 160, 32494732
24, 250, 2073783
24, 419, 16194638
24, 83, 84021440
24, 111, 5618476
24, 209, 15446505
24, 311, 86365929
24, 57, 6660459
24, 131, 8578591
24, 68, 8356548
24, 402, 5834019
24, 152, 29902105
24, 202, 794140
24, 319, 42275738
24, 297, 288167
24, 403, 2269007
24, 413, 12625320
24, 178, 76789896
24, 353, 48735641
24, 253, 13251837
24, 270, 26905644
24, 286, 4880944
24, 32, 55064161
24, 198, 27645151
24, 89, 13294296
24, 243, 74448494
24, 285, 8238819
24, 425, 6510037
24, 149, 18172424
24, 51, 14548833
24, 34, 110510435
24, 187, 5071015
24, 50, 25643563
24, 13, 13209910
24, 350, 84090436
24, 410, 54988540
24, 171, 48441314
24, 170, 17576584
24, 71, 31642549
24, 343, 31702710
24, 348, 4909957
24, 317, 31079559
24, 316, 2601687
24, 305, 11249306
24, 118, 9134538
24, 377, 111332375
24, 154, 18700982
24, 421, 6722703
24, 211, 56620727
24, 315, 9575160
24, 383, 42634479
24, 287, 31825001
24, 412, 6546667
24, 186, 35646602
24, 236, 23760427
24, 267, 4314406
24, 381, 15139306
24, 352, 29703309
24, 182, 84713624
24, 283, 84292279
24, 391, 81300615
24, 423, 9020164
24, 258, 7049864
24, 242, 51031423
24, 281, 16803434
24, 307, 6207365
24, 127, 6113961
24, 140, 4316432
24, 228, 8008429
24, 360, 26114873
24, 201, 25896767
24, 331, 81345498
24, 427, 5443221
24, 174, 17024659
24, 169, 5585214
24, 235, 17492110
24, 361, 15489697
24, 31, 5992965
24, 94, 5512811
24, 278, 5067881
24, 177, 76325473
24, 299, 25489600
24, 148, 34540494
24, 153, 55061705
24, 408, 14090512
24, 191, 490153
24, 19, 15212414
24, 8, 34589634
24, 261, 31619210
24, 230, 31058918
24, 310, 4135925
24, 404, 27642130
24, 424, 12388161
24, 289, 31714747
24, 365, 85903288
24, 189, 14475499
24, 387, 18419860
24, 279, 14576959
24, 161, 19397
24, 200, 11445975
24, 294, 7534077
24, 164, 4090762
24, 422, 7006483
24, 163, 13083967
24, 241, 25810970
24, 366, 14157407
24, 165, 6134108
24, 273, 539475
24, 336, 16122779
24, 99, 13021570
24, 222, 27520323
24, 199, 2060649
24, 96, 55570545
24, 349, 6046826
24, 110, 8165503
24, 47, 84083388
24, 46, 27094269
24, 347, 5564738
24, 63, 6829404
24, 414, 14542796
24, 216, 26456972
24, 105, 2590155
24, 355, 34718164
24, 138, 5091626
24, 335, 8716820
26, 23, 18775
26, 100, 13127500
26, 65, 3075881
26, 70, 6231730
26, 48, 1242565
26, 21, 1316603
26, 38, 5613208
26, 35, 2467096
26, 76, 1862931
26, 27, 14220825
26, 2, 14229952
26, 57, 13895160
26, 87, 149178
26, 39, 908573
26, 24, 548061
26, 71, 1408194
26, 60, 589228
26, 0, 13897774
26, 9, 5328188
26, 102, 1450462
26, 73, 120254
26, 68, 4480418
26, 12, 1343784
26, 42, 1743227
26, 33, 2904541
26, 11, 3140071
26, 8, 7395580
26, 52, 5433273
26, 95, 586222
26, 25, 1547624
26, 44, 1066767
26, 90, 864912
26, 85, 10069
26, 37, 2619472
26, 83, 2450856
26, 45, 919353
26, 28, 5864266
26, 50, 3073146
26, 61, 5943475
26, 79, 7539938
26, 6, 1240361
26, 55, 1828086
26, 41, 470757
26, 96, 3910356
26, 51, 29485
26, 94, 4484076
26, 13, 1579433
26, 10, 1063681
26, 26, 3135181
26, 1, 893635
26, 62, 1014751
26, 93, 1093057
26, 66, 1374130
26, 40, 123881
26, 77, 3017233
26, 5, 453715
26, 30, 11431
26, 54, 2664855
26, 19, 7468144
26, 47, 1216676
26, 99, 913242
26, 43, 636846
26, 17, 2439085
26, 22, 3014707
26, 15, 6174253
26, 84, 7375812
26, 82, 13179517
26, 7, 5825564
26, 16, 570744
26, 78, 1883049
26, 46, 2542867
26, 58, 3144229
26, 89, 1403585
26, 98, 13325
26, 75, 1457025
26, 29, 1810643
26, 20, 1042162
26, 80, 2607789
26, 72, 1565477
26, 97, 1554626
26, 53, 624844
26, 31, 845255
26, 92, 5494436
26, 74, 1244880
26, 88, 3021930
26, 32, 1732549
26, 101, 938078
26, 81, 1618415
26, 69, 888325
26, 18, 12994590
26, 4, 238254
26, 86, 1360846
26, 49, 133899
26, 3, 107601
26, 36, 2878825
26, 56, 862137
26, 34, 1087025
26, 14, 5610954
26, 64, 5405201
26, 59, 595950
26, 91, 1534921
26, 67, 5892248
26, 63, 1526614
27, 163, 6845360700
27, 31, 32733840
27, 391, 4342851339
27, 129, 176579973
27, 153, 100059366
27, 144, 5109076316
27, 178, 739406939
27, 396, 281396858
27, 70, 404046082
27, 184, 14085766
27, 378, 2471432498
27, 140, 6826949582
27, 374, 6825875123
27, 366, 324776267
27, 419, 24499086
27, 380, 6840713629
27, 373, 37845119
27, 310, 1539494
27, 91, 2510013788
27, 134, 50382953
27, 105, 37186599
27, 309, 23730741
27, 42, 255826758
27, 251, 6850247988
27, 435, 5100282231
27, 98, 6887601294
27, 218, 148279525
27, 436, 40682020
27, 250, 182985731
27, 211, 107191
27, 420, 182855186
27, 431, 5856193038
27, 46, 14173403
27, 326, 333337231
27, 139, 329515964
27, 324, 536137619
27, 410, 647762894
27, 339, 97828037
27, 34, 7085262561
27, 255, 5849455594
27, 237, 32866275
27, 210, 104367266
27, 217, 181556603
27, 194, 83604624
27, 107, 176125420
27, 289, 91424466
27, 87, 761014764
27, 215, 910417575
27, 162, 76894
27, 398, 83147251
27, 216, 102326810
27, 282, 442314316
27, 114, 2482508416
27, 244, 121226349
27, 231, 33058657
27, 385, 127204768
27, 180, 330197432
27, 189, 223049849
27, 14, 4759057563
27, 243, 40654452
27, 379, 256028535
27, 368, 1042257925
27, 38, 869950002
27, 241, 13812754
27, 270, 10365957
27, 256, 150058955
27, 10, 3952303104
27, 45, 219589927
27, 175, 282206330
27, 351, 325680552
27, 220, 47156471
27, 413, 120884331
27, 359, 24166097
27, 4, 911961584
27, 24, 49793290
27, 145, 201599458
27, 168, 307849163
27, 235, 179516868
27, 165, 944229291
27, 259, 1070266530
27, 224, 177109685
27, 113, 256959664
27, 284, 300837669
27, 423, 30903939
27, 64, 35929160
27, 407, 118840459
27, 262, 2901227503
27, 135, 1771119054
27, 369, 150277469
27, 103, 347386718
27, 1, 6550735851
27, 51, 201748831
27, 75, 112813590
27, 353, 6886111935
27, 92, 25401250
27, 432, 152110135
27, 15, 198875530
27, 82, 357138960
27, 201, 103262300
27, 248, 40409516
27, 78, 23453647
27, 36, 39683758
27, 274, 2488412979
27, 277, 3953255005
27, 161, 625932621
27, 334, 105868087
27, 101, 25807261
27, 206, 624925134
27, 22, 691167516
27, 367, 229119
27, 383, 40483956
27, 290, 23905093
27, 11, 2591227527
27, 246, 49755793
27, 329, 708423276
27, 267, 103116812
27, 317, 736412447
27, 285, 100623628
27, 39, 101489680
27, 230, 648922346
27, 63, 3904894
27, 66, 40608720
27, 327, 5104533237
27, 171, 309490005
27, 0, 82173552
27, 199, 97175861
27, 344, 81073000
27, 414, 496230769
27, 356, 627235936
27, 266, 175912011
27, 239, 338775
27, 18, 2804485413
27, 61, 199794474
27, 225, 105714069
27, 358, 81974899
27, 174, 6887264154
27, 209, 328064066
27, 245, 762030798
27, 115, 9413968
27, 102, 30951833
27, 330, 6550623814
27, 141, 39704844
27, 121, 268714
27, 340, 21390655
27, 186, 2524453748
27, 170, 2599930246
27, 283, 408747529
27, 125, 5131624813
27, 280, 21089
27, 226, 5106670896
27, 48, 5105081357
27, 41, 216381014
27, 67, 104048759
27, 44, 751960070
27, 441, 353596646
27, 401, 43065726
27, 392, 4770591193
27, 205, 154739006
27, 208, 689512141
27, 437, 309312035
27, 146, 733850381
27, 59, 76547954
27, 190, 103936213
27, 315, 104438937
27, 377, 6635803
27, 85, 440228635
27, 361, 2930585687
27, 354, 911824457
27, 58, 2512941511
27, 406, 2184235102
27, 427, 530508663
27, 305, 500763788
27, 74, 453161420
27, 360, 453471680
27, 247, 736279452
27, 405, 64728449
27, 322, 59110694
27, 312, 59552
27, 119, 100508945
27, 54, 536559065
27, 382, 101312542
27, 204, 82470680
27, 345, 2923616194
27, 37, 10817450
27, 291, 35971337
27, 347, 177323537
27, 193, 102719396
27, 126, 37742039
27, 136, 166504388
27, 233, 3502219
27, 62, 218801581
27, 202, 6852518022
27, 159, 6548947066
27, 172, 326790173
27, 5, 9382495
27, 50, 689642493
27, 29, 409362284
27, 56, 5097022633
27, 28, 12242234
27, 79, 301165045
27, 313, 24657182
27, 418, 25195142
27, 428, 6653335
27, 179, 409263895
27, 333, 25440632
27, 308, 331872874
27, 433, 2180046364
27, 72, 442091765
27, 381, 1913602
27, 307, 1069750746
27, 88, 10241892
27, 271, 101684859
27, 167, 740414108
27, 306, 647685872
27, 69, 357059541
27, 191, 3852821
27, 147, 119187847
27, 395, 3849125
27, 106, 182770851
27, 223, 57300075
27, 6, 613916412
27, 132, 154805972
27, 76, 741008545
27, 116, 223103376
27, 3, 4361643287
27, 95, 39609659
27, 97, 24562936
27, 49, 60061447
27, 35, 1423432
27, 109, 34161453
27, 272, 331631485
27, 17, 223290875
27, 273, 301428338
27, 337, 26938825
27, 219, 281737986
27, 234, 737142814
27, 316, 5102854902
27, 229, 408385764
27, 426, 20443730
27, 294, 452635140
27, 311, 23459201
27, 430, 6547911757
27, 412, 151656502
27, 408, 92506596
27, 2, 24147728
27, 228, 24216668
27, 388, 914877288
27, 198, 27094922
27, 300, 6551031907
27, 348, 192676147
27, 71, 775987
27, 117, 912939479
27, 96, 735962641
27, 20, 2522859445
27, 33, 1046525145
27, 207, 648623966
27, 424, 409789517
27, 242, 19221767
27, 321, 6854585207
27, 55, 297719
27, 83, 438586549
27, 400, 48903510
27, 227, 155847362
27, 94, 1045502343
27, 269, 2931670091
27, 65, 2928115065
27, 387, 104476028
27, 434, 732777
27, 422, 6869146436
27, 120, 6768137725
27, 399, 168030463
27, 302, 7097990102
27, 335, 101860305
27, 130, 405898400
27, 336, 282438451
27, 389, 741975513
27, 137, 100934688
27, 403, 43701907
27, 212, 181175614
27, 421, 748193997
27, 30, 3964592109
27, 90, 4676809
27, 196, 212318047
27, 12, 50992082
27, 53, 1413938
27, 32, 454300646
27, 160, 43942
27, 349, 400673957
27, 341, 409862044
27, 263, 467919386
27, 86, 741728164
27, 404, 177049757
27, 138, 83351516
27, 187, 26592113
27, 295, 762747937
27, 124, 57307726
27, 429, 2190988376
27, 257, 44505109
27, 183, 101889220
27, 177, 25803593
27, 77, 1775780463
27, 292, 167572737
27, 355, 34335338
27, 200, 177819666
27, 370, 90628413
27, 127, 1151711145
27, 314, 307154116
27, 364, 101597543
27, 293, 99960216
27, 43, 223421158
27, 350, 39872356
27, 253, 22285254
27, 411, 454376726
27, 249, 119825454
27, 362, 747633177
27, 89, 157021555
27, 318, 332747032
27, 155, 30967853
27, 415, 5111995874
27, 298, 13090885
27, 264, 6152883418
27, 197, 101362255
27, 158, 112841541
27, 232, 841983
27, 331, 114604898
27, 169, 613738488
27, 118, 453850692
27, 343, 103231210
27, 84, 23039630
27, 394, 173938864
27, 438, 282093991
27, 338, 282626749
27, 352, 781148
27, 323, 74781
27, 236, 173670474
27, 110, 434727
27, 222, 24300489
27, 7, 449461220
27, 142, 98176062
27, 100, 911622726
27, 52, 405973061
27, 279, 5110230761
27, 258, 25424668
27, 112, 24316403
27, 393, 46126375
27, 131, 104255634
27, 261, 16882
27, 240, 79627806
27, 304, 6864827102
27, 25, 176932571
27, 390, 103842134
27, 384, 27133523
27, 192, 486354
27, 319, 37950262
27, 157, 5117654520
27, 265, 443902829
27, 439, 496721054
27, 143, 742514716
27, 23, 333865965
27, 19, 1072569309
27, 303, 46114719
27, 40, 5116496846
27, 181, 6776152754
27, 68, 201229120
27, 152, 104530053
27, 297, 946778918
27, 416, 258714830
27, 151, 282886475
27, 221, 2517899039
27, 276, 2515136285
27, 213, 10998984
27, 164, 115607
27, 275, 182838772
27, 176, 77355693
27, 346, 44285105
27, 133, 50716693
27, 278, 307658979
27, 26, 30869635
27, 111, 45417597
27, 104, 156212966
27, 73, 409106438
27, 365, 6759054539
27, 148, 332013265
27, 376, 531309767
27, 287, 97004830
27, 425, 6139647001
27, 238, 715687
27, 214, 118034208
27, 342, 281884938
27, 47, 182331289
27, 122, 2517304323
27, 357, 647824706
27, 402, 946070036
27, 93, 308307442
27, 371, 97232070
27, 99, 25619031
27, 203, 945866537
27, 173, 1549545
27, 108, 764832571
27, 188, 312027
27, 286, 333215759
27, 9, 2937580464
27, 281, 605289803
27, 328, 41841390
27, 60, 3966140714
27, 301, 10049736
27, 57, 743533944
27, 320, 113779297
27, 375, 7112297757
27, 386, 220604608
27, 288, 103086575
27, 128, 100939245
27, 185, 23107204
27, 260, 39725
27, 397, 25456744
27, 417, 106262520
27, 123, 42814240
27, 296, 754314254
27, 81, 411129867
27, 195, 25179823
27, 252, 532025993
27, 268, 23547844
27, 154, 104929074
27, 27, 91492506
27, 13, 100497527
27, 372, 158216030
27, 21, 6906643729
27, 8, 63959372
27, 363, 334548763
27, 254, 2498123731
27, 16, 3504444
27, 150, 25742476
27, 440, 717883576
27, 182, 2523383911
27, 299, 6910471574
27, 149, 152373967
27, 80, 310156524
27, 409, 708839860
27, 332, 875342147
27, 166, 327766481
27, 156, 2520990084
27, 325, 46003270
28, 267, 924951974
28, 151, 824064422
28, 5, 205327224
28, 295, 18155336
28, 230, 21931
28, 407, 16908770
28, 298, 67714389
28, 239, 2013603320
28, 398, 59808131
28, 319, 84838294
28, 363, 237317
28, 104, 11833208
28, 254, 17790329
28, 345, 79447801
28, 106, 2163461699
28, 272, 860340851
28, 286, 383994220
28, 112, 15995522
28, 259, 265474966
28, 332, 1809542635
28, 244, 2025024126
28, 109, 223778468
28, 175, 33441527
28, 52, 222405285
28, 17, 28960312
28, 59, 16980477
28, 11, 14157575
28, 318, 269022391
28, 303, 13798959
28, 71, 476627486
28, 238, 31209317
28, 118, 35743519
28, 185, 2494111059
28, 400, 401696673
28, 371, 761408215
28, 291, 1644222107
28, 358, 2482692749
28, 335, 479074015
28, 243, 776124981
28, 276, 16891893
28, 382, 60534965
28, 433, 479442240
28, 338, 24431043
28, 44, 269308999
28, 445, 1130002633
28, 315, 899638977
28, 341, 769962271
28, 377, 142603877
28, 422, 70076978
28, 193, 6660857
28, 250, 2634809
28, 389, 62268149
28, 419, 95595741
28, 68, 135101046
28, 385, 36064551
28, 237, 1642278923
28, 379, 276328030
28, 375, 265083817
28, 155, 278457762
28, 6, 17498647
28, 372, 101871004
28, 381, 94639473
28, 132, 35292238
28, 87, 204831529
28, 374, 228882362
28, 425, 94195408
28, 129, 256371854
28, 287, 279513502
28, 288, 242957
28, 235, 255163721
28, 56, 136030334
28, 401, 258094692
28, 183, 132808078
28, 383, 294150838
28, 223, 1843318965
28, 352, 35154731
28, 55, 1644848457
28, 394, 33661300
28, 162, 269728634
28, 262, 2482733596
28, 399, 474401911
28, 26, 336102544
28, 414, 29845159
28, 101, 71765738
28, 226, 87856819
28, 65, 71644792
28, 60, 1160424586
28, 107, 6748544
28, 91, 228378484
28, 217, 1810028902
28, 70, 1092105620
28, 160, 2028160460
28, 93, 132864360
28, 131, 675632535
28, 134, 165412
28, 328, 222622185
28, 263, 1160902236
28, 331, 1322652095
28, 378, 1082315393
28, 415, 63414567
28, 310, 382727708
28, 395, 76056416
28, 325, 100798724
28, 240, 68780
28, 146, 97040791
28, 113, 13107483
28, 64, 383202665
28, 49, 80886891
28, 354, 74264674
28, 203, 1323894184
28, 171, 475970010
28, 50, 2093484698
28, 90, 266793
28, 204, 307138
28, 27, 276288151
28, 199, 1134596
28, 386, 29446765
28, 212, 681196343
28, 297, 474682387
28, 96, 294693847
28, 149, 62318590
28, 333, 11951119
28, 423, 856762155
28, 136, 71966385
28, 80, 205625581
28, 246, 143642894
28, 281, 827181839
28, 396, 704085622
28, 313, 2417184382
28, 9, 259020805
28, 139, 616591
28, 211, 678987632
28, 350, 127480283
28, 387, 587906
28, 0, 1109621631
28, 192, 1085703876
28, 304, 164229
28, 360, 180599112
28, 314, 141696320
28, 443, 25347222
28, 166, 75199057
28, 207, 761950444
28, 412, 63129605
28, 260, 480720758
28, 86, 544715
28, 388, 834273168
28, 307, 35755939
28, 163, 1152392711
28, 122, 30390137
28, 231, 97470871
28, 339, 25346592
28, 186, 200557666
28, 28, 103068351
28, 127, 1997741310
28, 81, 944453356
28, 46, 835992910
28, 436, 257299960
28, 234, 2167174874
28, 194, 16738095
28, 257, 141320921
28, 294, 247032676
28, 362, 23515
28, 62, 822198872
28, 165, 2170386303
28, 410, 770948443
28, 85, 119415
28, 405, 591228590
28, 138, 87225704
28, 189, 21991
28, 135, 834968117
28, 170, 1996637188
28, 273, 11986250
28, 202, 796672074
28, 157, 827819980
28, 322, 760289643
28, 209, 83759954
28, 355, 25153853
28, 283, 16912385
28, 22, 26838133
28, 446, 273682445
28, 439, 30384892
28, 293, 770738037
28, 411, 489466655
28, 111, 661706848
28, 248, 828628038
28, 198, 61757868
28, 438, 27995494
28, 366, 289734469
28, 219, 489105439
28, 329, 17693
28, 280, 493824907
28, 270, 13815613
28, 75, 498044937
28, 98, 28572862
28, 279, 23367210
28, 57, 470931334
28, 336, 257211665
28, 413, 141265552
28, 128, 6650292
28, 420, 5147914
28, 16, 115425164
28, 20, 56512803
28, 353, 500312745
28, 110, 60960438
28, 167, 274055897
28, 431, 128361946
28, 266, 29932804
28, 311, 279788822
28, 277, 75326108
28, 320, 6869716
28, 361, 34883637
28, 168, 136414429
28, 432, 223278043
28, 197, 279276110
28, 351, 16004878
28, 285, 2418772748
28, 76, 222914638
28, 426, 95569712
28, 179, 136856487
28, 133, 16709454
28, 154, 493412618
28, 343, 315161484
28, 323, 116479637
28, 245, 931269823
28, 143, 176101
28, 82, 2290295793
28, 359, 17894
28, 97, 93272461
28, 40, 23763779
28, 268, 140131089
28, 152, 452048136
28, 222, 21957688
28, 24, 94143080
28, 428, 85932498
28, 205, 87306777
28, 156, 1064348866
28, 441, 34621185
28, 340, 299455768
28, 169, 279377136
28, 173, 87144
28, 8, 1151473790
28, 316, 79793292
28, 195, 594840
28, 74, 807698921
28, 224, 18129109
28, 424, 1131879796
28, 434, 35457922
28, 3, 18129109
28, 174, 47820
28, 221, 79665213
28, 178, 826056146
28, 145, 1812411635
28, 15, 24012790
28, 187, 29173490
28, 289, 289140422
28, 227, 2024309821
28, 200, 33422200
28, 421, 13227269
28, 376, 1993988229
28, 269, 13260783
28, 73, 221959397
28, 274, 822422815
28, 177, 680761268
28, 13, 279331577
28, 125, 137025181
28, 147, 474686657
28, 330, 80669701
28, 296, 205069725
28, 249, 59590114
28, 33, 56251576
28, 284, 295431058
28, 393, 894885
28, 184, 334911
28, 344, 238502639
28, 447, 3980206
28, 232, 705535001
28, 140, 1845061300
28, 10, 333288
28, 251, 135618157
28, 29, 29413753
28, 247, 705592789
28, 346, 96620965
28, 348, 138356484
28, 364, 299619298
28, 142, 80040530
28, 88, 487785272
28, 214, 451941598
28, 36, 24105619
28, 403, 461207883
28, 153, 478112240
28, 218, 18719715
28, 99, 816371762
28, 137, 498217321
28, 309, 334029
28, 115, 18558712
28, 14, 487965215
28, 271, 93072255
28, 92, 142269661
28, 103, 1806332266
28, 292, 15969927
28, 30, 469125424
28, 390, 11927906
28, 442, 11839417
28, 2, 23346499
28, 32, 91055379
28, 216, 21772585
28, 58, 1149324945
28, 416, 899808976
28, 225, 86403781
28, 299, 18133272
28, 77, 16978307
28, 252, 279058037
28, 306, 141788621
28, 43, 71506324
28, 373, 2483792185
28, 23, 88791039
28, 21, 6362112
28, 34, 138346701
28, 144, 2161918182
28, 25, 141807995
28, 37, 795728952
28, 326, 274717250
28, 391, 24271014
28, 121, 34714211
28, 206, 127252581
28, 54, 280095339
28, 255, 2092315304
28, 278, 70038254
28, 324, 5964694
28, 61, 142666995
28, 305, 33575719
28, 126, 27185262
28, 208, 824893620
28, 404, 676264881
28, 41, 702923476
28, 233, 488227984
28, 312, 1081054047
28, 116, 110738
28, 176, 1151846322
28, 409, 74225112
28, 429, 115609081
28, 102, 33629160
28, 182, 90294590
28, 31, 58853981
28, 308, 351011
28, 1, 86022765
28, 236, 91031939
28, 258, 2482790974
28, 215, 132917305
28, 406, 34652537
28, 349, 71121189
28, 123, 35122404
28, 256, 13226101
28, 120, 17733
28, 7, 2028863152
28, 191, 794197878
28, 402, 1934028261
28, 392, 127084833
28, 430, 833090465
28, 158, 30398136
28, 141, 35720162
28, 347, 313904964
28, 408, 115498370
28, 264, 273189413
28, 275, 486758190
28, 188, 1657184195
28, 94, 1060762174
28, 242, 2025143258
28, 397, 1640725789
28, 261, 1808207278
28, 12, 228522897
28, 302, 1090349765
28, 435, 2164651879
28, 356, 91845888
28, 66, 1149130789
28, 367, 2491560617
28, 180, 473782718
28, 181, 60462204
28, 337, 817866006
28, 117, 131409990
28, 229, 390433399
28, 84, 19990957
28, 100, 2144861111
28, 161, 62456772
28, 384, 2009901496
28, 105, 2738590
28, 210, 204751682
28, 38, 886751597
28, 69, 254777551
28, 357, 54805962
28, 253, 27639016
28, 196, 280048626
28, 124, 167826
28, 380, 163938
28, 159, 180319651
28, 201, 243398
28, 228, 69836275
28, 418, 205312050
28, 370, 142517551
28, 444, 2731967
28, 119, 2482278092
28, 164, 659638763
28, 368, 1641336573
28, 327, 590747688
28, 241, 1656663714
28, 190, 478775519
28, 48, 259749
28, 19, 469317375
28, 148, 1091790755
28, 47, 1642644940
28, 265, 486880612
28, 114, 27674706
28, 79, 2273259060
28, 417, 141754468
28, 282, 2023614748
28, 334, 75189578
28, 213, 674551291
28, 63, 62189129
28, 4, 26859710
28, 18, 94013180
28, 53, 222522028
28, 321, 658774374
28, 172, 6702217
28, 290, 220197070
28, 35, 279681312
28, 427, 67880651
28, 45, 1780625
28, 83, 1990888318
28, 95, 142471755
28, 42, 18065
28, 78, 140543252
28, 220, 18084450
28, 67, 2143899274
28, 440, 293459026
28, 150, 488298505
28, 300, 205054922
28, 51, 103254325
28, 39, 264481871
28, 108, 401618607
28, 317, 17459453
28, 437, 315473847
28, 89, 487610445
28, 130, 26887986
28, 342, 132365260
28, 369, 257601310
28, 365, 6635471
28, 72, 69018618
28, 301, 459611360
29, 91, 4805643
29, 64, 373965
29, 108, 10383482
29, 28, 900868
29, 2, 4473238
29, 37, 10364145
29, 19, 1787047
29, 120, 13611333
29, 18, 2702511
29, 49, 9954604
29, 101, 775701
29, 16, 62512722
29, 86, 770822
29, 79, 26677408
29, 74, 9226893
29, 45, 2097692
29, 0, 4280003
29, 119, 4320579
29, 5, 3832521
29, 103, 25897951
29, 114, 4457349
29, 23, 361862
29, 21, 1828314
29, 48, 32074787
29, 43, 61005501
29, 96, 3804137
29, 57, 896820
29, 31, 4415249
29, 121, 4306714
29, 109, 4632578
29, 22, 2904321
29, 116, 3811180
29, 73, 31609280
29, 14, 8280621
29, 92, 2316033
29, 95, 9834487
29, 75, 27370224
29, 102, 4084626
29, 87, 30307639
29, 17, 24870865
29, 97, 11043035
29, 89, 3275481
29, 52, 8282293
29, 20, 4285905
29, 42, 13720609
29, 68, 3789660
29, 9, 3767318
29, 128, 4280155
29, 60, 594109
29, 81, 26702446
29, 38, 12312987
29, 127, 4437219
29, 112, 759661
29, 39, 60974174
29, 59, 3864511
29, 117, 4325850
29, 123, 5675592
29, 98, 8506075
29, 111, 16514452
29, 62, 3739495
29, 41, 20444737
29, 115, 5661727
29, 12, 90300
29, 4, 2496994
29, 65, 8515542
29, 29, 28296210
29, 71, 140335
29, 61, 27379041
29, 25, 245933
29, 27, 33022433
29, 36, 20525219
29, 85, 1966165
29, 46, 27226253
29, 80, 3125469
29, 34, 2489440
29, 105, 4251630
29, 40, 2339718
29, 55, 2318758
29, 47, 1242942
29, 84, 3855493
29, 94, 1329886
29, 26, 31558636
29, 69, 11868279
29, 67, 1808868
29, 15, 2683476
29, 10, 60997598
29, 88, 21496408
29, 6, 2498828
29, 107, 2594067
29, 53, 11475469
29, 32, 3844062
29, 82, 568882
29, 129, 31978628
29, 72, 20443835
29, 76, 2899202
29, 78, 4242683
29, 13, 29648005
29, 113, 4395080
29, 106, 8438368
29, 44, 24862671
29, 56, 27262301
29, 90, 8510353
29, 3, 2692863
29, 7, 3065325
29, 58, 916857
29, 63, 2856802
29, 125, 59623440
29, 30, 60987209
29, 66, 11078922
29, 77, 2626448
29, 122, 358165
29, 104, 60925562
29, 24, 18484995
29, 118, 2887180
29, 99, 8560036
29, 126, 4709853
29, 11, 11925628
29, 110, 2755191
29, 83, 2085238
29, 93, 31498301
29, 70, 4466565
29, 124, 17323
29, 50, 135936
29, 100, 673930
29, 33, 3829695
29, 35, 3267877
29, 8, 21480070
29, 1, 9854615
29, 54, 11213305
29, 51, 1371914
30, 100, 6494966
30, 106, 2591592
30, 50, 2150732
30, 27, 6292965
30, 101, 2354807
30, 61, 1563154
30, 44, 12453
30, 57, 1541034
30, 109, 2931674
30, 76, 76804
30, 41, 1805322
30, 55, 46648
30, 69, 1851849
30, 14, 2458441
30, 96, 6394427
30, 18, 990717
30, 32, 4645873
30, 86, 2659743
30, 75, 683578
30, 31, 2995554
30, 73, 5288834
30, 80, 5240102
30, 62, 304563
30, 4, 15908190
30, 108, 3174371
30, 60, 2054691
30, 83, 20010759
30, 49, 968905
30, 112, 2140723
30, 0, 9243895
30, 25, 4935529
30, 47, 1483516
30, 58, 2412896
30, 110, 9230299
30, 67, 33974
30, 9, 1657853
30, 7, 1003791
30, 97, 4885103
30, 68, 2971448
30, 94, 5092263
30, 12, 6295761
30, 17, 2426421
30, 111, 3083589
30, 5, 2137938
30, 37, 2437612
30, 79, 2472277
30, 39, 2592695
30, 35, 337576
30, 102, 4897056
30, 3, 1456884
30, 23, 957023
30, 20, 357333
30, 87, 1549629
30, 66, 375036
30, 8, 1817655
30, 82, 4236661
30, 38, 11080
30, 89, 664562
30, 28, 5891580
30, 26, 2137297
30, 78, 182754
30, 104, 1290853
30, 6, 1257600
30, 91, 5055124
30, 54, 1629449
30, 29, 2421352
30, 59, 147378
30, 40, 1389056
30, 77, 11806402
30, 72, 1395719
30, 74, 9918275
30, 63, 1249985
30, 21, 1510005
30, 16, 1847681
30, 45, 2138660
30, 43, 1625873
30, 93, 5929912
30, 15, 1237661
30, 51, 19736913
30, 10, 19863093
30, 19, 2137166
30, 84, 1474387
30, 11, 3044506
30, 70, 5900075
30, 65, 142047
30, 46, 5883073
30, 85, 11785623
30, 48, 2536338
30, 71, 5071604
30, 53, 5205227
30, 33, 1592060
30, 107, 5169529
30, 52, 2534475
30, 24, 2468100
30, 2, 1638857
30, 92, 11460070
30, 99, 1112226
30, 22, 1489587
30, 90, 33273
30, 34, 46638
30, 30, 10356782
30, 36, 475906
30, 88, 144893
30, 113, 1824096
30, 105, 4991864
30, 1, 3006945
30, 64, 1314697
30, 95, 2131045
30, 98, 47269
30, 103, 2981999
30, 81, 3062981
30, 13, 9839
30, 42, 1780674
30, 56, 5900536
31, 37, 1108048
31, 10, 59122
31, 14, 1236019
31, 63, 2651105
31, 28, 2122649
31, 74, 369235
31, 22, 1260274
31, 85, 945862
31, 54, 2066323
31, 89, 415472
31, 13, 1540282
31, 19, 997319
31, 97, 2033431
31, 100, 2078165
31, 57, 1539480
31, 66, 8744694
31, 55, 1193268
31, 108, 1290441
31, 72, 1870724
31, 84, 1542486
31, 106, 7887580
31, 71, 2434527
31, 81, 912389
31, 40, 2172584
31, 103, 1431467
31, 111, 2057326
31, 56, 1212364
31, 7, 82625
31, 101, 2440197
31, 52, 2106419
31, 65, 1043967
31, 2, 568932
31, 62, 8752419
31, 73, 2515338
31, 49, 2542960
31, 50, 597556
31, 93, 2062355
31, 104, 3332188
31, 21, 2119723
31, 46, 2447461
31, 11, 1033417
31, 36, 8838662
31, 26, 1476983
31, 91, 1012247
31, 75, 350961
31, 5, 2039282
31, 4, 3197664
31, 25, 1153834
31, 69, 1392744
31, 77, 1988016
31, 96, 2058859
31, 48, 1682019
31, 105, 560295
31, 102, 948387
31, 107, 1539731
31, 45, 3248309
31, 15, 4367158
31, 34, 3176935
31, 59, 2801187
31, 95, 2089557
31, 78, 2989512
31, 92, 1057172
31, 9, 1754946
31, 12, 2455125
31, 98, 1994948
31, 110, 1192667
31, 17, 2795065
31, 42, 301067
31, 94, 8875040
31, 82, 8709398
31, 20, 2980936
31, 43, 874177
31, 112, 1254363
31, 0, 2562719
31, 27, 1871275
31, 29, 875890
31, 68, 828520
31, 64, 1583093
31, 60, 1242170
31, 47, 2920222
31, 83, 10380
31, 80, 850241
31, 44, 2073637
31, 32, 3342267
31, 99, 2182411
31, 6, 2515970
31, 87, 2778565
31, 33, 2774187
31, 51, 817270
31, 38, 2197180
31, 3, 16792
31, 113, 1086868
31, 16, 2866972
31, 18, 2287710
31, 109, 2961760
31, 41, 2494370
31, 67, 1972927
31, 35, 8737501
31, 70, 898043
31, 30, 628034
31, 86, 3498703
31, 76, 1193408
31, 39, 1470020
31, 53, 2901547
31, 58, 2803272
31, 79, 1369190
31, 61, 4293188
31, 24, 902931
31, 1, 2901236
31, 23, 1046912
31, 8, 903933
31, 90, 73789
31, 88, 1611065
31, 31, 1953791
32, 136, 10067025
32, 160, 71194
32, 197, 30830876
32, 65, 1171036
32, 92, 14971596
32, 138, 3270772
32, 173, 8869670
32, 124, 19947771
32, 129, 18696133
32, 115, 62709
32, 114, 8112393
32, 204, 23903443
32, 66, 1258641
32, 222, 38823
32, 17, 20876452
32, 171, 20052909
32, 199, 5994333
32, 36, 30387530
32, 60, 8543726
32, 130, 10273675
32, 214, 23836287
32, 234, 4161672
32, 25, 19742164
32, 126, 14930989
32, 30, 18666957
32, 61, 3871775
32, 107, 7033162
32, 175, 8370009
32, 7, 27743757
32, 205, 9424656
32, 146, 4124410
32, 166, 489172
32, 239, 8249364
32, 224, 16000
32, 183, 41421366
32, 28, 8438127
32, 232, 9040914
32, 8, 15317117
32, 5, 8628355
32, 37, 4330127
32, 243, 29650472
32, 70, 15286549
32, 141, 2898220
32, 0, 20890626
32, 192, 3199007
32, 34, 9944805
32, 228, 9138829
32, 191, 31098127
32, 64, 8247298
32, 139, 7286247
32, 187, 31917643
32, 84, 8897633
32, 210, 2841934
32, 172, 1948711
32, 31, 1239596
32, 220, 1170505
32, 41, 3102585
32, 215, 4535727
32, 3, 39271115
32, 101, 10460629
32, 35, 10176772
32, 167, 1982745
32, 229, 20659071
32, 176, 3965882
32, 153, 15294947
32, 111, 15315995
32, 51, 7971848
32, 236, 43642
32, 119, 8838701
32, 67, 31225349
32, 131, 1100022
32, 50, 9211284
32, 46, 21774183
32, 78, 30840251
32, 230, 8824746
32, 178, 12072275
32, 202, 12544
32, 150, 6005504
32, 213, 27767844
32, 225, 3625681
32, 200, 11990641
32, 201, 10028092
32, 12, 243418
32, 174, 18664382
32, 188, 3528928
32, 193, 3038715
32, 81, 72857
32, 235, 20633424
32, 227, 234332
32, 219, 40183275
32, 113, 4757553
32, 40, 4756451
32, 79, 11168190
32, 211, 2975616
32, 203, 18865282
32, 240, 7391355
32, 57, 4341018
32, 122, 9294460
32, 206, 5357273
32, 134, 15266090
32, 87, 14883642
32, 177, 30638742
32, 29, 9180948
32, 43, 8754423
32, 73, 3793317
32, 112, 4866849
32, 45, 10065393
32, 117, 1659106
32, 74, 8256945
32, 143, 270649
32, 89, 23709840
32, 44, 9287087
32, 163, 7309230
32, 11, 4517240
32, 94, 9195664
32, 13, 21991052
32, 155, 19860497
32, 237, 330573
32, 149, 7204484
32, 132, 5448987
32, 208, 10191330
32, 120, 37681
32, 102, 6917442
32, 185, 8491788
32, 238, 30732139
32, 142, 155943
32, 82, 4895923
32, 216, 3277806
32, 184, 11263930
32, 48, 15054542
32, 118, 29608974
32, 207, 9891184
32, 223, 8667219
32, 103, 18661719
32, 144, 40753429
32, 159, 15116258
32, 162, 8842910
32, 72, 27681182
32, 58, 19776608
32, 21, 8454949
32, 86, 4445255
32, 24, 30768126
32, 83, 18658293
32, 145, 7357702
32, 49, 14187
32, 63, 4146091
32, 165, 15167505
32, 10, 8624760
32, 53, 3124056
32, 195, 8629497
32, 104, 4338754
32, 110, 20943617
32, 180, 16518652
32, 212, 7172162
32, 108, 20582928
32, 168, 15080271
32, 54, 358535
32, 179, 12033962
32, 22, 217129
32, 26, 8139684
32, 80, 2869436
32, 99, 484543
32, 148, 15108085
32, 96, 11219416
32, 189, 1842000
32, 33, 9991624
32, 152, 8746871
32, 23, 18736699
32, 4, 8197845
32, 158, 5556007
32, 241, 18668503
32, 140, 18615120
32, 98, 29531147
32, 161, 9764175
32, 97, 9373109
32, 186, 29646003
32, 242, 3988234
32, 194, 18582189
32, 170, 18857847
32, 88, 8247097
32, 95, 27660242
32, 231, 27665633
32, 62, 20120345
32, 38, 12116028
32, 190, 18734295
32, 1, 31676368
32, 59, 9799522
32, 109, 3949811
32, 15, 3610282
32, 133, 7984823
32, 100, 7011681
32, 55, 155653
32, 91, 7206437
32, 151, 30787983
32, 105, 4783623
32, 137, 18829153
32, 77, 20068610
32, 156, 18496016
32, 135, 4751542
32, 20, 9403766
32, 218, 10077047
32, 127, 4738227
32, 56, 9824719
32, 71, 30536300
32, 16, 1206683
32, 85, 10075372
32, 226, 16192226
32, 182, 7089939
32, 32, 15295787
32, 169, 6041672
32, 209, 804816
32, 116, 2942934
32, 19, 29578205
32, 42, 19842081
32, 9, 5569272
32, 47, 7108414
32, 106, 7291847
32, 2, 358115
32, 198, 30653341
32, 128, 39354
32, 147, 4370524
32, 196, 4151120
32, 181, 5417577
32, 90, 3205630
32, 121, 18619708
32, 39, 9083524
32, 68, 6016495
32, 233, 9650862
32, 157, 8418930
32, 221, 8252740
32, 125, 31823615
32, 18, 4910272
32, 75, 7034042
32, 123, 3880972
32, 27, 8929603
32, 52, 8734395
32, 217, 20093407
32, 93, 30707904
32, 164, 15066044
32, 154, 10190800
32, 69, 7067865
32, 6, 1269782
32, 76, 30920564
32, 14, 9343373
33, 8, 51397
33, 12, 9087
33, 2, 74090
33, 10, 93816
33, 6, 10470
33, 0, 346292
33, 1, 91643
33, 3, 78427
33, 7, 32922
33, 11, 80341
33, 4, 176934
33, 9, 369166
33, 5, 356742
34, 13, 1658985
34, 97, 217650
34, 18, 2482758
34, 100, 5740064
34, 67, 2440288
34, 78, 2410953
34, 77, 59242
34, 88, 5575114
34, 34, 1198788
34, 61, 1234276
34, 83, 8316
34, 36, 5425802
34, 40, 5958696
34, 54, 198835
34, 53, 12143627
34, 14, 2537610
34, 26, 4222677
34, 59, 2407206
34, 6, 2364144
34, 3, 5598808
34, 89, 2615568
34, 80, 4818107
34, 50, 2796008
34, 84, 628634
34, 75, 2604567
34, 30, 1293617
34, 16, 1440374
34, 51, 2308198
34, 39, 2809653
34, 9, 4894372
34, 90, 2401144
34, 11, 2668357
34, 4, 5925784
34, 21, 2216616
34, 92, 2436880
34, 2, 2032710
34, 23, 8776
34, 48, 2556476
34, 86, 593448
34, 81, 10980086
34, 32, 2810306
34, 33, 11200111
34, 55, 2578437
34, 19, 2560334
34, 63, 2558560
34, 94, 2459444
34, 42, 5585884
34, 7, 544175
34, 87, 542512
34, 41, 1581960
34, 95, 2546397
34, 45, 149762
34, 56, 379585
34, 10, 9187
34, 73, 379966
34, 44, 1283398
34, 98, 116299
34, 101, 2648691
34, 70, 11113006
34, 27, 495895
34, 37, 4829598
34, 58, 1451374
34, 57, 2384201
34, 72, 2547218
34, 17, 5409291
34, 82, 2830503
34, 38, 4274275
34, 79, 477279
34, 1, 2818309
34, 8, 2576884
34, 29, 2542430
34, 66, 5453554
34, 74, 2679699
34, 91, 2674989
34, 25, 11499124
34, 46, 1377605
34, 71, 5464267
34, 47, 11082489
34, 28, 2591172
34, 49, 8548395
34, 65, 8557
34, 60, 834141
34, 96, 5516393
34, 52, 11231
34, 31, 1751860
34, 76, 77085
34, 99, 3587440
34, 12, 2539454
34, 15, 2454193
34, 62, 2976578
34, 5, 1439361
34, 102, 2387458
34, 35, 2459303
34, 43, 11090214
34, 0, 2529886
34, 93, 2998499
34, 64, 2546668
34, 68, 1273189
34, 24, 2540907
34, 69, 2534124
34, 85, 187343
34, 20, 2047197
34, 22, 1777850
